{"is_source_file": false, "format": "", "description": "", "external_files": [], "external_methods": [], "published": [], "classes": [], "methods": [], "calls": [], "search-terms": [], "state": 2, "file_id": 93, "knowledge_revision": 500, "git_revision": "4688fec4b5e2016319311d0df46d4e2464b7624b", "revision_history": [{"366": "7f89aabd1647f218744f20152fa1a8ca9f3b0e02"}, {"490": "4df64072ecff4147ced1d3bd08d6f9db6d098f5b"}, {"500": "4688fec4b5e2016319311d0df46d4e2464b7624b"}], "hash": "7dea70ab77475864f1a81d25300b1698", "format-version": 4, "code-base-name": "frontend_user_website", "filename": "assets/supabase.md"}