{"is_source_file": false, "format": "", "description": "", "external_files": [], "external_methods": [], "published": [], "classes": [], "methods": [], "calls": [], "search-terms": [], "state": 2, "file_id": 93, "knowledge_revision": 366, "git_revision": "7f89aabd1647f218744f20152fa1a8ca9f3b0e02", "hash": "008ecfb4de76945ce39ad62b2b916613", "format-version": 4, "code-base-name": "frontend_user_website", "filename": "assets/supabase.md", "revision_history": [{"366": "7f89aabd1647f218744f20152fa1a8ca9f3b0e02"}]}