{"is_source_file": true, "format": "markdown", "description": "This file is a Markdown documentation and configuration description for the Supabase backend used in the RoadRescue QuickAssist platform. It details the architecture, environment variables, database schema, RLS policies, triggers, indexes, and Supabase configuration steps, with no executable code or source code segments present.", "external_files": [], "external_methods": [], "published": [], "classes": [], "methods": [], "calls": [], "search-terms": ["Supabase", "RLS policies", "requests table", "mechanic_profiles", "access control", "database schema", "triggers", "indexes", "environment variables", "auth roles", "column defaults", "index", "platform architecture", "admin API roles", "requests status lifecycle"], "state": 2, "file_id": 93, "knowledge_revision": 407, "git_revision": "d53302c93cf617bbb8774927bbb9d0dd7c55ecaa", "revision_history": [{"366": "7f89aabd1647f218744f20152fa1a8ca9f3b0e02"}, {"389": "7f89aabd1647f218744f20152fa1a8ca9f3b0e02"}, {"390": "0b3454c020402a76cfe02b9cf100b14d5fa04135"}, {"391": "0b3454c020402a76cfe02b9cf100b14d5fa04135"}, {"399": "38508ed5678edde7df2cfbfbff45061b7786b9bf"}, {"400": "38508ed5678edde7df2cfbfbff45061b7786b9bf"}, {"401": "f5e6a973e3e418c6b6cd56ee5dc491cbad3d4edf"}, {"402": "f5e6a973e3e418c6b6cd56ee5dc491cbad3d4edf"}, {"403": "f5e6a973e3e418c6b6cd56ee5dc491cbad3d4edf"}, {"404": "f5e6a973e3e418c6b6cd56ee5dc491cbad3d4edf"}, {"406": "c5b56068f67749debec6fd9f74a1d118db2a6158"}, {"407": "d53302c93cf617bbb8774927bbb9d0dd7c55ecaa"}], "hash": "1ac24d8d7f78742fc14d98e9d303b564", "format-version": 4, "code-base-name": "frontend_user_website", "filename": "assets/supabase.md"}