{"is_source_file": false, "format": "", "description": "", "external_files": [], "external_methods": [], "published": [], "classes": [], "methods": [], "calls": [], "search-terms": [], "state": 2, "file_id": 93, "knowledge_revision": 503, "git_revision": "a5ca0ae0caf4627deb85cb5c6ef9ab6eb2d5b760", "revision_history": [{"366": "7f89aabd1647f218744f20152fa1a8ca9f3b0e02"}, {"490": "4df64072ecff4147ced1d3bd08d6f9db6d098f5b"}, {"500": "4688fec4b5e2016319311d0df46d4e2464b7624b"}, {"503": "a5ca0ae0caf4627deb85cb5c6ef9ab6eb2d5b760"}], "hash": "90bb916deee1fc8cd65431a7765a218b", "format-version": 4, "code-base-name": "frontend_user_website", "filename": "assets/supabase.md"}