{"is_source_file": false, "format": "", "description": "", "external_files": [], "external_methods": [], "published": [], "classes": [], "methods": [], "calls": [], "search-terms": [], "state": 2, "file_id": 93, "knowledge_revision": 448, "git_revision": "7066161a9c2ce915109ac9413e83d53395dd4a5b", "revision_history": [{"366": "7f89aabd1647f218744f20152fa1a8ca9f3b0e02"}, {"448": "7066161a9c2ce915109ac9413e83d53395dd4a5b"}], "hash": "f15f005bd98a7c251208343f8bdedfbf", "format-version": 4, "code-base-name": "frontend_user_website", "filename": "assets/supabase.md"}