{"is_source_file": false, "format": "", "description": "", "external_files": [], "external_methods": [], "published": [], "classes": [], "methods": [], "calls": [], "search-terms": [], "state": 2, "file_id": 93, "knowledge_revision": 490, "git_revision": "4df64072ecff4147ced1d3bd08d6f9db6d098f5b", "revision_history": [{"366": "7f89aabd1647f218744f20152fa1a8ca9f3b0e02"}, {"490": "4df64072ecff4147ced1d3bd08d6f9db6d098f5b"}], "hash": "bfbf2733526548a10c01f4fa82dcf947", "format-version": 4, "code-base-name": "frontend_user_website", "filename": "assets/supabase.md"}