{"is_source_file": true, "format": "JavaScript", "description": "React component that provides a demo interface for sending SMS via Twilio API, mainly for demonstration purposes with security warnings noted in comments.", "external_files": ["../ui/Card", "../ui/Input", "../ui/Button"], "external_methods": ["React", "useMemo", "useState"], "published": ["TwilioSmsDemoCard"], "classes": [], "methods": [{"name": "getEnvFirst(...names)", "description": "Helper function to retrieve environment variables from process.env with prioritization.", "scope": "", "scopeKind": ""}, {"name": "getTwilioConfig()", "description": "Retrieves necessary Twilio configuration from environment variables, supporting multiple naming conventions.", "scope": "", "scopeKind": ""}, {"name": "isLikelyE164(phone)", "description": "Minimal validation to check if a phone number looks like an E.164 phone number format.", "scope": "", "scopeKind": ""}, {"name": "parseTwilioError(response)", "description": "Processes error responses from Twilio API, extracting meaningful messages.", "scope": "", "scopeKind": ""}, {"name": "TwilioSmsDemoCard({ title = \"SMS Demo\", defaultTo = \"\" })", "scope": "", "scopeKind": "", "description": "unavailable"}], "calls": ["getEnvFirst", "getTwilioConfig", "isLikelyE164", "parseTwilioError", "fetch"], "search-terms": ["TwilioSmsDemoCard", "Twilio", "demo", "SMS", "React component", "send SMS", "environment variables", "fetch API", "Twilio error handling"], "state": 2, "file_id": 77, "knowledge_revision": 503, "git_revision": "40fbc15814f3eb78e86fa58f45962c80516c6a2f", "revision_history": [{"360": "0c3d79b311925402e0dd354a955e3011ebb3a8e0"}, {"494": "fe63037cb13ed9778021272beaaedbedfeec96f2"}, {"503": "40fbc15814f3eb78e86fa58f45962c80516c6a2f"}], "ctags": [{"_type": "tag", "name": "TwilioSmsDemoCard", "path": "/home/kavia/workspace/code-generation/roadrescue-quickassist-platform-41193-41202/frontend_user_website/src/components/demo/TwilioSmsDemoCard.js", "pattern": "/^export function TwilioSmsDemoCard({ title = \"SMS Demo\", defaultTo = \"\" }) {$/", "language": "JavaScript", "kind": "function", "signature": "({ title = \"SMS Demo\", defaultTo = \"\" })"}, {"_type": "tag", "name": "getEnvFirst", "path": "/home/kavia/workspace/code-generation/roadrescue-quickassist-platform-41193-41202/frontend_user_website/src/components/demo/TwilioSmsDemoCard.js", "pattern": "/^function getEnvFirst(...names) {$/", "language": "JavaScript", "kind": "function", "signature": "(...names)"}, {"_type": "tag", "name": "getTwilioConfig", "path": "/home/kavia/workspace/code-generation/roadrescue-quickassist-platform-41193-41202/frontend_user_website/src/components/demo/TwilioSmsDemoCard.js", "pattern": "/^function getTwilioConfig() {$/", "language": "JavaScript", "kind": "function", "signature": "()"}, {"_type": "tag", "name": "isLikelyE164", "path": "/home/kavia/workspace/code-generation/roadrescue-quickassist-platform-41193-41202/frontend_user_website/src/components/demo/TwilioSmsDemoCard.js", "pattern": "/^function isLikelyE164(phone) {$/", "language": "JavaScript", "kind": "function", "signature": "(phone)"}, {"_type": "tag", "name": "loading", "path": "/home/kavia/workspace/code-generation/roadrescue-quickassist-platform-41193-41202/frontend_user_website/src/components/demo/TwilioSmsDemoCard.js", "pattern": "/^          disabled={loading}$/", "language": "JavaScript", "kind": "field", "scope": "disabled", "scopeKind": "class"}, {"_type": "tag", "name": "parseTwilioError", "path": "/home/kavia/workspace/code-generation/roadrescue-quickassist-platform-41193-41202/frontend_user_website/src/components/demo/TwilioSmsDemoCard.js", "pattern": "/^async function parseTwilioError(response) {$/", "language": "JavaScript", "kind": "function", "signature": "(response)"}, {"_type": "tag", "name": "title", "path": "/home/kavia/workspace/code-generation/roadrescue-quickassist-platform-41193-41202/frontend_user_website/src/components/demo/TwilioSmsDemoCard.js", "pattern": "/^    <Card title={title} subtitle=\"Demo-only: Simulates \u2018Mechanic accepts job\u2019 by sending an /", "language": "JavaScript", "kind": "field", "scope": "TwilioSmsDemoCard.AnonymousClassc65cc0a00101", "scopeKind": "class"}], "hash": "ebea4d3f686525cf17ca47bd0b807c30", "format-version": 4, "code-base-name": "frontend_user_website", "filename": "frontend_user_website/src/components/demo/TwilioSmsDemoCard.js", "fields": [{"name": "disabled={loading}", "scope": "disabled", "scopeKind": "class", "description": "unavailable"}, {"name": "<Card title={title} subtitle=\"Demo-only: Simulates \u2018Mechanic accepts job\u2019 by sending an /", "scope": "TwilioSmsDemoCard.AnonymousClassc65cc0a00101", "scopeKind": "class", "description": "unavailable"}]}