{"is_source_file": true, "format": "JavaScript", "description": "This file is a configuration module for a React application, providing build-time environment variable handling for app-specific configuration such as URLs and keys related to Supabase, with utility functions for environment variable validation and JWT decoding.", "external_files": ["process.env", "atob"], "external_methods": ["process.env[name]", "String()", "atob()"], "published": ["appConfig"], "classes": [], "methods": [{"name": "getRequiredEnv(name)", "description": "Retrieves a required environment variable by name and trims whitespace.", "scope": "", "scopeKind": ""}, {"name": "getFirstNonEmptyEnv(names)", "description": "Iterates over a list of environment variable names and returns the first non-empty value.", "scope": "", "scopeKind": ""}, {"name": "safeDecodeJwtPayload(jwt)", "description": "Decodes the payload of a JWT token safely, returning the payload object or null.", "scope": "", "scopeKind": ""}, {"name": "isLikelySupabaseAnonKey(key)", "description": "Checks if a given key string is likely a valid Supabase anonymous key based on its JWT structure.", "scope": "", "scopeKind": ""}, {"name": "pickSupabaseAnonKey()", "description": "Selects the appropriate Supabase anon key, preferring environment variables and validating structure.", "scope": "", "scopeKind": ""}], "calls": ["getRequiredEnv(\"REACT_APP_SUPABASE_URL\")", "getRequiredEnv(\"REACT_APP_SUPABASE_ANON_KEY\")", "getRequiredEnv(\"REACT_APP_SUPABASE_KEY\")", "safeDecodeJwtPayload(key)", "Number(raw)"], "search-terms": ["appConfig", "REACT_APP_SUPABASE_URL", "React environment variables", "JWT payload decode", "supabaseAnonKey"], "state": 2, "file_id": 97, "knowledge_revision": 513, "git_revision": "77804b9e59df6fc419955dfd61afeb8d09976c77", "revision_history": [{"423": "adddec63496c05acbad8f707fc07bd60b2d8ca52"}, {"428": "adddec63496c05acbad8f707fc07bd60b2d8ca52"}, {"442": "fe63037cb13ed9778021272beaaedbedfeec96f2"}, {"500": "7066161a9c2ce915109ac9413e83d53395dd4a5b"}, {"513": "77804b9e59df6fc419955dfd61afeb8d09976c77"}], "ctags": [{"_type": "tag", "name": "appConfig", "path": "/home/kavia/workspace/code-generation/roadrescue-quickassist-platform-41193-41202/frontend_user_website/src/config/appConfig.js", "pattern": "/^export const appConfig = {$/", "language": "JavaScript", "kind": "class"}, {"_type": "tag", "name": "bootTimeoutMs", "path": "/home/kavia/workspace/code-generation/roadrescue-quickassist-platform-41193-41202/frontend_user_website/src/config/appConfig.js", "pattern": "/^  bootTimeoutMs: (() => {$/", "language": "JavaScript", "kind": "property", "scope": "appConfig", "scopeKind": "class"}, {"_type": "tag", "name": "getFirstNonEmptyEnv", "path": "/home/kavia/workspace/code-generation/roadrescue-quickassist-platform-41193-41202/frontend_user_website/src/config/appConfig.js", "pattern": "/^function getFirstNonEmptyEnv(names) {$/", "language": "JavaScript", "kind": "function", "signature": "(names)"}, {"_type": "tag", "name": "getRequiredEnv", "path": "/home/kavia/workspace/code-generation/roadrescue-quickassist-platform-41193-41202/frontend_user_website/src/config/appConfig.js", "pattern": "/^function getRequiredEnv(name) {$/", "language": "JavaScript", "kind": "function", "signature": "(name)"}, {"_type": "tag", "name": "isLikelySupabaseAnonKey", "path": "/home/kavia/workspace/code-generation/roadrescue-quickassist-platform-41193-41202/frontend_user_website/src/config/appConfig.js", "pattern": "/^function isLikelySupabaseAnonKey(key) {$/", "language": "JavaScript", "kind": "function", "signature": "(key)"}, {"_type": "tag", "name": "pickSupabaseAnonKey", "path": "/home/kavia/workspace/code-generation/roadrescue-quickassist-platform-41193-41202/frontend_user_website/src/config/appConfig.js", "pattern": "/^function pickSupabaseAnonKey() {$/", "language": "JavaScript", "kind": "function", "signature": "()"}, {"_type": "tag", "name": "safeDecodeJwtPayload", "path": "/home/kavia/workspace/code-generation/roadrescue-quickassist-platform-41193-41202/frontend_user_website/src/config/appConfig.js", "pattern": "/^function safeDecodeJwtPayload(jwt) {$/", "language": "JavaScript", "kind": "function", "signature": "(jwt)"}, {"_type": "tag", "name": "supabaseAnonKey", "path": "/home/kavia/workspace/code-generation/roadrescue-quickassist-platform-41193-41202/frontend_user_website/src/config/appConfig.js", "pattern": "/^  supabaseAnonKey: pickSupabaseAnonKey(),$/", "language": "JavaScript", "kind": "property", "scope": "appConfig", "scopeKind": "class"}, {"_type": "tag", "name": "supabaseUrl", "path": "/home/kavia/workspace/code-generation/roadrescue-quickassist-platform-41193-41202/frontend_user_website/src/config/appConfig.js", "pattern": "/^  supabaseUrl: getRequiredEnv(\"REACT_APP_SUPABASE_URL\"),$/", "language": "JavaScript", "kind": "property", "scope": "appConfig", "scopeKind": "class"}], "hash": "3fab43bc675cc1415f0389f3dae60e08", "format-version": 4, "code-base-name": "frontend_user_website", "filename": "frontend_user_website/src/config/appConfig.js", "fields": [{"name": "bootTimeoutMs: (() => {", "scope": "appConfig", "scopeKind": "class", "description": "unavailable"}, {"name": "supabaseAnonKey: pickSupabaseAnonKey(),", "scope": "appConfig", "scopeKind": "class", "description": "unavailable"}, {"name": "supabaseUrl: getRequiredEnv(\"REACT_APP_SUPABASE_URL\"),", "scope": "appConfig", "scopeKind": "class", "description": "unavailable"}]}