{"is_source_file": true, "format": "JavaScript (React.js JSX)", "description": "Source file for the HowItWorksPage component, which is a React functional component rendering a marketing informational page with sections like hero, flow steps, FAQ, and call-to-action buttons for a roadside assistance platform.", "external_files": ["../components/ui/Card", "../components/ui/Button", "../components/ui/Container", "../context/AuthContext", "react", "react-router-dom"], "external_methods": ["useNavigate", "useAuth"], "published": ["HowItWorksPage"], "classes": [], "methods": [{"name": "FlowStep({ n, icon, title, subtitle, bullets })", "description": "A functional component that renders a step in the flow process with icon, title, subtitle, and bullets.", "scope": "", "scopeKind": ""}, {"name": "FaqItem({ q, a, open, onToggle, id })", "description": "A functional component representing a single FAQ item with toggle functionality to show or hide the answer.", "scope": "", "scopeKind": ""}, {"name": "HowItWorksPage()", "description": "Main component exporting the page that displays flow steps, FAQ, and call-to-action sections for the roadside assistance platform.", "scope": "", "scopeKind": ""}], "calls": ["useNavigate()", "useAuth()", "navigate()"], "search-terms": ["HowItWorksPage", "FlowStep", "FaqItem", "roadrescue", "quickassist", "UI-only", "react-router-dom", "AuthContext"], "state": 2, "file_id": 109, "knowledge_revision": 566, "git_revision": "e3932056a33468e189c82262e3518ef361ffdecb", "revision_history": [{"536": "9460f7d0c136032955309efdf7db8099b0ca36a0"}, {"546": "e3932056a33468e189c82262e3518ef361ffdecb"}, {"566": "e3932056a33468e189c82262e3518ef361ffdecb"}], "ctags": [{"_type": "tag", "name": " ${title}", "path": "/home/kavia/workspace/code-generation/roadrescue-quickassist-platform-41193-41202/frontend_user_website/src/pages/HowItWorksPage.js", "pattern": "/^      title={`${n}. ${title}`}$/", "language": "JavaScript", "kind": "field", "scope": "FlowStep.title.${n}", "scopeKind": "class"}, {"_type": "tag", "name": "1", "path": "/home/kavia/workspace/code-generation/roadrescue-quickassist-platform-41193-41202/frontend_user_website/src/pages/HowItWorksPage.js", "pattern": "/^              n={1}$/", "language": "JavaScript", "kind": "field", "scope": "n", "scopeKind": "class"}, {"_type": "tag", "name": "2", "path": "/home/kavia/workspace/code-generation/roadrescue-quickassist-platform-41193-41202/frontend_user_website/src/pages/HowItWorksPage.js", "pattern": "/^              n={2}$/", "language": "JavaScript", "kind": "field", "scope": "n", "scopeKind": "class"}, {"_type": "tag", "name": "3", "path": "/home/kavia/workspace/code-generation/roadrescue-quickassist-platform-41193-41202/frontend_user_website/src/pages/HowItWorksPage.js", "pattern": "/^              n={3}$/", "language": "JavaScript", "kind": "field", "scope": "n", "scopeKind": "class"}, {"_type": "tag", "name": "4", "path": "/home/kavia/workspace/code-generation/roadrescue-quickassist-platform-41193-41202/frontend_user_website/src/pages/HowItWorksPage.js", "pattern": "/^              n={4}$/", "language": "JavaScript", "kind": "field", "scope": "n", "scopeKind": "class"}, {"_type": "tag", "name": "FaqItem", "path": "/home/kavia/workspace/code-generation/roadrescue-quickassist-platform-41193-41202/frontend_user_website/src/pages/HowItWorksPage.js", "pattern": "/^function FaqItem({ q, a, open, onToggle, id }) {$/", "language": "JavaScript", "kind": "function", "signature": "({ q, a, open, onToggle, id })"}, {"_type": "tag", "name": "FlowStep", "path": "/home/kavia/workspace/code-generation/roadrescue-quickassist-platform-41193-41202/frontend_user_website/src/pages/HowItWorksPage.js", "pattern": "/^function FlowStep({ n, icon, title, subtitle, bullets }) {$/", "language": "JavaScript", "kind": "function", "signature": "({ n, icon, title, subtitle, bullets })"}, {"_type": "tag", "name": "HowItWorksPage", "path": "/home/kavia/workspace/code-generation/roadrescue-quickassist-platform-41193-41202/frontend_user_website/src/pages/HowItWorksPage.js", "pattern": "/^export function HowItWorksPage() {$/", "language": "JavaScript", "kind": "function", "signature": "()"}, {"_type": "tag", "name": "[ \"Add vehicle details and the issue description (flat tire, battery, warning lights, etc.).\", \"Share your contact phone number for coordination.\", \"Provide an address or descriptive location (MVP: no maps, no GPS permissions).\", ]", "path": "/home/kavia/workspace/code-generation/roadrescue-quickassist-platform-41193-41202/frontend_user_website/src/pages/HowItWorksPage.js", "pattern": "/^                \"Add vehicle details and the issue description (flat tire, battery, warning ligh/", "language": "JavaScript", "kind": "field", "scope": "bullets", "scopeKind": "class"}, {"_type": "tag", "name": "[ \"In the full product, requests are matched by availability and service capability.\", \"Mechanic approvals and profiles support a vetted network.\", \"The UI is built to scale without introducing complexity for drivers.\", ]", "path": "/home/kavia/workspace/code-generation/roadrescue-quickassist-platform-41193-41202/frontend_user_website/src/pages/HowItWorksPage.js", "pattern": "/^                \"In the full product, requests are matched by availability and service capabilit/", "language": "JavaScript", "kind": "field", "scope": "bullets", "scopeKind": "class"}, {"_type": "tag", "name": "[ \"Mechanic arrives and coordinates next steps using the request details.\", \"Completion updates close the loop in your dashboard.\", \"The experience is optimized for mobile-first use on the roadside.\", ]", "path": "/home/kavia/workspace/code-generation/roadrescue-quickassist-platform-41193-41202/frontend_user_website/src/pages/HowItWorksPage.js", "pattern": "/^                \"Mechanic arrives and coordinates next steps using the request details.\",$/", "language": "JavaScript", "kind": "field", "scope": "bullets", "scopeKind": "class"}, {"_type": "tag", "name": "[ \"Status badges and request history keep you informed without repeated calls.\", \"SMS updates are supported via Twilio integration (capability).\", \"Your request page provides a single source of truth for progress.\", ]", "path": "/home/kavia/workspace/code-generation/roadrescue-quickassist-platform-41193-41202/frontend_user_website/src/pages/HowItWorksPage.js", "pattern": "/^                \"Status badges and request history keep you informed without repeated calls.\",$/", "language": "JavaScript", "kind": "field", "scope": "bullets", "scopeKind": "class"}, {"_type": "tag", "name": "subtitle", "path": "/home/kavia/workspace/code-generation/roadrescue-quickassist-platform-41193-41202/frontend_user_website/src/pages/HowItWorksPage.js", "pattern": "/^      subtitle={subtitle}$/", "language": "JavaScript", "kind": "field", "scope": "FlowStep.subtitle", "scopeKind": "class"}], "hash": "0ed594b5f988e0db67e2cd4abece1a2c", "format-version": 4, "code-base-name": "frontend_user_website", "filename": "frontend_user_website/src/pages/HowItWorksPage.js", "fields": [{"name": "title={`${n}. ${title}`}", "scope": "FlowStep.title.${n}", "scopeKind": "class", "description": "unavailable"}, {"name": "n={1}", "scope": "n", "scopeKind": "class", "description": "unavailable"}, {"name": "n={2}", "scope": "n", "scopeKind": "class", "description": "unavailable"}, {"name": "n={3}", "scope": "n", "scopeKind": "class", "description": "unavailable"}, {"name": "n={4}", "scope": "n", "scopeKind": "class", "description": "unavailable"}, {"name": "\"Add vehicle details and the issue description (flat tire, battery, warning ligh/", "scope": "bullets", "scopeKind": "class", "description": "unavailable"}, {"name": "\"In the full product, requests are matched by availability and service capabilit/", "scope": "bullets", "scopeKind": "class", "description": "unavailable"}, {"name": "\"Mechanic arrives and coordinates next steps using the request details.\",", "scope": "bullets", "scopeKind": "class", "description": "unavailable"}, {"name": "\"Status badges and request history keep you informed without repeated calls.\",", "scope": "bullets", "scopeKind": "class", "description": "unavailable"}, {"name": "subtitle={subtitle}", "scope": "FlowStep.subtitle", "scopeKind": "class", "description": "unavailable"}]}