{"is_source_file": true, "format": "JavaScript", "description": "This file defines a React functional component named Navbar that implements a responsive, role-based navigation bar with mobile support, utilizing React Router for navigation and a custom authentication context.", "external_files": ["../ui/Button", "../../context/AuthContext", "react-router-dom"], "external_methods": ["useNavigate", "Link", "NavLink", "useAuth", "logout"], "published": ["Navbar"], "classes": [], "methods": [{"name": "navLinkClass({ isActive })", "description": "Determines CSS class for navigation links based on active state.", "scope": "", "scopeKind": ""}, {"name": "Navbar()", "description": "Main React component rendering the navigation bar with role-based links and mobile menu toggle.", "scope": "", "scopeKind": ""}, {"name": "onLogout", "description": "Handles user logout, navigation, and menu state."}], "calls": ["useNavigate()", "useAuth()", "logout()", "setOpen()", "navigate()", "useMemo()", "Link()", "NavLink()", "setOpen(false)"], "search-terms": ["React Navbar component", "role-based navigation", "mobile menu toggle", "auth context React", "react-router-dom navigation"], "state": 2, "file_id": 78, "knowledge_revision": 518, "git_revision": "9460f7d0c136032955309efdf7db8099b0ca36a0", "revision_history": [{"361": "0c3d79b311925402e0dd354a955e3011ebb3a8e0"}, {"518": "9460f7d0c136032955309efdf7db8099b0ca36a0"}], "ctags": [{"_type": "tag", "name": "Navbar", "path": "/home/kavia/workspace/code-generation/roadrescue-quickassist-platform-41193-41202/frontend_user_website/src/components/layout/Navbar.js", "pattern": "/^export function Navbar() {$/", "language": "JavaScript", "kind": "function", "signature": "()"}, {"_type": "tag", "name": "navLinkClass", "path": "/home/kavia/workspace/code-generation/roadrescue-quickassist-platform-41193-41202/frontend_user_website/src/components/layout/Navbar.js", "pattern": "/^function navLinkClass({ isActive }) {$/", "language": "JavaScript", "kind": "function", "signature": "({ isActive })"}, {"_type": "tag", "name": "open", "path": "/home/kavia/workspace/code-generation/roadrescue-quickassist-platform-41193-41202/frontend_user_website/src/components/layout/Navbar.js", "pattern": "/^            aria-expanded={open ? \"true\" : \"false\"}$/", "language": "JavaScript", "kind": "field", "scope": "Navbar.aria", "scopeKind": "class"}, {"_type": "tag", "name": "open", "path": "/home/kavia/workspace/code-generation/roadrescue-quickassist-platform-41193-41202/frontend_user_website/src/components/layout/Navbar.js", "pattern": "/^            aria-label={open ? \"Close menu\" : \"Open menu\"}$/", "language": "JavaScript", "kind": "field", "scope": "Navbar.aria", "scopeKind": "class"}], "hash": "5b9d6d419c83579e8087571b50f40c30", "format-version": 4, "code-base-name": "frontend_user_website", "filename": "frontend_user_website/src/components/layout/Navbar.js", "fields": [{"name": "aria-expanded={open ? \"true\" : \"false\"}", "scope": "Navbar.aria", "scopeKind": "class", "description": "unavailable"}, {"name": "aria-label={open ? \"Close menu\" : \"Open menu\"}", "scope": "Navbar.aria", "scopeKind": "class", "description": "unavailable"}]}