{"is_source_file": true, "format": "JavaScript", "description": "This file defines the LoginPage React component which manages user login UI and logic, including form handling, validation, and navigation:", "external_files": ["../components/ui/Card", "../components/ui/Input", "../components/ui/Button", "../context/AuthContext", "react", "react-router-dom"], "external_methods": ["useAuth()", "useNavigate()", "useLocation()", "login()", "navigate()"], "published": ["LoginPage"], "classes": [], "methods": [{"name": "getRedirectTo(location)", "description": "Determines the redirect path after login based on location state.", "scope": "", "scopeKind": ""}, {"name": "LoginPage()", "description": "React functional component rendering the login form and handling login logic.", "scope": "", "scopeKind": ""}, {"name": "submit", "description": "Handles form submission, including validation, calling login, and redirecting."}], "calls": ["useAuth()", "useNavigate()", "useLocation()", "login()", "navigate()", "getRedirectTo()"], "search-terms": ["LoginPage", "useAuth", "react-router-dom", "login form", "Redirect", "AuthContext", "Sign in"], "state": 2, "file_id": 86, "knowledge_revision": 525, "git_revision": "9460f7d0c136032955309efdf7db8099b0ca36a0", "revision_history": [{"368": "15b5e00133c728e31f7cfdd11b3f578418e3e946"}, {"489": "7066161a9c2ce915109ac9413e83d53395dd4a5b"}, {"525": "9460f7d0c136032955309efdf7db8099b0ca36a0"}], "ctags": [{"_type": "tag", "name": "LoginPage", "path": "/home/kavia/workspace/code-generation/roadrescue-quickassist-platform-41193-41202/frontend_user_website/src/pages/LoginPage.js", "pattern": "/^export function LoginPage() {$/", "language": "JavaScript", "kind": "function", "signature": "()"}, {"_type": "tag", "name": "busy", "path": "/home/kavia/workspace/code-generation/roadrescue-quickassist-platform-41193-41202/frontend_user_website/src/pages/LoginPage.js", "pattern": "/^            disabled={busy}$/", "language": "JavaScript", "kind": "field", "scope": "LoginPage.disabled", "scopeKind": "class"}, {"_type": "tag", "name": "getRedirectTo", "path": "/home/kavia/workspace/code-generation/roadrescue-quickassist-platform-41193-41202/frontend_user_website/src/pages/LoginPage.js", "pattern": "/^function getRedirectTo(location) {$/", "language": "JavaScript", "kind": "function", "signature": "(location)"}, {"_type": "tag", "name": "password", "path": "/home/kavia/workspace/code-generation/roadrescue-quickassist-platform-41193-41202/frontend_user_website/src/pages/LoginPage.js", "pattern": "/^            value={password}$/", "language": "JavaScript", "kind": "field", "scope": "LoginPage.value", "scopeKind": "class"}], "hash": "4f999075c3f24aa4686a0c4eaeaf5963", "format-version": 4, "code-base-name": "frontend_user_website", "filename": "frontend_user_website/src/pages/LoginPage.js", "fields": [{"name": "disabled={busy}", "scope": "LoginPage.disabled", "scopeKind": "class", "description": "unavailable"}, {"name": "value={password}", "scope": "LoginPage.value", "scopeKind": "class", "description": "unavailable"}]}