{"is_source_file": true, "format": "JavaScript (React/JSX)", "description": "This file defines the HomePage component for a React application, rendering a landing page with various sections including hero, features, benefits, how-it-works preview, testimonials, and call-to-action. It imports React, React hooks, routing, and UI components, and uses JSX to structure the UI.", "external_files": ["../hooks/useScrollReveal", "react-router-dom", "../components/ui/Button", "../components/ui/Card", "../components/ui/Container", "../context/AuthContext"], "external_methods": ["useScrollReveal", "useNavigate", "useAuth"], "published": ["HomePage"], "classes": [], "methods": [{"name": "StatPill({ icon, label })", "description": "Functional component rendering a pill with an icon and label, used for social proof highlights.", "scope": "", "scopeKind": ""}, {"name": "StepCard({ icon, title, text })", "description": "Functional component displaying a step icon, title, and descriptive text for the how-it-works section.", "scope": "", "scopeKind": ""}, {"name": "HomePage()", "description": "Main React component that renders the entire landing page with various informational sections and a call-to-action.", "scope": "", "scopeKind": ""}], "calls": ["useNavigate()", "useAuth()", "useScrollReveal()", "navigate()", "useAuth().isAuthenticated"], "search-terms": ["HomePage React component", "landing page JSX", "useScrollReveal hook", "AuthContext", "React Router navigation", "RoadRescue QuickAssist"], "state": 2, "file_id": 108, "knowledge_revision": 582, "git_revision": "e5d1b9a8d357b4c62680f2548c042cae3f87ea7a", "revision_history": [{"535": "9460f7d0c136032955309efdf7db8099b0ca36a0"}, {"544": "e3932056a33468e189c82262e3518ef361ffdecb"}, {"561": "e3932056a33468e189c82262e3518ef361ffdecb"}, {"564": "a5fda051fbb5eb3f2a7b70f23adb6caa69702118"}, {"565": "a5fda051fbb5eb3f2a7b70f23adb6caa69702118"}, {"576": "e5d1b9a8d357b4c62680f2548c042cae3f87ea7a"}, {"582": "e5d1b9a8d357b4c62680f2548c042cae3f87ea7a"}], "ctags": [{"_type": "tag", "name": "HomePage", "path": "/home/kavia/workspace/code-generation/roadrescue-quickassist-platform-41193-41202/frontend_user_website/src/pages/HomePage.js", "pattern": "/^export function HomePage() {$/", "language": "JavaScript", "kind": "function", "signature": "()"}, {"_type": "tag", "name": "StatPill", "path": "/home/kavia/workspace/code-generation/roadrescue-quickassist-platform-41193-41202/frontend_user_website/src/pages/HomePage.js", "pattern": "/^function StatPill({ icon, label }) {$/", "language": "JavaScript", "kind": "function", "signature": "({ icon, label })"}, {"_type": "tag", "name": "StepCard", "path": "/home/kavia/workspace/code-generation/roadrescue-quickassist-platform-41193-41202/frontend_user_website/src/pages/HomePage.js", "pattern": "/^function StepCard({ icon, title, text }) {$/", "language": "JavaScript", "kind": "function", "signature": "({ icon, title, text })"}], "hash": "cb24d0fe665b7e63debb609f6d852ebf", "format-version": 4, "code-base-name": "frontend_user_website", "filename": "frontend_user_website/src/pages/HomePage.js"}