{"is_source_file": true, "format": "JavaScript (React JSX)", "description": "This file defines a React functional component 'Navbar' that implements a responsive, role-based navigation bar for a web application. It manages state for menu toggling and scroll effects, and conditionally renders links and actions based on authentication status.", "external_files": ["../ui/Button", "../../context/AuthContext", "react", "react-router-dom"], "external_methods": ["useNavigate", "useAuth", "Link", "NavLink"], "published": ["Navbar"], "classes": [], "methods": [{"name": "navLinkClass({ isActive })", "description": "Determines the CSS class for navigation links based on whether the link is active.", "scope": "", "scopeKind": ""}, {"name": "Navbar()", "description": "Main component rendering the navigation bar with role-based links, scroll effects, and mobile responsiveness.", "scope": "", "scopeKind": ""}, {"name": "onLogout", "description": "Asynchronous handler function that logs out the user, closes the menu, and redirects to home."}], "calls": ["useNavigate()", "useAuth()", "useState()", "useEffect()", "useMemo()", "logout()", "navigate()", "setOpen()", "setScrolled()", "window.addEventListener()", "window.removeEventListener()", "Math.max()", "map()", "onScroll()", "setScrolled()"], "search-terms": ["Navbar", "role-based links", "scroll effect", "responsive menu", "navigation", "auth context", "React hooks", "Mobile menu", "react-router"], "state": 2, "file_id": 78, "knowledge_revision": 573, "git_revision": "219512c33dae0cb144a50d0b64872c51056f309d", "revision_history": [{"361": "0c3d79b311925402e0dd354a955e3011ebb3a8e0"}, {"518": "9460f7d0c136032955309efdf7db8099b0ca36a0"}, {"541": "e3932056a33468e189c82262e3518ef361ffdecb"}, {"553": "e3932056a33468e189c82262e3518ef361ffdecb"}, {"554": "d2f7cd26a55e78651fb2479bac9182162217b451"}, {"555": "2dfd3e6f3ad87167c3379d1b386bc7a276d460ac"}, {"556": "17f770753df0a9e7325f0905dddd4ab9c1d4ffee"}, {"557": "494b220c8c91a565826839d6261b290b7ca40300"}, {"558": "7ed81e5e8f60d8809b9a7e26bcba2cb3ee689aab"}, {"559": "591a443fa23725e4044e58fe0ba367474f4beca5"}, {"560": "24f36ee5e8761b4a95f8454773a91e956632118a"}, {"573": "219512c33dae0cb144a50d0b64872c51056f309d"}], "ctags": [{"_type": "tag", "name": "Navbar", "path": "/home/kavia/workspace/code-generation/roadrescue-quickassist-platform-41193-41202/frontend_user_website/src/components/layout/Navbar.js", "pattern": "/^export function Navbar() {$/", "language": "JavaScript", "kind": "function", "signature": "()"}, {"_type": "tag", "name": "navLinkClass", "path": "/home/kavia/workspace/code-generation/roadrescue-quickassist-platform-41193-41202/frontend_user_website/src/components/layout/Navbar.js", "pattern": "/^function navLinkClass({ isActive }) {$/", "language": "JavaScript", "kind": "function", "signature": "({ isActive })"}, {"_type": "tag", "name": "open", "path": "/home/kavia/workspace/code-generation/roadrescue-quickassist-platform-41193-41202/frontend_user_website/src/components/layout/Navbar.js", "pattern": "/^            aria-expanded={open ? \"true\" : \"false\"}$/", "language": "JavaScript", "kind": "field", "scope": "aria", "scopeKind": "class"}, {"_type": "tag", "name": "open", "path": "/home/kavia/workspace/code-generation/roadrescue-quickassist-platform-41193-41202/frontend_user_website/src/components/layout/Navbar.js", "pattern": "/^            aria-label={open ? \"Close menu\" : \"Open menu\"}$/", "language": "JavaScript", "kind": "field", "scope": "aria", "scopeKind": "class"}, {"_type": "tag", "name": "scrolled", "path": "/home/kavia/workspace/code-generation/roadrescue-quickassist-platform-41193-41202/frontend_user_website/src/components/layout/Navbar.js", "pattern": "/^    <header className={scrolled ? \"navbar navbar--scrolled\" : \"navbar\"}>$/", "language": "JavaScript", "kind": "field", "scope": "Navbar.AnonymousClass8ede9a490101", "scopeKind": "class"}], "hash": "5a9574d83e01424efb7714b1206421f6", "format-version": 4, "code-base-name": "frontend_user_website", "filename": "frontend_user_website/src/components/layout/Navbar.js", "fields": [{"name": "aria-expanded={open ? \"true\" : \"false\"}", "scope": "aria", "scopeKind": "class", "description": "unavailable"}, {"name": "aria-label={open ? \"Close menu\" : \"Open menu\"}", "scope": "aria", "scopeKind": "class", "description": "unavailable"}, {"name": "<header className={scrolled ? \"navbar navbar--scrolled\" : \"navbar\"}>", "scope": "Navbar.AnonymousClass8ede9a490101", "scopeKind": "class", "description": "unavailable"}]}