{"is_source_file": false, "format": "", "description": "", "external_files": [], "external_methods": [], "published": [], "classes": [], "methods": [], "calls": [], "search-terms": [], "state": 2, "file_id": 63, "knowledge_revision": 476, "git_revision": "f4f353c6c2a7e959dc97c16c3a142856210321dc", "revision_history": [{"373": "2e2af0273f995fe0134fd2d4b766db8201a17ecb"}, {"476": "f4f353c6c2a7e959dc97c16c3a142856210321dc"}], "hash": "e698f2d0259777230c93b046bff5ccca", "format-version": 4, "code-base-name": "frontend_user_website", "filename": "frontend_user_website/public/index.html"}