{"is_source_file": true, "format": "JavaScript (React JSX)", "description": "This file defines a React component for the About page of the RoadRescue QuickAssist platform, including UI layout, content sections, team member display, and user interaction handling.", "external_files": ["../hooks/useScrollReveal", "react", "react-router-dom", "../components/ui/Card", "../components/ui/Button", "../components/ui/Container", "../context/AuthContext"], "external_methods": ["useScrollReveal", "useNavigate", "useAuth"], "published": ["AboutPage"], "classes": [], "methods": [{"name": "TeamMember({ name, role, blurb })", "description": "A React component that displays individual team member info including name, role, and blurb.", "scope": "", "scopeKind": ""}, {"name": "AboutPage()", "scope": "", "scopeKind": "", "description": "unavailable"}], "calls": ["useScrollReveal()", "useNavigate()", "useAuth()", "navigate()", "setContact()", "setSent()", "useMemo()", "map()"], "search-terms": ["AboutPage", "TeamMember component", "RoadRescue QuickAssist", "UI layout", "React", "useScrollReveal", "useNavigate", "useAuth"], "state": 2, "file_id": 87, "knowledge_revision": 585, "git_revision": "e4f77f998f6f407de942dc115b189559e46e74dd", "revision_history": [{"369": "d7094c8bb3d5eeb9c23cb2ddab9b21d37ee8dfc5"}, {"496": "7066161a9c2ce915109ac9413e83d53395dd4a5b"}, {"524": "9460f7d0c136032955309efdf7db8099b0ca36a0"}, {"545": "e3932056a33468e189c82262e3518ef361ffdecb"}, {"568": "fd6e4120680b0f4ef05fd305c785af6eeba34339"}, {"579": "e5d1b9a8d357b4c62680f2548c042cae3f87ea7a"}, {"585": "e4f77f998f6f407de942dc115b189559e46e74dd"}], "ctags": [{"_type": "tag", "name": "4", "path": "/home/kavia/workspace/code-generation/roadrescue-quickassist-platform-41193-41202/frontend_user_website/src/pages/AboutPage.js", "pattern": "/^                    rows={4}$/", "language": "JavaScript", "kind": "field", "scope": "rows", "scopeKind": "class"}, {"_type": "tag", "name": "AboutPage", "path": "/home/kavia/workspace/code-generation/roadrescue-quickassist-platform-41193-41202/frontend_user_website/src/pages/AboutPage.js", "pattern": "/^export function AboutPage() {$/", "language": "JavaScript", "kind": "function", "signature": "()"}, {"_type": "tag", "name": "TeamMember", "path": "/home/kavia/workspace/code-generation/roadrescue-quickassist-platform-41193-41202/frontend_user_website/src/pages/AboutPage.js", "pattern": "/^function TeamMember({ name, role, blurb }) {$/", "language": "JavaScript", "kind": "function", "signature": "({ name, role, blurb })"}, {"_type": "tag", "name": "contact", "path": "/home/kavia/workspace/code-generation/roadrescue-quickassist-platform-41193-41202/frontend_user_website/src/pages/AboutPage.js", "pattern": "/^                      value={contact.email}$/", "language": "JavaScript", "kind": "field", "scope": "value", "scopeKind": "class"}, {"_type": "tag", "name": "contact", "path": "/home/kavia/workspace/code-generation/roadrescue-quickassist-platform-41193-41202/frontend_user_website/src/pages/AboutPage.js", "pattern": "/^                      value={contact.name}$/", "language": "JavaScript", "kind": "field", "scope": "value", "scopeKind": "class"}, {"_type": "tag", "name": "contact", "path": "/home/kavia/workspace/code-generation/roadrescue-quickassist-platform-41193-41202/frontend_user_website/src/pages/AboutPage.js", "pattern": "/^                    value={contact.message}$/", "language": "JavaScript", "kind": "field", "scope": "value", "scopeKind": "class"}], "hash": "50e20b97108d3c5b6060457c27575c72", "format-version": 4, "code-base-name": "frontend_user_website", "filename": "frontend_user_website/src/pages/AboutPage.js", "fields": [{"name": "rows={4}", "scope": "rows", "scopeKind": "class", "description": "unavailable"}, {"name": "value={contact.email}", "scope": "value", "scopeKind": "class", "description": "unavailable"}, {"name": "value={contact.name}", "scope": "value", "scopeKind": "class", "description": "unavailable"}, {"name": "value={contact.message}", "scope": "value", "scopeKind": "class", "description": "unavailable"}]}