{"is_source_file": true, "format": "JavaScript/React", "description": "This file defines a React functional component called Footer, which renders a styled footer section including current year and some static text.", "external_files": [], "external_methods": [], "published": ["Footer"], "classes": [], "methods": [{"name": "Footer()", "description": "React functional component that renders a footer element with theme styling and current year.", "scope": "", "scopeKind": ""}], "calls": ["React"], "search-terms": ["Footer", "React", "footer", "React functional component", "current year"], "state": 2, "file_id": 79, "knowledge_revision": 355, "git_revision": "d7094c8bb3d5eeb9c23cb2ddab9b21d37ee8dfc5", "ctags": [{"_type": "tag", "name": "Footer", "path": "/home/kavia/workspace/code-generation/roadrescue-quickassist-platform-41193-41202/frontend_user_website/src/components/layout/Footer.js", "pattern": "/^export function Footer() {$/", "language": "JavaScript", "kind": "function", "signature": "()"}], "hash": "cbebafe9a7d4a72e3ef9cc42ad147827", "format-version": 4, "code-base-name": "frontend_user_website", "filename": "frontend_user_website/src/components/layout/Footer.js", "revision_history": [{"355": "d7094c8bb3d5eeb9c23cb2ddab9b21d37ee8dfc5"}]}