{"is_source_file": true, "file_id": 99, "git_revision": "", "state": 1, "description": "", "external_files": [], "external_methods": [], "published": [], "classes": [], "methods": [], "calls": [], "search-terms": [], "ctags": [{"_type": "tag", "name": "fetchClient", "path": "/home/kavia/workspace/code-generation/roadrescue-quickassist-platform-41193-41202/frontend_user_website/src/utils/fetchClient.js", "pattern": "/^export async function fetchClient(input, init) {$/", "language": "JavaScript", "kind": "function", "signature": "(input, init)"}], "format": "JavaScript", "hash": "5e2307bc2e9c61990ca9b68f86899b69", "format-version": 4, "code-base-name": "frontend_user_website", "filename": "frontend_user_website/src/utils/fetchClient.js", "knowledge_revision": 419}