{"is_source_file": true, "format": "JavaScript (React JSX)", "description": "This file defines a React functional component called DashboardPage. It renders a temporary debug dashboard UI that confirms routing and layout are functioning correctly, independent of authentication status. The page displays informational cards about the UI render check and next steps, including routing, layout, and authentication testing.", "external_files": ["../components/ui/Card"], "external_methods": [], "published": ["DashboardPage"], "classes": [], "methods": [{"name": "DashboardPage()", "description": "React functional component that renders the Dashboard page with debug information.", "scope": "", "scopeKind": ""}], "calls": ["React", "../components/ui/Card"], "search-terms": ["DashboardPage", "debug UI render", "React component", "Card component", "UI layout check", "routing", "layout", "auth", "debug view"], "state": 2, "file_id": 102, "knowledge_revision": 455, "git_revision": "aa7b96cf8e27c0882bd83c9d4ee4055036daa406", "ctags": [{"_type": "tag", "name": "DashboardPage", "path": "/home/kavia/workspace/code-generation/roadrescue-quickassist-platform-41193-41202/frontend_user_website/src/pages/DashboardPage.js", "pattern": "/^export function DashboardPage() {$/", "language": "JavaScript", "kind": "function", "signature": "()"}], "hash": "65968d1dfa07601aae12d1e23aa72ba8", "format-version": 4, "code-base-name": "frontend_user_website", "filename": "frontend_user_website/src/pages/DashboardPage.js", "revision_history": [{"455": "aa7b96cf8e27c0882bd83c9d4ee4055036daa406"}]}