{"is_source_file": true, "format": "JavaScript (React JSX)", "description": "This file defines a React functional component 'WhyChooseUsPage' that renders a marketing page highlighting reasons to choose RoadRescue. It utilizes a 'Card' component and displays a list of features with icons, titles, and descriptions.", "external_files": ["../components/ui/Card"], "external_methods": ["React"], "published": ["WhyChooseUsPage"], "classes": [], "methods": [{"name": "WhyChooseUsPage()", "description": "React functional component that renders a 'Why choose us' marketing page with a list of features.", "scope": "", "scopeKind": ""}], "calls": ["React", "Card", "(propsList.map)"], "search-terms": ["WhyChooseUsPage", "Card component", "feature list", "React functional component", "marketing page"], "state": 2, "file_id": 110, "knowledge_revision": 548, "git_revision": "e3932056a33468e189c82262e3518ef361ffdecb", "revision_history": [{"537": "9460f7d0c136032955309efdf7db8099b0ca36a0"}, {"548": "e3932056a33468e189c82262e3518ef361ffdecb"}], "ctags": [{"_type": "tag", "name": "WhyChooseUsPage", "path": "/home/kavia/workspace/code-generation/roadrescue-quickassist-platform-41193-41202/frontend_user_website/src/pages/WhyChooseUsPage.js", "pattern": "/^export function WhyChooseUsPage() {$/", "language": "JavaScript", "kind": "function", "signature": "()"}, {"_type": "tag", "name": "propsList", "path": "/home/kavia/workspace/code-generation/roadrescue-quickassist-platform-41193-41202/frontend_user_website/src/pages/WhyChooseUsPage.js", "pattern": "/^const propsList = [$/", "language": "JavaScript", "kind": "constant"}], "hash": "37791f6525cda32bd80f3ff286da54e6", "format-version": 4, "code-base-name": "frontend_user_website", "filename": "frontend_user_website/src/pages/WhyChooseUsPage.js"}