{"is_source_file": false, "format": null, "description": "", "external_files": [], "external_methods": [], "published": [], "classes": [], "methods": [], "calls": [], "search-terms": [], "state": 2, "file_id": 76, "knowledge_revision": 395, "git_revision": "2e2af0273f995fe0134fd2d4b766db8201a17ecb", "revision_history": [{"356": "2e2af0273f995fe0134fd2d4b766db8201a17ecb"}, {"395": "2e2af0273f995fe0134fd2d4b766db8201a17ecb"}], "hash": "f98e3e6fdbced0c4695715929e0d0795", "format-version": 4, "code-base-name": "frontend_user_website", "filename": "frontend_user_website/src/index.css"}