{"is_source_file": true, "format": "JavaScript (React component)", "description": "This file defines a React functional component named Footer, which renders a website footer with styling and dynamic current year.", "external_files": ["react"], "external_methods": [], "published": ["Footer"], "classes": [], "methods": [{"name": "Footer()", "description": "React functional component rendering the footer element with theme styling and dynamic year.", "scope": "", "scopeKind": ""}], "calls": ["React"], "search-terms": ["Footer component", "React footer", "Theme styling", "Dynamic year", "Public interface"], "state": 2, "file_id": 79, "knowledge_revision": 484, "git_revision": "fe63037cb13ed9778021272beaaedbedfeec96f2", "revision_history": [{"355": "d7094c8bb3d5eeb9c23cb2ddab9b21d37ee8dfc5"}, {"484": "fe63037cb13ed9778021272beaaedbedfeec96f2"}], "ctags": [{"_type": "tag", "name": "Footer", "path": "/home/kavia/workspace/code-generation/roadrescue-quickassist-platform-41193-41202/frontend_user_website/src/components/layout/Footer.js", "pattern": "/^export function Footer() {$/", "language": "JavaScript", "kind": "function", "signature": "()"}], "hash": "8397857a0488ffe077bc568264231e80", "format-version": 4, "code-base-name": "frontend_user_website", "filename": "frontend_user_website/src/components/layout/Footer.js"}