{"is_source_file": true, "format": "JavaScript (React JSX)", "description": "This file defines a React functional component named 'Table' that renders a responsive, customizable table based on provided columns and rows data.", "external_files": ["react"], "external_methods": [], "published": ["Table"], "classes": [], "methods": [{"name": "Table({ columns, rows, rowKey })", "description": "A React functional component that renders a table with specified columns and rows.", "scope": "", "scopeKind": ""}], "calls": ["React", "columns.map", "rows.map", "rowKey(r)", "c.render(r)"], "search-terms": ["React", "Table component", "responsive table", "props", "columns", "rows", "rowKey", "render"], "state": 2, "file_id": 82, "knowledge_revision": 359, "git_revision": "d7094c8bb3d5eeb9c23cb2ddab9b21d37ee8dfc5", "ctags": [{"_type": "tag", "name": "Table", "path": "/home/kavia/workspace/code-generation/roadrescue-quickassist-platform-41193-41202/frontend_user_website/src/components/ui/Table.js", "pattern": "/^export function Table({ columns, rows, rowKey }) {$/", "language": "JavaScript", "kind": "function", "signature": "({ columns, rows, rowKey })"}], "hash": "7b7b7a0a306cfb56964cf50c4e8ae7bf", "format-version": 4, "code-base-name": "frontend_user_website", "filename": "frontend_user_website/src/components/ui/Table.js", "revision_history": [{"359": "d7094c8bb3d5eeb9c23cb2ddab9b21d37ee8dfc5"}]}