{"is_source_file": true, "format": "JavaScript (ReactJS)", "description": "This file defines a React functional component named RegisterPage, which provides a user registration interface with email/password fields and an option to sign in with Google. It manages form state, handles submission, and interacts with an external data service for registration and OAuth login.", "external_files": ["../components/ui/Card", "../components/ui/Input", "../components/ui/Button", "../services/dataService", "react", "react-router-dom"], "external_methods": ["useNavigate", "dataService.register", "dataService.loginWithGoogle"], "published": ["RegisterPage"], "classes": [], "methods": [{"name": "submit", "description": "Handles form submission for user registration, performing validation, calling dataService.register, and navigating on success."}, {"name": "signInWithGoogle", "description": "Triggers Google OAuth login flow via dataService.loginWithGoogle and manages related UI state."}, {"name": "RegisterPage({ onAuthed })", "scope": "", "scopeKind": "", "description": "unavailable"}], "calls": ["useNavigate()", "dataService.register(email, password)", "dataService.loginWithGoogle({ redirectTo })", "navigate('/submit')"], "search-terms": ["RegisterPage", "React registration component", "OAuth Google sign-in", "user registration form", "dataService registration"], "state": 2, "file_id": 88, "knowledge_revision": 495, "git_revision": "fe63037cb13ed9778021272beaaedbedfeec96f2", "revision_history": [{"363": "15b5e00133c728e31f7cfdd11b3f578418e3e946"}, {"495": "fe63037cb13ed9778021272beaaedbedfeec96f2"}], "ctags": [{"_type": "tag", "name": "RegisterPage", "path": "/home/kavia/workspace/code-generation/roadrescue-quickassist-platform-41193-41202/frontend_user_website/src/pages/RegisterPage.js", "pattern": "/^export function RegisterPage({ onAuthed }) {$/", "language": "JavaScript", "kind": "function", "signature": "({ onAuthed })"}, {"_type": "tag", "name": "confirm", "path": "/home/kavia/workspace/code-generation/roadrescue-quickassist-platform-41193-41202/frontend_user_website/src/pages/RegisterPage.js", "pattern": "/^            value={confirm}$/", "language": "JavaScript", "kind": "field", "scope": "RegisterPage.value", "scopeKind": "class"}, {"_type": "tag", "name": "oauthBusy", "path": "/home/kavia/workspace/code-generation/roadrescue-quickassist-platform-41193-41202/frontend_user_website/src/pages/RegisterPage.js", "pattern": "/^            disabled={oauthBusy}$/", "language": "JavaScript", "kind": "field", "scope": "RegisterPage.disabled", "scopeKind": "class"}, {"_type": "tag", "name": "oauthBusy", "path": "/home/kavia/workspace/code-generation/roadrescue-quickassist-platform-41193-41202/frontend_user_website/src/pages/RegisterPage.js", "pattern": "/^            disabled={oauthBusy}$/", "language": "JavaScript", "kind": "field", "scope": "RegisterPage.required", "scopeKind": "class"}, {"_type": "tag", "name": "password", "path": "/home/kavia/workspace/code-generation/roadrescue-quickassist-platform-41193-41202/frontend_user_website/src/pages/RegisterPage.js", "pattern": "/^            value={password}$/", "language": "JavaScript", "kind": "field", "scope": "RegisterPage.value", "scopeKind": "class"}], "hash": "57e9badedcbf6339bbe3f4d1d54807d1", "format-version": 4, "code-base-name": "frontend_user_website", "filename": "frontend_user_website/src/pages/RegisterPage.js", "fields": [{"name": "value={confirm}", "scope": "RegisterPage.value", "scopeKind": "class", "description": "unavailable"}, {"name": "disabled={oauthBusy}", "scope": "RegisterPage.disabled", "scopeKind": "class", "description": "unavailable"}, {"name": "value={password}", "scope": "RegisterPage.value", "scopeKind": "class", "description": "unavailable"}]}