{"is_source_file": true, "format": "JavaScript (React JSX)", "description": "This file is the main application entry point for a React-based frontend application, defining routing, authentication handling, and layout components.", "external_files": ["./components/layout/Navbar", "./components/layout/Footer", "./routes/RequireAuth", "./services/dataService", "./config/appConfig", "./utils/withTimeout", "./components/ErrorBoundary", "./pages/LoginPage", "./pages/RegisterPage", "./pages/SubmitRequestPage", "./pages/MyRequestsPage", "./pages/RequestDetailPage", "./pages/AboutPage", "./pages/DashboardPage", "./components/demo/TwilioSmsDemoCard", "./App.css"], "external_methods": ["React.useEffect", "React.useMemo", "React.useState", "useNavigate", "useLocation", "subscribeToAuthChanges", "getCurrentUser", "withTimeout", "navigate", "setUser", "getRouteStateMessage"], "published": ["App"], "classes": [], "methods": [{"name": "getRouteStateMessage(location)", "description": "Extracts a message string from the route location state.", "scope": "", "scopeKind": ""}, {"name": "AppShell()", "description": "Main component handling authentication, routing, and layout rendering.", "scope": "", "scopeKind": ""}, {"name": "App()", "scope": "", "scopeKind": "", "description": "unavailable"}], "calls": ["React.useEffect", "React.useMemo", "React.useState", "useNavigate", "useLocation", "dataService.subscribeToAuthChanges", "dataService.getCurrentUser", "withTimeout", "navigate", "setUser"], "search-terms": ["React Router", "auth boot", "Protected Routes", "AppShell", "App component", "RequireAuth", "auth state", "routing", "user session"], "state": 2, "file_id": 74, "knowledge_revision": 452, "git_revision": "7066161a9c2ce915109ac9413e83d53395dd4a5b", "revision_history": [{"353": "15b5e00133c728e31f7cfdd11b3f578418e3e946"}, {"422": "adddec63496c05acbad8f707fc07bd60b2d8ca52"}, {"432": "fe63037cb13ed9778021272beaaedbedfeec96f2"}, {"444": "7066161a9c2ce915109ac9413e83d53395dd4a5b"}, {"452": "7066161a9c2ce915109ac9413e83d53395dd4a5b"}], "ctags": [{"_type": "tag", "name": "App", "path": "/home/kavia/workspace/code-generation/roadrescue-quickassist-platform-41193-41202/frontend_user_website/src/App.js", "pattern": "/^function App() {$/", "language": "JavaScript", "kind": "function", "signature": "()"}, {"_type": "tag", "name": "AppShell", "path": "/home/kavia/workspace/code-generation/roadrescue-quickassist-platform-41193-41202/frontend_user_website/src/App.js", "pattern": "/^function AppShell() {$/", "language": "JavaScript", "kind": "function", "signature": "()"}, {"_type": "tag", "name": "bypassAuthForDebug", "path": "/home/kavia/workspace/code-generation/roadrescue-quickassist-platform-41193-41202/frontend_user_website/src/App.js", "pattern": "/^              bypassAuthForDebug ? ($/", "language": "JavaScript", "kind": "field", "scope": "AppShell.element", "scopeKind": "class"}, {"_type": "tag", "name": "getRouteStateMessage", "path": "/home/kavia/workspace/code-generation/roadrescue-quickassist-platform-41193-41202/frontend_user_website/src/App.js", "pattern": "/^function getRouteStateMessage(location) {$/", "language": "JavaScript", "kind": "function", "signature": "(location)"}, {"_type": "tag", "name": "user", "path": "/home/kavia/workspace/code-generation/roadrescue-quickassist-platform-41193-41202/frontend_user_website/src/App.js", "pattern": "/^              user ? ($/", "language": "JavaScript", "kind": "field", "scope": "AppShell.element", "scopeKind": "class"}, {"_type": "tag", "name": "user", "path": "/home/kavia/workspace/code-generation/roadrescue-quickassist-platform-41193-41202/frontend_user_website/src/App.js", "pattern": "/^            element={user ? <Navigate to={bypassAuthForDebug ? \"\\/dashboard\" : \"\\/submit\"} repla/", "language": "JavaScript", "kind": "field", "scope": "AppShell.element", "scopeKind": "class"}], "hash": "97080c58efd8aa592a5f40b6061c95df", "format-version": 4, "code-base-name": "frontend_user_website", "filename": "frontend_user_website/src/App.js", "fields": [{"name": "bypassAuthForDebug ? (", "scope": "AppShell.element", "scopeKind": "class", "description": "unavailable"}, {"name": "user ? (", "scope": "AppShell.element", "scopeKind": "class", "description": "unavailable"}, {"name": "element={user ? <Navigate to={bypassAuthForDebug ? \"\\/dashboard\" : \"\\/submit\"} repla/", "scope": "AppShell.element", "scopeKind": "class", "description": "unavailable"}]}