{"is_source_file": true, "format": "JavaScript", "description": "This is a React component for a user registration page, handling email/password registration and Google OAuth sign-in, using React hooks and external UI components.", "external_files": ["../components/ui/Card", "../components/ui/Input", "../components/ui/Button", "../services/dataService"], "external_methods": ["dataService.isSupabaseConfigured", "dataService.register", "dataService.loginWithGoogle"], "published": ["RegisterPage"], "classes": [], "methods": [{"name": "submit", "description": "Handles form submission for user registration, validates input, interacts with dataService to register the user, and navigates upon success."}, {"name": "signInWithGoogle", "description": "Initiates Google OAuth sign-in through dataService and handles related state updates."}, {"name": "RegisterPage({ onAuthed })", "scope": "", "scopeKind": "", "description": "unavailable"}], "calls": ["dataService.isSupabaseConfigured", "dataService.register", "dataService.loginWithGoogle", "navigate", "setError", "setBusy", "setOauthBusy"], "search-terms": ["RegisterPage", "React registration form", "Google OAuth login React", "React useState registration", "React useMemo dataService"], "state": 2, "file_id": 88, "knowledge_revision": 363, "git_revision": "15b5e00133c728e31f7cfdd11b3f578418e3e946", "ctags": [{"_type": "tag", "name": "RegisterPage", "path": "/home/kavia/workspace/code-generation/roadrescue-quickassist-platform-41193-41202/frontend_user_website/src/pages/RegisterPage.js", "pattern": "/^export function RegisterPage({ onAuthed }) {$/", "language": "JavaScript", "kind": "function", "signature": "({ onAuthed })"}, {"_type": "tag", "name": "confirm", "path": "/home/kavia/workspace/code-generation/roadrescue-quickassist-platform-41193-41202/frontend_user_website/src/pages/RegisterPage.js", "pattern": "/^            value={confirm}$/", "language": "JavaScript", "kind": "field", "scope": "RegisterPage.value", "scopeKind": "class"}, {"_type": "tag", "name": "oauthBusy", "path": "/home/kavia/workspace/code-generation/roadrescue-quickassist-platform-41193-41202/frontend_user_website/src/pages/RegisterPage.js", "pattern": "/^            disabled={oauthBusy}$/", "language": "JavaScript", "kind": "field", "scope": "RegisterPage.disabled", "scopeKind": "class"}, {"_type": "tag", "name": "oauthBusy", "path": "/home/kavia/workspace/code-generation/roadrescue-quickassist-platform-41193-41202/frontend_user_website/src/pages/RegisterPage.js", "pattern": "/^            disabled={oauthBusy}$/", "language": "JavaScript", "kind": "field", "scope": "RegisterPage.required", "scopeKind": "class"}, {"_type": "tag", "name": "password", "path": "/home/kavia/workspace/code-generation/roadrescue-quickassist-platform-41193-41202/frontend_user_website/src/pages/RegisterPage.js", "pattern": "/^            value={password}$/", "language": "JavaScript", "kind": "field", "scope": "RegisterPage.value", "scopeKind": "class"}], "hash": "2196c40b180307385e4899bc522f0989", "format-version": 4, "code-base-name": "frontend_user_website", "filename": "frontend_user_website/src/pages/RegisterPage.js", "fields": [{"name": "value={confirm}", "scope": "RegisterPage.value", "scopeKind": "class", "description": "unavailable"}, {"name": "disabled={oauthBusy}", "scope": "RegisterPage.disabled", "scopeKind": "class", "description": "unavailable"}, {"name": "value={password}", "scope": "RegisterPage.value", "scopeKind": "class", "description": "unavailable"}], "revision_history": [{"363": "15b5e00133c728e31f7cfdd11b3f578418e3e946"}]}