{"is_source_file": true, "format": "JavaScript", "description": "This file defines the 'MyRequestsPage' React functional component, which displays a read-only list of user requests related to breakdown assistance. It imports several components and hooks, manages request data via 'useUserRequests', and renders a user interface with request details, status labels, and navigation controls.", "external_files": ["../components/ui/Card", "../components/ui/Button", "../hooks/useUserRequests", "../components/layout/UserShell", "react", "react-router-dom"], "external_methods": ["useNavigate", "useUserRequests"], "published": ["MyRequestsPage"], "classes": [], "methods": [{"name": "toReadOnlyStatusLabel(rawStatus)", "description": "Converts raw request status into a user-friendly, read-only label, mapping 'completed' to 'Completed', 'accepted' or 'assigned' to 'Assigned', and other statuses to 'Open'.", "scope": "", "scopeKind": ""}, {"name": "statusPillClass(label)", "description": "Returns the CSS class name for status labels based on the label value, determining pill color styles for 'Completed', 'Assigned', or other statuses.", "scope": "", "scopeKind": ""}, {"name": "MyRequestsPage()", "scope": "", "scopeKind": "", "description": "unavailable"}], "calls": ["useNavigate()", "useUserRequests()", "navigate()", "clearAll()", "requests", "r.vehicle?.make", "r.vehicle?.model", "encodeURIComponent(r.id)", "new Date(r.createdAt).toLocaleString()"], "search-terms": ["MyRequestsPage", "Request History", "read-only requests list", "status label mapping", "request navigation"], "state": 2, "file_id": 91, "knowledge_revision": 601, "git_revision": "2439ceea7b455ef97399dd4ba2b5174b82d99792", "revision_history": [{"372": "ca09881e92259bc04b5062fe7eafb5aba25ec941"}, {"528": "9460f7d0c136032955309efdf7db8099b0ca36a0"}, {"543": "e3932056a33468e189c82262e3518ef361ffdecb"}, {"589": "e3932056a33468e189c82262e3518ef361ffdecb"}, {"592": "f1c49b791ad6fde03f57fc3f5daee8748836dd05"}, {"598": "cc1deedb51399013a9205ec99df6fa5ad3f59dfa"}, {"601": "2439ceea7b455ef97399dd4ba2b5174b82d99792"}], "ctags": [{"_type": "tag", "name": "MyRequestsPage", "path": "/home/kavia/workspace/code-generation/roadrescue-quickassist-platform-41193-41202/frontend_user_website/src/pages/MyRequestsPage.js", "pattern": "/^export function MyRequestsPage() {$/", "language": "JavaScript", "kind": "function", "signature": "()"}, {"_type": "tag", "name": "rows", "path": "/home/kavia/workspace/code-generation/roadrescue-quickassist-platform-41193-41202/frontend_user_website/src/pages/MyRequestsPage.js", "pattern": "/^        subtitle={rows.length ? \"Newest first.\" : \"No requests yet.\"}$/", "language": "JavaScript", "kind": "field", "scope": "MyRequestsPage.subtitle", "scopeKind": "class"}, {"_type": "tag", "name": "statusPillClass", "path": "/home/kavia/workspace/code-generation/roadrescue-quickassist-platform-41193-41202/frontend_user_website/src/pages/MyRequestsPage.js", "pattern": "/^function statusPillClass(label) {$/", "language": "JavaScript", "kind": "function", "signature": "(label)"}, {"_type": "tag", "name": "toReadOnlyStatusLabel", "path": "/home/kavia/workspace/code-generation/roadrescue-quickassist-platform-41193-41202/frontend_user_website/src/pages/MyRequestsPage.js", "pattern": "/^function toReadOnlyStatusLabel(rawStatus) {$/", "language": "JavaScript", "kind": "function", "signature": "(rawStatus)"}], "hash": "9cbb0fecade536cfaea8eb11c459bc2e", "format-version": 4, "code-base-name": "frontend_user_website", "filename": "frontend_user_website/src/pages/MyRequestsPage.js", "fields": [{"name": "subtitle={rows.length ? \"Newest first.\" : \"No requests yet.\"}", "scope": "MyRequestsPage.subtitle", "scopeKind": "class", "description": "unavailable"}]}