{"is_source_file": true, "format": "JavaScript (React)", "description": "This file defines a React functional component 'WhyChooseUsPage' that renders a webpage section explaining reasons to choose RoadRescue, using a list of properties and imported Card component.", "external_files": ["../components/ui/Card"], "external_methods": [], "published": ["WhyChooseUsPage"], "classes": [], "methods": [{"name": "WhyChooseUsPage()", "description": "React component rendering a 'Why Choose Us' marketing page for RoadRescue", "scope": "", "scopeKind": ""}], "calls": ["React", "propsList.map"], "search-terms": ["WhyChooseUsPage", "Card", "React", "propsList", "ui/Card", "functional component"], "state": 2, "file_id": 110, "knowledge_revision": 537, "git_revision": "9460f7d0c136032955309efdf7db8099b0ca36a0", "ctags": [{"_type": "tag", "name": "WhyChooseUsPage", "path": "/home/kavia/workspace/code-generation/roadrescue-quickassist-platform-41193-41202/frontend_user_website/src/pages/WhyChooseUsPage.js", "pattern": "/^export function WhyChooseUsPage() {$/", "language": "JavaScript", "kind": "function", "signature": "()"}, {"_type": "tag", "name": "propsList", "path": "/home/kavia/workspace/code-generation/roadrescue-quickassist-platform-41193-41202/frontend_user_website/src/pages/WhyChooseUsPage.js", "pattern": "/^const propsList = [$/", "language": "JavaScript", "kind": "constant"}], "hash": "6a28d40019976e2edd87828e0cf39fe3", "format-version": 4, "code-base-name": "frontend_user_website", "filename": "frontend_user_website/src/pages/WhyChooseUsPage.js", "revision_history": [{"537": "9460f7d0c136032955309efdf7db8099b0ca36a0"}]}