{"is_source_file": true, "format": "JavaScript (React JSX)", "description": "This is a React component file for the 'WhyChooseUsPage' page, which renders a marketing and informational UI for the RoadRescue QuickAssist platform. It includes multiple functional components, hooks, and JSX markup for sections like hero, reasons grid, comparison, trust indicators, and call-to-action.", "external_files": ["../hooks/useScrollReveal", "react", "react-router-dom", "../components/ui/Card", "../components/ui/Button", "../components/ui/Container", "../context/AuthContext"], "external_methods": ["useScrollReveal", "useNavigate", "useAuth"], "published": ["WhyChooseUsPage"], "classes": [], "methods": [{"name": "Reason({ icon, title, text })", "description": "A small React component that displays an icon, title, and text within a Card component.", "scope": "", "scopeKind": ""}, {"name": "CompareCard({ title, items, tone = \"neutral\" })", "description": "A React component that renders a comparison block with title, list of items, and tone-based styling.", "scope": "", "scopeKind": ""}, {"name": "WhyChooseUsPage()", "scope": "", "scopeKind": "", "description": "unavailable"}], "calls": ["useNavigate()", "useAuth()", "useScrollReveal()", "navigate()"], "search-terms": ["WhyChooseUsPage", "useScrollReveal", "CompareCard", "Reason", "RoadRescue QuickAssist", "UI components", "Page layout"], "state": 2, "file_id": 110, "knowledge_revision": 584, "git_revision": "e4f77f998f6f407de942dc115b189559e46e74dd", "revision_history": [{"537": "9460f7d0c136032955309efdf7db8099b0ca36a0"}, {"548": "e3932056a33468e189c82262e3518ef361ffdecb"}, {"567": "fd6e4120680b0f4ef05fd305c785af6eeba34339"}, {"578": "e5d1b9a8d357b4c62680f2548c042cae3f87ea7a"}, {"584": "e4f77f998f6f407de942dc115b189559e46e74dd"}], "ctags": [{"_type": "tag", "name": "AnonymousClass7ef739ea0101", "path": "/home/kavia/workspace/code-generation/roadrescue-quickassist-platform-41193-41202/frontend_user_website/src/pages/WhyChooseUsPage.js", "pattern": "/^  return ($/", "language": "JavaScript", "kind": "class", "scope": "CompareCard", "scopeKind": "class"}, {"_type": "tag", "name": "CompareCard", "path": "/home/kavia/workspace/code-generation/roadrescue-quickassist-platform-41193-41202/frontend_user_website/src/pages/WhyChooseUsPage.js", "pattern": "/^function CompareCard({ title, items, tone = \"neutral\" }) {$/", "language": "JavaScript", "kind": "function", "signature": "({ title, items, tone = \"neutral\" })"}, {"_type": "tag", "name": "Reason", "path": "/home/kavia/workspace/code-generation/roadrescue-quickassist-platform-41193-41202/frontend_user_website/src/pages/WhyChooseUsPage.js", "pattern": "/^function Reason({ icon, title, text }) {$/", "language": "JavaScript", "kind": "function", "signature": "({ icon, title, text })"}, {"_type": "tag", "name": "WhyChooseUsPage", "path": "/home/kavia/workspace/code-generation/roadrescue-quickassist-platform-41193-41202/frontend_user_website/src/pages/WhyChooseUsPage.js", "pattern": "/^export function WhyChooseUsPage() {$/", "language": "JavaScript", "kind": "function", "signature": "()"}, {"_type": "tag", "name": "[ \"Fast digital request intake with clear fields\", \"Status updates in a clean dashboard\", \"Secure authentication architecture (Supabase)\", \"SMS notification capability (Twilio)\", \"Designed for mobile-first use\", ]", "path": "/home/kavia/workspace/code-generation/roadrescue-quickassist-platform-41193-41202/frontend_user_website/src/pages/WhyChooseUsPage.js", "pattern": "/^                \"Fast digital request intake with clear fields\",$/", "language": "JavaScript", "kind": "field", "scope": "items", "scopeKind": "class"}, {"_type": "tag", "name": "[ \"Multiple calls and repeated questions\", \"Unclear progress updates\", \"Hard to reference details later\", \"Long hold times during peak periods\", \"Inconsistent driver experience across agents\", ]", "path": "/home/kavia/workspace/code-generation/roadrescue-quickassist-platform-41193-41202/frontend_user_website/src/pages/WhyChooseUsPage.js", "pattern": "/^                \"Multiple calls and repeated questions\",$/", "language": "JavaScript", "kind": "field", "scope": "items", "scopeKind": "class"}, {"_type": "tag", "name": "tone", "path": "/home/kavia/workspace/code-generation/roadrescue-quickassist-platform-41193-41202/frontend_user_website/src/pages/WhyChooseUsPage.js", "pattern": "/^    <div className={tone === \"good\" ? \"mk-compare mk-compare--good\" : tone === \"bad\" ? \"mk-compa/", "language": "JavaScript", "kind": "property", "scope": "CompareCard.AnonymousClass7ef739ea0101", "scopeKind": "class"}], "hash": "af59190fcc57e53ed9e9ba8aebcc7976", "format-version": 4, "code-base-name": "frontend_user_website", "filename": "frontend_user_website/src/pages/WhyChooseUsPage.js", "fields": [{"name": "\"Fast digital request intake with clear fields\",", "scope": "items", "scopeKind": "class", "description": "unavailable"}, {"name": "\"Multiple calls and repeated questions\",", "scope": "items", "scopeKind": "class", "description": "unavailable"}, {"name": "<div className={tone === \"good\" ? \"mk-compare mk-compare--good\" : tone === \"bad\" ? \"mk-compa/", "scope": "CompareCard.AnonymousClass7ef739ea0101", "scopeKind": "class", "description": "unavailable"}]}