{"is_source_file": false, "format": "", "description": "", "external_files": [], "external_methods": [], "published": [], "classes": [], "methods": [], "calls": [], "search-terms": [], "state": 2, "file_id": 69, "knowledge_revision": 529, "git_revision": "9460f7d0c136032955309efdf7db8099b0ca36a0", "revision_history": [{"375": "d7094c8bb3d5eeb9c23cb2ddab9b21d37ee8dfc5"}, {"450": "f4f353c6c2a7e959dc97c16c3a142856210321dc"}, {"491": "aa7b96cf8e27c0882bd83c9d4ee4055036daa406"}, {"529": "9460f7d0c136032955309efdf7db8099b0ca36a0"}], "hash": "712ff99e412b3599f976bde3a04e9f41", "format-version": 4, "code-base-name": "frontend_user_website", "filename": "frontend_user_website/src/App.css"}