{"is_source_file": true, "format": "JavaScript (React JSX)", "description": "This is a React component file for the 'How It Works' informational page of the RoadRescue QuickAssist platform. It includes multiple sub-components such as FlowStep and FaqItem, and defines the main exported component HowItWorksPage, which renders sections describing the process flow and FAQ for the service.", "external_files": ["../hooks/useScrollReveal", "react", "react-router-dom", "../components/ui/Card", "../components/ui/Button", "../components/ui/Container", "../context/AuthContext"], "external_methods": ["useScrollReveal", "useNavigate", "useAuth"], "published": ["HowItWorksPage"], "classes": [], "methods": [{"name": "FlowStep({ n, icon, title, subtitle, bullets })", "description": "A React component representing a single step in the process flow, displaying an icon, title, subtitle, and bullet points.", "scope": "", "scopeKind": ""}, {"name": "FaqItem({ q, a, open, onToggle, id })", "description": "A React component representing a FAQ question and answer toggle item.", "scope": "", "scopeKind": ""}, {"name": "HowItWorksPage()", "scope": "", "scopeKind": "", "description": "unavailable"}], "calls": ["useNavigate()", "useAuth()", "useScrollReveal()", "navigate()"], "search-terms": ["HowItWorksPage", "FlowStep", "FaqItem", "RoadRescue", "QuickAssist", "UI", "FAQ", "Process", "Roadside assistance", "React page"], "state": 2, "file_id": 109, "knowledge_revision": 583, "git_revision": "e4f77f998f6f407de942dc115b189559e46e74dd", "revision_history": [{"536": "9460f7d0c136032955309efdf7db8099b0ca36a0"}, {"546": "e3932056a33468e189c82262e3518ef361ffdecb"}, {"566": "e3932056a33468e189c82262e3518ef361ffdecb"}, {"577": "e5d1b9a8d357b4c62680f2548c042cae3f87ea7a"}, {"583": "e4f77f998f6f407de942dc115b189559e46e74dd"}], "ctags": [{"_type": "tag", "name": " ${title}", "path": "/home/kavia/workspace/code-generation/roadrescue-quickassist-platform-41193-41202/frontend_user_website/src/pages/HowItWorksPage.js", "pattern": "/^      title={`${n}. ${title}`}$/", "language": "JavaScript", "kind": "field", "scope": "FlowStep.title.${n}", "scopeKind": "class"}, {"_type": "tag", "name": "1", "path": "/home/kavia/workspace/code-generation/roadrescue-quickassist-platform-41193-41202/frontend_user_website/src/pages/HowItWorksPage.js", "pattern": "/^              n={1}$/", "language": "JavaScript", "kind": "field", "scope": "n", "scopeKind": "class"}, {"_type": "tag", "name": "2", "path": "/home/kavia/workspace/code-generation/roadrescue-quickassist-platform-41193-41202/frontend_user_website/src/pages/HowItWorksPage.js", "pattern": "/^              n={2}$/", "language": "JavaScript", "kind": "field", "scope": "n", "scopeKind": "class"}, {"_type": "tag", "name": "3", "path": "/home/kavia/workspace/code-generation/roadrescue-quickassist-platform-41193-41202/frontend_user_website/src/pages/HowItWorksPage.js", "pattern": "/^              n={3}$/", "language": "JavaScript", "kind": "field", "scope": "n", "scopeKind": "class"}, {"_type": "tag", "name": "4", "path": "/home/kavia/workspace/code-generation/roadrescue-quickassist-platform-41193-41202/frontend_user_website/src/pages/HowItWorksPage.js", "pattern": "/^              n={4}$/", "language": "JavaScript", "kind": "field", "scope": "n", "scopeKind": "class"}, {"_type": "tag", "name": "FaqItem", "path": "/home/kavia/workspace/code-generation/roadrescue-quickassist-platform-41193-41202/frontend_user_website/src/pages/HowItWorksPage.js", "pattern": "/^function FaqItem({ q, a, open, onToggle, id }) {$/", "language": "JavaScript", "kind": "function", "signature": "({ q, a, open, onToggle, id })"}, {"_type": "tag", "name": "FlowStep", "path": "/home/kavia/workspace/code-generation/roadrescue-quickassist-platform-41193-41202/frontend_user_website/src/pages/HowItWorksPage.js", "pattern": "/^function FlowStep({ n, icon, title, subtitle, bullets }) {$/", "language": "JavaScript", "kind": "function", "signature": "({ n, icon, title, subtitle, bullets })"}, {"_type": "tag", "name": "HowItWorksPage", "path": "/home/kavia/workspace/code-generation/roadrescue-quickassist-platform-41193-41202/frontend_user_website/src/pages/HowItWorksPage.js", "pattern": "/^export function HowItWorksPage() {$/", "language": "JavaScript", "kind": "function", "signature": "()"}, {"_type": "tag", "name": "[ \"Add vehicle details and the issue description (flat tire, battery, warning lights, etc.).\", \"Share your contact phone number for coordination.\", \"Provide an address or descriptive location (MVP: no maps, no GPS permissions).\", ]", "path": "/home/kavia/workspace/code-generation/roadrescue-quickassist-platform-41193-41202/frontend_user_website/src/pages/HowItWorksPage.js", "pattern": "/^                \"Add vehicle details and the issue description (flat tire, battery, warning ligh/", "language": "JavaScript", "kind": "field", "scope": "bullets", "scopeKind": "class"}, {"_type": "tag", "name": "[ \"In the full product, requests are matched by availability and service capability.\", \"Mechanic approvals and profiles support a vetted network.\", \"The UI is built to scale without introducing complexity for drivers.\", ]", "path": "/home/kavia/workspace/code-generation/roadrescue-quickassist-platform-41193-41202/frontend_user_website/src/pages/HowItWorksPage.js", "pattern": "/^                \"In the full product, requests are matched by availability and service capabilit/", "language": "JavaScript", "kind": "field", "scope": "bullets", "scopeKind": "class"}, {"_type": "tag", "name": "[ \"Mechanic arrives and coordinates next steps using the request details.\", \"Completion updates close the loop in your dashboard.\", \"The experience is optimized for mobile-first use on the roadside.\", ]", "path": "/home/kavia/workspace/code-generation/roadrescue-quickassist-platform-41193-41202/frontend_user_website/src/pages/HowItWorksPage.js", "pattern": "/^                \"Mechanic arrives and coordinates next steps using the request details.\",$/", "language": "JavaScript", "kind": "field", "scope": "bullets", "scopeKind": "class"}, {"_type": "tag", "name": "[ \"Status badges and request history keep you informed without repeated calls.\", \"SMS updates are supported via Twilio integration (capability).\", \"Your request page provides a single source of truth for progress.\", ]", "path": "/home/kavia/workspace/code-generation/roadrescue-quickassist-platform-41193-41202/frontend_user_website/src/pages/HowItWorksPage.js", "pattern": "/^                \"Status badges and request history keep you informed without repeated calls.\",$/", "language": "JavaScript", "kind": "field", "scope": "bullets", "scopeKind": "class"}, {"_type": "tag", "name": "subtitle", "path": "/home/kavia/workspace/code-generation/roadrescue-quickassist-platform-41193-41202/frontend_user_website/src/pages/HowItWorksPage.js", "pattern": "/^      subtitle={subtitle}$/", "language": "JavaScript", "kind": "field", "scope": "FlowStep.subtitle", "scopeKind": "class"}], "hash": "99959dfea066da5c9cb8c747299bfda4", "format-version": 4, "code-base-name": "frontend_user_website", "filename": "frontend_user_website/src/pages/HowItWorksPage.js", "fields": [{"name": "title={`${n}. ${title}`}", "scope": "FlowStep.title.${n}", "scopeKind": "class", "description": "unavailable"}, {"name": "n={1}", "scope": "n", "scopeKind": "class", "description": "unavailable"}, {"name": "n={2}", "scope": "n", "scopeKind": "class", "description": "unavailable"}, {"name": "n={3}", "scope": "n", "scopeKind": "class", "description": "unavailable"}, {"name": "n={4}", "scope": "n", "scopeKind": "class", "description": "unavailable"}, {"name": "\"Add vehicle details and the issue description (flat tire, battery, warning ligh/", "scope": "bullets", "scopeKind": "class", "description": "unavailable"}, {"name": "\"In the full product, requests are matched by availability and service capabilit/", "scope": "bullets", "scopeKind": "class", "description": "unavailable"}, {"name": "\"Mechanic arrives and coordinates next steps using the request details.\",", "scope": "bullets", "scopeKind": "class", "description": "unavailable"}, {"name": "\"Status badges and request history keep you informed without repeated calls.\",", "scope": "bullets", "scopeKind": "class", "description": "unavailable"}, {"name": "subtitle={subtitle}", "scope": "FlowStep.subtitle", "scopeKind": "class", "description": "unavailable"}]}