{"is_source_file": true, "format": "JavaScript", "description": "This file defines the React component 'SubmitRequestPage' used for submitting vehicle breakdown requests. It manages form inputs, user location detection via geolocation, reverse geocoding, validation, and submission logic within a vehicle help or roadside assistance web app.", "external_files": ["../components/ui/Card", "../components/ui/Input", "../components/ui/Button", "../components/MapView", "../services/dataService", "../utils/fetchClient", "react", "react-router-dom"], "external_methods": ["useNavigate", "fetchClient"], "published": ["SubmitRequestPage"], "classes": [], "methods": [{"name": "parseNumberOrNull(v)", "description": "Parses a string or number input to a finite number or returns null if invalid.", "scope": "", "scopeKind": ""}, {"name": "reverseGeocodeNominatim({ lat, lng })", "description": "Performs reverse geocoding using OpenStreetMap Nominatim to get an address from latitude and longitude.", "scope": "", "scopeKind": ""}, {"name": "formatCoord(n)", "description": "Formats a number to a string with up to 6 decimal places for map display.", "scope": "", "scopeKind": ""}, {"name": "geolocationErrorToMessage(err)", "description": "Converts geolocation error codes to user-friendly messages.", "scope": "", "scopeKind": ""}, {"name": "SubmitRequestPage({ user })", "scope": "", "scopeKind": "", "description": "unavailable"}], "calls": ["useNavigate", "fetchClient", "reverseGeocodeNominatim", "validate", "setLatText", "setLngText", "setLocationStatus", "setError", "dataService.createRequest", "navigate"], "search-terms": ["SubmitRequestPage", "reverseGeocodeNominatim", "useNavigate", "MapView", "geolocation", "location", "vehicle", "breakdown request"], "state": 2, "file_id": 89, "knowledge_revision": 421, "git_revision": "adddec63496c05acbad8f707fc07bd60b2d8ca52", "revision_history": [{"370": "d7094c8bb3d5eeb9c23cb2ddab9b21d37ee8dfc5"}, {"376": "d7094c8bb3d5eeb9c23cb2ddab9b21d37ee8dfc5"}, {"416": "f4f353c6c2a7e959dc97c16c3a142856210321dc"}, {"421": "adddec63496c05acbad8f707fc07bd60b2d8ca52"}], "ctags": [{"_type": "tag", "name": "280", "path": "/home/kavia/workspace/code-generation/roadrescue-quickassist-platform-41193-41202/frontend_user_website/src/pages/SubmitRequestPage.js", "pattern": "/^            height={280}$/", "language": "JavaScript", "kind": "field", "scope": "height", "scopeKind": "class"}, {"_type": "tag", "name": "4", "path": "/home/kavia/workspace/code-generation/roadrescue-quickassist-platform-41193-41202/frontend_user_website/src/pages/SubmitRequestPage.js", "pattern": "/^              rows={4}$/", "language": "JavaScript", "kind": "field", "scope": "SubmitRequestPage.rows", "scopeKind": "class"}, {"_type": "tag", "name": "SubmitRequestPage", "path": "/home/kavia/workspace/code-generation/roadrescue-quickassist-platform-41193-41202/frontend_user_website/src/pages/SubmitRequestPage.js", "pattern": "/^export function SubmitRequestPage({ user }) {$/", "language": "JavaScript", "kind": "function", "signature": "({ user })"}, {"_type": "tag", "name": "contact", "path": "/home/kavia/workspace/code-generation/roadrescue-quickassist-platform-41193-41202/frontend_user_website/src/pages/SubmitRequestPage.js", "pattern": "/^              value={contact.name}$/", "language": "JavaScript", "kind": "field", "scope": "SubmitRequestPage.value", "scopeKind": "class"}, {"_type": "tag", "name": "contact", "path": "/home/kavia/workspace/code-generation/roadrescue-quickassist-platform-41193-41202/frontend_user_website/src/pages/SubmitRequestPage.js", "pattern": "/^              value={contact.phone}$/", "language": "JavaScript", "kind": "field", "scope": "SubmitRequestPage.value", "scopeKind": "class"}, {"_type": "tag", "name": "formatCoord", "path": "/home/kavia/workspace/code-generation/roadrescue-quickassist-platform-41193-41202/frontend_user_website/src/pages/SubmitRequestPage.js", "pattern": "/^function formatCoord(n) {$/", "language": "JavaScript", "kind": "function", "signature": "(n)"}, {"_type": "tag", "name": "geolocationErrorToMessage", "path": "/home/kavia/workspace/code-generation/roadrescue-quickassist-platform-41193-41202/frontend_user_website/src/pages/SubmitRequestPage.js", "pattern": "/^function geolocationErrorToMessage(err) {$/", "language": "JavaScript", "kind": "function", "signature": "(err)"}, {"_type": "tag", "name": "issueDescription", "path": "/home/kavia/workspace/code-generation/roadrescue-quickassist-platform-41193-41202/frontend_user_website/src/pages/SubmitRequestPage.js", "pattern": "/^              value={issueDescription}$/", "language": "JavaScript", "kind": "field", "scope": "SubmitRequestPage.value", "scopeKind": "class"}, {"_type": "tag", "name": "latText", "path": "/home/kavia/workspace/code-generation/roadrescue-quickassist-platform-41193-41202/frontend_user_website/src/pages/SubmitRequestPage.js", "pattern": "/^              value={latText}$/", "language": "JavaScript", "kind": "field", "scope": "value", "scopeKind": "class"}, {"_type": "tag", "name": "lngText", "path": "/home/kavia/workspace/code-generation/roadrescue-quickassist-platform-41193-41202/frontend_user_website/src/pages/SubmitRequestPage.js", "pattern": "/^              value={lngText}$/", "language": "JavaScript", "kind": "field", "scope": "value", "scopeKind": "class"}, {"_type": "tag", "name": "locating", "path": "/home/kavia/workspace/code-generation/roadrescue-quickassist-platform-41193-41202/frontend_user_website/src/pages/SubmitRequestPage.js", "pattern": "/^                  disabled={locating}$/", "language": "JavaScript", "kind": "field", "scope": "SubmitRequestPage.disabled", "scopeKind": "class"}, {"_type": "tag", "name": "locating", "path": "/home/kavia/workspace/code-generation/roadrescue-quickassist-platform-41193-41202/frontend_user_website/src/pages/SubmitRequestPage.js", "pattern": "/^              disabled={locating}$/", "language": "JavaScript", "kind": "field", "scope": "disabled", "scopeKind": "class"}, {"_type": "tag", "name": "locationText", "path": "/home/kavia/workspace/code-generation/roadrescue-quickassist-platform-41193-41202/frontend_user_website/src/pages/SubmitRequestPage.js", "pattern": "/^                  value={locationText}$/", "language": "JavaScript", "kind": "field", "scope": "SubmitRequestPage.value", "scopeKind": "class"}, {"_type": "tag", "name": "marker", "path": "/home/kavia/workspace/code-generation/roadrescue-quickassist-platform-41193-41202/frontend_user_website/src/pages/SubmitRequestPage.js", "pattern": "/^            center={marker || undefined}$/", "language": "JavaScript", "kind": "field", "scope": "center", "scopeKind": "class"}, {"_type": "tag", "name": "marker", "path": "/home/kavia/workspace/code-generation/roadrescue-quickassist-platform-41193-41202/frontend_user_website/src/pages/SubmitRequestPage.js", "pattern": "/^            marker={marker || undefined}$/", "language": "JavaScript", "kind": "field", "scope": "marker", "scopeKind": "class"}, {"_type": "tag", "name": "onFindMyLocation", "path": "/home/kavia/workspace/code-generation/roadrescue-quickassist-platform-41193-41202/frontend_user_website/src/pages/SubmitRequestPage.js", "pattern": "/^                  onClick={onFindMyLocation}$/", "language": "JavaScript", "kind": "field", "scope": "SubmitRequestPage.onClick", "scopeKind": "class"}, {"_type": "tag", "name": "parseNumberOrNull", "path": "/home/kavia/workspace/code-generation/roadrescue-quickassist-platform-41193-41202/frontend_user_website/src/pages/SubmitRequestPage.js", "pattern": "/^function parseNumberOrNull(v) {$/", "language": "JavaScript", "kind": "function", "signature": "(v)"}, {"_type": "tag", "name": "reverseGeocodeNominatim", "path": "/home/kavia/workspace/code-generation/roadrescue-quickassist-platform-41193-41202/frontend_user_website/src/pages/SubmitRequestPage.js", "pattern": "/^async function reverseGeocodeNominatim({ lat, lng }) {$/", "language": "JavaScript", "kind": "function", "signature": "({ lat, lng })"}, {"_type": "tag", "name": "trim() ? \"input-error\" : \"\"}", "path": "/home/kavia/workspace/code-generation/roadrescue-quickassist-platform-41193-41202/frontend_user_website/src/pages/SubmitRequestPage.js", "pattern": "/^              className={`textarea ${error && !issueDescription.trim() ? \"input-error\" : \"\"}`}$/", "language": "JavaScript", "kind": "field", "scope": "SubmitRequestPage.className.textarea ${error && !issueDescription", "scopeKind": "class"}, {"_type": "tag", "name": "vehicle", "path": "/home/kavia/workspace/code-generation/roadrescue-quickassist-platform-41193-41202/frontend_user_website/src/pages/SubmitRequestPage.js", "pattern": "/^              value={vehicle.make}$/", "language": "JavaScript", "kind": "field", "scope": "SubmitRequestPage.value", "scopeKind": "class"}, {"_type": "tag", "name": "vehicle", "path": "/home/kavia/workspace/code-generation/roadrescue-quickassist-platform-41193-41202/frontend_user_website/src/pages/SubmitRequestPage.js", "pattern": "/^              value={vehicle.model}$/", "language": "JavaScript", "kind": "field", "scope": "SubmitRequestPage.value", "scopeKind": "class"}, {"_type": "tag", "name": "vehicle", "path": "/home/kavia/workspace/code-generation/roadrescue-quickassist-platform-41193-41202/frontend_user_website/src/pages/SubmitRequestPage.js", "pattern": "/^              value={vehicle.plate}$/", "language": "JavaScript", "kind": "field", "scope": "SubmitRequestPage.value", "scopeKind": "class"}, {"_type": "tag", "name": "vehicle", "path": "/home/kavia/workspace/code-generation/roadrescue-quickassist-platform-41193-41202/frontend_user_website/src/pages/SubmitRequestPage.js", "pattern": "/^              value={vehicle.year}$/", "language": "JavaScript", "kind": "field", "scope": "SubmitRequestPage.value", "scopeKind": "class"}], "hash": "7ce06c0d1e74497ec05bd929f2f32221", "format-version": 4, "code-base-name": "frontend_user_website", "filename": "frontend_user_website/src/pages/SubmitRequestPage.js", "fields": [{"name": "height={280}", "scope": "height", "scopeKind": "class", "description": "unavailable"}, {"name": "rows={4}", "scope": "SubmitRequestPage.rows", "scopeKind": "class", "description": "unavailable"}, {"name": "value={contact.name}", "scope": "SubmitRequestPage.value", "scopeKind": "class", "description": "unavailable"}, {"name": "value={contact.phone}", "scope": "SubmitRequestPage.value", "scopeKind": "class", "description": "unavailable"}, {"name": "value={issueDescription}", "scope": "SubmitRequestPage.value", "scopeKind": "class", "description": "unavailable"}, {"name": "value={latText}", "scope": "value", "scopeKind": "class", "description": "unavailable"}, {"name": "value={lngText}", "scope": "value", "scopeKind": "class", "description": "unavailable"}, {"name": "disabled={locating}", "scope": "SubmitRequestPage.disabled", "scopeKind": "class", "description": "unavailable"}, {"name": "value={locationText}", "scope": "SubmitRequestPage.value", "scopeKind": "class", "description": "unavailable"}, {"name": "center={marker || undefined}", "scope": "center", "scopeKind": "class", "description": "unavailable"}, {"name": "marker={marker || undefined}", "scope": "marker", "scopeKind": "class", "description": "unavailable"}, {"name": "onClick={onFindMyLocation}", "scope": "SubmitRequestPage.onClick", "scopeKind": "class", "description": "unavailable"}, {"name": "className={`textarea ${error && !issueDescription.trim() ? \"input-error\" : \"\"}`}", "scope": "SubmitRequestPage.className.textarea ${error && !issueDescription", "scopeKind": "class", "description": "unavailable"}, {"name": "value={vehicle.make}", "scope": "SubmitRequestPage.value", "scopeKind": "class", "description": "unavailable"}, {"name": "value={vehicle.model}", "scope": "SubmitRequestPage.value", "scopeKind": "class", "description": "unavailable"}, {"name": "value={vehicle.plate}", "scope": "SubmitRequestPage.value", "scopeKind": "class", "description": "unavailable"}, {"name": "value={vehicle.year}", "scope": "SubmitRequestPage.value", "scopeKind": "class", "description": "unavailable"}]}