{"is_source_file": true, "format": "JavaScript", "description": "This file defines application configuration settings using environment variables for a React project, including Supabase configuration and a boot timeout.", "external_files": ["process.env"], "external_methods": ["String()", "Number()", "Number.isFinite()"], "published": ["appConfig"], "classes": [], "methods": [{"name": "getRequiredEnv(name)", "description": "Retrieves an environment variable by name, converting it to a string and trimming whitespace.", "scope": "", "scopeKind": ""}], "calls": ["getRequiredEnv", "Number()", "Number.isFinite()"], "search-terms": ["appConfig", "REACT_APP_SUPABASE_URL", "REACT_APP_SUPABASE_KEY", "REACT_APP_BOOT_TIMEOUT_MS", "environment variables", "React configuration"], "state": 2, "file_id": 97, "knowledge_revision": 428, "git_revision": "adddec63496c05acbad8f707fc07bd60b2d8ca52", "revision_history": [{"423": "adddec63496c05acbad8f707fc07bd60b2d8ca52"}, {"428": "adddec63496c05acbad8f707fc07bd60b2d8ca52"}], "ctags": [{"_type": "tag", "name": "appConfig", "path": "/home/kavia/workspace/code-generation/roadrescue-quickassist-platform-41193-41202/frontend_user_website/src/config/appConfig.js", "pattern": "/^export const appConfig = {$/", "language": "JavaScript", "kind": "class"}, {"_type": "tag", "name": "bootTimeoutMs", "path": "/home/kavia/workspace/code-generation/roadrescue-quickassist-platform-41193-41202/frontend_user_website/src/config/appConfig.js", "pattern": "/^  bootTimeoutMs: (() => {$/", "language": "JavaScript", "kind": "property", "scope": "appConfig", "scopeKind": "class"}, {"_type": "tag", "name": "getRequiredEnv", "path": "/home/kavia/workspace/code-generation/roadrescue-quickassist-platform-41193-41202/frontend_user_website/src/config/appConfig.js", "pattern": "/^function getRequiredEnv(name) {$/", "language": "JavaScript", "kind": "function", "signature": "(name)"}, {"_type": "tag", "name": "supabaseAnonKey", "path": "/home/kavia/workspace/code-generation/roadrescue-quickassist-platform-41193-41202/frontend_user_website/src/config/appConfig.js", "pattern": "/^  supabaseAnonKey: getRequiredEnv(\"REACT_APP_SUPABASE_KEY\"),$/", "language": "JavaScript", "kind": "property", "scope": "appConfig", "scopeKind": "class"}, {"_type": "tag", "name": "supabaseUrl", "path": "/home/kavia/workspace/code-generation/roadrescue-quickassist-platform-41193-41202/frontend_user_website/src/config/appConfig.js", "pattern": "/^  supabaseUrl: getRequiredEnv(\"REACT_APP_SUPABASE_URL\"),$/", "language": "JavaScript", "kind": "property", "scope": "appConfig", "scopeKind": "class"}], "hash": "a75654d03c225407ca59a251ae689845", "format-version": 4, "code-base-name": "frontend_user_website", "filename": "frontend_user_website/src/config/appConfig.js", "fields": [{"name": "bootTimeoutMs: (() => {", "scope": "appConfig", "scopeKind": "class", "description": "unavailable"}, {"name": "supabaseAnonKey: getRequiredEnv(\"REACT_APP_SUPABASE_KEY\"),", "scope": "appConfig", "scopeKind": "class", "description": "unavailable"}, {"name": "supabaseUrl: getRequiredEnv(\"REACT_APP_SUPABASE_URL\"),", "scope": "appConfig", "scopeKind": "class", "description": "unavailable"}]}