{"is_source_file": true, "format": "JavaScript (React JSX)", "description": "This file defines a React functional component named 'Modal' which renders a customizable modal dialog with optional footer content. It handles keyboard events for closing on Escape key and supports backdrop click to close.", "external_files": ["./Button"], "external_methods": [], "published": ["Modal"], "classes": [], "methods": [{"name": "Modal({ open, title, children, onClose, footer })", "description": "React functional component that renders a modal dialog, handling open/close state and accessibility properties.", "scope": "", "scopeKind": ""}], "calls": ["React.useEffect", "window.addEventListener", "window.removeEventListener", "Button"], "search-terms": ["React modal component", "keyboard close", "useEffect modal", "accessible dialog", "JSX modal"], "state": 2, "file_id": 84, "knowledge_revision": 367, "git_revision": "d7094c8bb3d5eeb9c23cb2ddab9b21d37ee8dfc5", "ctags": [{"_type": "tag", "name": "Modal", "path": "/home/kavia/workspace/code-generation/roadrescue-quickassist-platform-41193-41202/frontend_user_website/src/components/ui/Modal.js", "pattern": "/^export function Modal({ open, title, children, onClose, footer }) {$/", "language": "JavaScript", "kind": "function", "signature": "({ open, title, children, onClose, footer })"}], "hash": "89ed8f17dde335046da1f35d43a17d3c", "format-version": 4, "code-base-name": "frontend_user_website", "filename": "frontend_user_website/src/components/ui/Modal.js", "revision_history": [{"367": "d7094c8bb3d5eeb9c23cb2ddab9b21d37ee8dfc5"}]}