{"is_source_file": true, "format": "JavaScript", "description": "This file defines a utility function 'fetchClient' that acts as a wrapper around the standard fetch API, providing a simplified interface for network requests.", "external_files": [], "external_methods": ["fetch"], "published": ["fetchClient"], "classes": [], "methods": [{"name": "fetchClient(input, init)", "description": "Asynchronous function that wraps the fetch API, allowing network requests with given input and initialization parameters.", "scope": "", "scopeKind": ""}], "calls": ["fetch"], "search-terms": ["fetchClient", "fetch", "network wrapper", "utility"], "state": 2, "file_id": 99, "knowledge_revision": 431, "git_revision": "fe63037cb13ed9778021272beaaedbedfeec96f2", "revision_history": [{"427": "adddec63496c05acbad8f707fc07bd60b2d8ca52"}, {"431": "fe63037cb13ed9778021272beaaedbedfeec96f2"}], "ctags": [{"_type": "tag", "name": "fetchClient", "path": "/home/kavia/workspace/code-generation/roadrescue-quickassist-platform-41193-41202/frontend_user_website/src/utils/fetchClient.js", "pattern": "/^export async function fetchClient(input, init) {$/", "language": "JavaScript", "kind": "function", "signature": "(input, init)"}], "hash": "d6be4fd438fbbf45e8e22657e4846f78", "format-version": 4, "code-base-name": "frontend_user_website", "filename": "frontend_user_website/src/utils/fetchClient.js"}