{"is_source_file": true, "format": "JavaScript (React JSX)", "description": "This file defines a React functional component called Navbar that provides a responsive, role-based navigation bar for the frontend user interface of a web application. It includes links for both unauthenticated and authenticated users, with features like a logo, menu toggle button for mobile view, and logout functionality.", "external_files": ["../ui/Button", "../../context/AuthContext", "react", "react-router-dom"], "external_methods": ["useAuth", "useNavigate", "Link", "NavLink", "logout"], "published": ["Navbar"], "classes": [], "methods": [{"name": "navLinkClass({ isActive })", "description": "Determines the CSS class for navigation links based on whether the link is active.", "scope": "", "scopeKind": ""}, {"name": "onLogout", "description": "Asynchronous function that logs out the user, closes the menu if open, and redirects to the home page."}, {"name": "Navbar()", "scope": "", "scopeKind": "", "description": "unavailable"}], "calls": ["useNavigate", "useAuth", "logout", "setOpen", "navigate", "React.useMemo", "React.useState", "Link", "NavLink", "setOpen", "onLogout"], "search-terms": ["Navbar", "role-based navigation", "responsive menu", "React", "react-router-dom", "AuthContext", "logout", "navigation links"], "state": 2, "file_id": 78, "knowledge_revision": 560, "git_revision": "24f36ee5e8761b4a95f8454773a91e956632118a", "revision_history": [{"361": "0c3d79b311925402e0dd354a955e3011ebb3a8e0"}, {"518": "9460f7d0c136032955309efdf7db8099b0ca36a0"}, {"541": "e3932056a33468e189c82262e3518ef361ffdecb"}, {"553": "e3932056a33468e189c82262e3518ef361ffdecb"}, {"554": "d2f7cd26a55e78651fb2479bac9182162217b451"}, {"555": "2dfd3e6f3ad87167c3379d1b386bc7a276d460ac"}, {"556": "17f770753df0a9e7325f0905dddd4ab9c1d4ffee"}, {"557": "494b220c8c91a565826839d6261b290b7ca40300"}, {"558": "7ed81e5e8f60d8809b9a7e26bcba2cb3ee689aab"}, {"559": "591a443fa23725e4044e58fe0ba367474f4beca5"}, {"560": "24f36ee5e8761b4a95f8454773a91e956632118a"}], "ctags": [{"_type": "tag", "name": "Navbar", "path": "/home/kavia/workspace/code-generation/roadrescue-quickassist-platform-41193-41202/frontend_user_website/src/components/layout/Navbar.js", "pattern": "/^export function Navbar() {$/", "language": "JavaScript", "kind": "function", "signature": "()"}, {"_type": "tag", "name": "navLinkClass", "path": "/home/kavia/workspace/code-generation/roadrescue-quickassist-platform-41193-41202/frontend_user_website/src/components/layout/Navbar.js", "pattern": "/^function navLinkClass({ isActive }) {$/", "language": "JavaScript", "kind": "function", "signature": "({ isActive })"}, {"_type": "tag", "name": "open", "path": "/home/kavia/workspace/code-generation/roadrescue-quickassist-platform-41193-41202/frontend_user_website/src/components/layout/Navbar.js", "pattern": "/^            aria-expanded={open ? \"true\" : \"false\"}$/", "language": "JavaScript", "kind": "field", "scope": "aria", "scopeKind": "class"}, {"_type": "tag", "name": "open", "path": "/home/kavia/workspace/code-generation/roadrescue-quickassist-platform-41193-41202/frontend_user_website/src/components/layout/Navbar.js", "pattern": "/^            aria-label={open ? \"Close menu\" : \"Open menu\"}$/", "language": "JavaScript", "kind": "field", "scope": "aria", "scopeKind": "class"}], "hash": "de5293fbbc0e031b7b116bc0025f0ba2", "format-version": 4, "code-base-name": "frontend_user_website", "filename": "frontend_user_website/src/components/layout/Navbar.js", "fields": [{"name": "aria-expanded={open ? \"true\" : \"false\"}", "scope": "aria", "scopeKind": "class", "description": "unavailable"}, {"name": "aria-label={open ? \"Close menu\" : \"Open menu\"}", "scope": "aria", "scopeKind": "class", "description": "unavailable"}]}