{"is_source_file": true, "format": "JavaScript (React JSX)", "description": "Main application component for the React frontend, handling routing, user authentication state, and rendering various pages and components.", "external_files": ["./components/layout/Navbar", "./components/layout/Footer", "./routes/RequireAuth", "./services/dataService", "./pages/LoginPage", "./pages/RegisterPage", "./pages/SubmitRequestPage", "./pages/MyRequestsPage", "./pages/RequestDetailPage", "./pages/AboutPage", "./components/demo/TwilioSmsDemoCard", "./App.css"], "external_methods": ["dataService.getCurrentUser", "dataService.subscribeToAuthChanges"], "published": ["React", "useEffect", "useState", "RequireAuth", "dataService", "Navbar", "Footer", "LoginPage", "RegisterPage", "SubmitRequestPage", "MyRequestsPage", "RequestDetailPage", "AboutPage", "TwilioSmsDemoCard"], "classes": [], "methods": [{"name": "App()", "description": "Main React functional component managing authentication, routing, and rendering of pages based on user state.", "scope": "", "scopeKind": ""}], "calls": ["dataService.getCurrentUser", "dataService.subscribeToAuthChanges", "setUser", "setBooted", "navigate", "React.createElement", "React</Navigate>", "React</RequireAuth>", "React</SubmitRequestPage>", "React</MyRequestsPage>", "React</RequestDetailPage>", "React</AboutPage>", "React</TwilioSmsDemoCard>", "React</div>", "React</main>", "React</Footer>", "React</BrowserRouter>"], "search-terms": ["App.js", "React routing", "authentication", "user session", "RequireAuth", "dataService", "TwilioSmsDemoCard", "RequestDetailPage", "MyRequestsPage"], "state": 2, "file_id": 74, "knowledge_revision": 353, "git_revision": "15b5e00133c728e31f7cfdd11b3f578418e3e946", "ctags": [{"_type": "tag", "name": "App", "path": "/home/kavia/workspace/code-generation/roadrescue-quickassist-platform-41193-41202/frontend_user_website/src/App.js", "pattern": "/^function App() {$/", "language": "JavaScript", "kind": "function", "signature": "()"}, {"_type": "tag", "name": "user", "path": "/home/kavia/workspace/code-generation/roadrescue-quickassist-platform-41193-41202/frontend_user_website/src/App.js", "pattern": "/^            <Route path=\"\\/\" element={<Navigate to={user ? \"\\/submit\" : \"\\/login\"} replace \\/>} /", "language": "JavaScript", "kind": "field", "scope": "App.AnonymousClassb0acc46e0101", "scopeKind": "class"}], "hash": "44594e9a36f6023b8390e68faac40e4d", "format-version": 4, "code-base-name": "frontend_user_website", "filename": "frontend_user_website/src/App.js", "fields": [{"name": "<Route path=\"\\/\" element={<Navigate to={user ? \"\\/submit\" : \"\\/login\"} replace \\/>} /", "scope": "App.AnonymousClassb0acc46e0101", "scopeKind": "class", "description": "unavailable"}], "revision_history": [{"353": "15b5e00133c728e31f7cfdd11b3f578418e3e946"}]}