{"is_source_file": true, "format": "JavaScript (React JSX)", "description": "This file defines the AboutPage React component for the frontend user website, providing information about the QuickAssist MVP, its authentication setup, and environment variables.", "external_files": ["../components/ui/Card", "@supabase/supabase-js"], "external_methods": ["supabase.auth"], "published": ["AboutPage"], "classes": [], "methods": [{"name": "AboutPage()", "description": "React functional component that renders the About page with information about the QuickAssist MVP and its authentication details.", "scope": "", "scopeKind": ""}], "calls": ["React", "Card"], "search-terms": ["AboutPage", "React", "supabase.auth", "Card component", "environment variables", "QuickAssist MVP"], "state": 2, "file_id": 87, "knowledge_revision": 446, "git_revision": "7066161a9c2ce915109ac9413e83d53395dd4a5b", "revision_history": [{"369": "d7094c8bb3d5eeb9c23cb2ddab9b21d37ee8dfc5"}, {"435": "fe63037cb13ed9778021272beaaedbedfeec96f2"}, {"446": "7066161a9c2ce915109ac9413e83d53395dd4a5b"}], "ctags": [{"_type": "tag", "name": "AboutPage", "path": "/home/kavia/workspace/code-generation/roadrescue-quickassist-platform-41193-41202/frontend_user_website/src/pages/AboutPage.js", "pattern": "/^export function AboutPage() {$/", "language": "JavaScript", "kind": "function", "signature": "()"}], "hash": "68aa976566010fb5c0bde76f55d8c683", "format-version": 4, "code-base-name": "frontend_user_website", "filename": "frontend_user_website/src/pages/AboutPage.js"}