{"is_source_file": true, "format": "JavaScript (React JSX)", "description": "This file defines the 'SubmitRequestPage' React component responsible for rendering a form that allows users to submit a vehicle breakdown request. It includes form fields for vehicle details, issue description, contact info, and location (with geolocation features). It also integrates a map view for location preview and reverse geocoding capabilities. The component interacts with external services like dataService for request creation and fetchClient for API calls.", "external_files": ["../components/ui/Card", "../components/ui/Input", "../components/ui/Button", "../components/MapView", "../services/dataService", "../utils/fetchClient", "../utils/withTimeout"], "external_methods": ["fetchClient", "withTimeout"], "published": ["SubmitRequestPage"], "classes": [], "methods": [{"name": "parseNumberOrNull(v)", "description": "Parses a string or value to a number; returns null if invalid or empty.", "scope": "", "scopeKind": ""}, {"name": "reverseGeocodeNominatim({ lat, lng })", "description": "Performs reverse geocoding using OpenStreetMap Nominatim API to get an address label from latitude and longitude.", "scope": "", "scopeKind": ""}, {"name": "formatCoord(n)", "description": "Formats a number representing a coordinate to a string with fixed decimal places, or returns an empty string if invalid.", "scope": "", "scopeKind": ""}, {"name": "isPermissionDenied(err)", "description": "Checks if a geolocation error corresponds to permission denial.", "scope": "", "scopeKind": ""}, {"name": "geolocationErrorToMessage(err)", "description": "Converts a geolocation error object to a user-friendly message.", "scope": "", "scopeKind": ""}, {"name": "getGeolocationPermissionState()", "description": "Checks the current permission state for geolocation access.", "scope": "", "scopeKind": ""}, {"name": "SubmitRequestPage({ user })", "description": "Main React component rendering a form for submitting vehicle breakdown requests, including location detection and map preview.", "scope": "", "scopeKind": ""}], "calls": ["useNavigate", "dataService.createRequest", "fetchClient", "withTimeout", "reverseGeocodeNominatim", "getGeolocationPermissionState"], "search-terms": ["SubmitRequestPage", "geolocation", "reverse geocoding", "MapView", "vehicle request form", "location permission", "OpenStreetMap"], "state": 2, "file_id": 89, "knowledge_revision": 465, "git_revision": "adddec63496c05acbad8f707fc07bd60b2d8ca52", "revision_history": [{"370": "d7094c8bb3d5eeb9c23cb2ddab9b21d37ee8dfc5"}, {"376": "d7094c8bb3d5eeb9c23cb2ddab9b21d37ee8dfc5"}, {"416": "f4f353c6c2a7e959dc97c16c3a142856210321dc"}, {"421": "adddec63496c05acbad8f707fc07bd60b2d8ca52"}, {"465": "adddec63496c05acbad8f707fc07bd60b2d8ca52"}], "ctags": [{"_type": "tag", "name": "4", "path": "/home/kavia/workspace/code-generation/roadrescue-quickassist-platform-41193-41202/frontend_user_website/src/pages/SubmitRequestPage.js", "pattern": "/^              rows={4}$/", "language": "JavaScript", "kind": "field", "scope": "SubmitRequestPage.rows", "scopeKind": "class"}, {"_type": "tag", "name": "SubmitRequestPage", "path": "/home/kavia/workspace/code-generation/roadrescue-quickassist-platform-41193-41202/frontend_user_website/src/pages/SubmitRequestPage.js", "pattern": "/^export function SubmitRequestPage({ user }) {$/", "language": "JavaScript", "kind": "function", "signature": "({ user })"}, {"_type": "tag", "name": "contact", "path": "/home/kavia/workspace/code-generation/roadrescue-quickassist-platform-41193-41202/frontend_user_website/src/pages/SubmitRequestPage.js", "pattern": "/^              value={contact.name}$/", "language": "JavaScript", "kind": "field", "scope": "SubmitRequestPage.value", "scopeKind": "class"}, {"_type": "tag", "name": "contact", "path": "/home/kavia/workspace/code-generation/roadrescue-quickassist-platform-41193-41202/frontend_user_website/src/pages/SubmitRequestPage.js", "pattern": "/^              value={contact.phone}$/", "language": "JavaScript", "kind": "field", "scope": "SubmitRequestPage.value", "scopeKind": "class"}, {"_type": "tag", "name": "formatCoord", "path": "/home/kavia/workspace/code-generation/roadrescue-quickassist-platform-41193-41202/frontend_user_website/src/pages/SubmitRequestPage.js", "pattern": "/^function formatCoord(n) {$/", "language": "JavaScript", "kind": "function", "signature": "(n)"}, {"_type": "tag", "name": "geolocationErrorToMessage", "path": "/home/kavia/workspace/code-generation/roadrescue-quickassist-platform-41193-41202/frontend_user_website/src/pages/SubmitRequestPage.js", "pattern": "/^function geolocationErrorToMessage(err) {$/", "language": "JavaScript", "kind": "function", "signature": "(err)"}, {"_type": "tag", "name": "getGeolocationPermissionState", "path": "/home/kavia/workspace/code-generation/roadrescue-quickassist-platform-41193-41202/frontend_user_website/src/pages/SubmitRequestPage.js", "pattern": "/^async function getGeolocationPermissionState() {$/", "language": "JavaScript", "kind": "function", "signature": "()"}, {"_type": "tag", "name": "isPermissionDenied", "path": "/home/kavia/workspace/code-generation/roadrescue-quickassist-platform-41193-41202/frontend_user_website/src/pages/SubmitRequestPage.js", "pattern": "/^function isPermissionDenied(err) {$/", "language": "JavaScript", "kind": "function", "signature": "(err)"}, {"_type": "tag", "name": "issueDescription", "path": "/home/kavia/workspace/code-generation/roadrescue-quickassist-platform-41193-41202/frontend_user_website/src/pages/SubmitRequestPage.js", "pattern": "/^              value={issueDescription}$/", "language": "JavaScript", "kind": "field", "scope": "SubmitRequestPage.value", "scopeKind": "class"}, {"_type": "tag", "name": "latText", "path": "/home/kavia/workspace/code-generation/roadrescue-quickassist-platform-41193-41202/frontend_user_website/src/pages/SubmitRequestPage.js", "pattern": "/^              value={latText}$/", "language": "JavaScript", "kind": "field", "scope": "value", "scopeKind": "class"}, {"_type": "tag", "name": "lngText", "path": "/home/kavia/workspace/code-generation/roadrescue-quickassist-platform-41193-41202/frontend_user_website/src/pages/SubmitRequestPage.js", "pattern": "/^              value={lngText}$/", "language": "JavaScript", "kind": "field", "scope": "value", "scopeKind": "class"}, {"_type": "tag", "name": "locating", "path": "/home/kavia/workspace/code-generation/roadrescue-quickassist-platform-41193-41202/frontend_user_website/src/pages/SubmitRequestPage.js", "pattern": "/^                  disabled={locating}$/", "language": "JavaScript", "kind": "field", "scope": "SubmitRequestPage.disabled", "scopeKind": "class"}, {"_type": "tag", "name": "locating", "path": "/home/kavia/workspace/code-generation/roadrescue-quickassist-platform-41193-41202/frontend_user_website/src/pages/SubmitRequestPage.js", "pattern": "/^              disabled={locating}$/", "language": "JavaScript", "kind": "field", "scope": "disabled", "scopeKind": "class"}, {"_type": "tag", "name": "locationText", "path": "/home/kavia/workspace/code-generation/roadrescue-quickassist-platform-41193-41202/frontend_user_website/src/pages/SubmitRequestPage.js", "pattern": "/^                  value={locationText}$/", "language": "JavaScript", "kind": "field", "scope": "SubmitRequestPage.value", "scopeKind": "class"}, {"_type": "tag", "name": "onFindMyLocation", "path": "/home/kavia/workspace/code-generation/roadrescue-quickassist-platform-41193-41202/frontend_user_website/src/pages/SubmitRequestPage.js", "pattern": "/^                  onClick={onFindMyLocation}$/", "language": "JavaScript", "kind": "field", "scope": "SubmitRequestPage.onClick", "scopeKind": "class"}, {"_type": "tag", "name": "parseNumberOrNull", "path": "/home/kavia/workspace/code-generation/roadrescue-quickassist-platform-41193-41202/frontend_user_website/src/pages/SubmitRequestPage.js", "pattern": "/^function parseNumberOrNull(v) {$/", "language": "JavaScript", "kind": "function", "signature": "(v)"}, {"_type": "tag", "name": "reverseGeocodeNominatim", "path": "/home/kavia/workspace/code-generation/roadrescue-quickassist-platform-41193-41202/frontend_user_website/src/pages/SubmitRequestPage.js", "pattern": "/^async function reverseGeocodeNominatim({ lat, lng }) {$/", "language": "JavaScript", "kind": "function", "signature": "({ lat, lng })"}, {"_type": "tag", "name": "trim() ? \"input-error\" : \"\"}", "path": "/home/kavia/workspace/code-generation/roadrescue-quickassist-platform-41193-41202/frontend_user_website/src/pages/SubmitRequestPage.js", "pattern": "/^              className={`textarea ${error && !issueDescription.trim() ? \"input-error\" : \"\"}`}$/", "language": "JavaScript", "kind": "field", "scope": "SubmitRequestPage.className.textarea ${error && !issueDescription", "scopeKind": "class"}, {"_type": "tag", "name": "vehicle", "path": "/home/kavia/workspace/code-generation/roadrescue-quickassist-platform-41193-41202/frontend_user_website/src/pages/SubmitRequestPage.js", "pattern": "/^              value={vehicle.make}$/", "language": "JavaScript", "kind": "field", "scope": "SubmitRequestPage.value", "scopeKind": "class"}, {"_type": "tag", "name": "vehicle", "path": "/home/kavia/workspace/code-generation/roadrescue-quickassist-platform-41193-41202/frontend_user_website/src/pages/SubmitRequestPage.js", "pattern": "/^              value={vehicle.model}$/", "language": "JavaScript", "kind": "field", "scope": "SubmitRequestPage.value", "scopeKind": "class"}, {"_type": "tag", "name": "vehicle", "path": "/home/kavia/workspace/code-generation/roadrescue-quickassist-platform-41193-41202/frontend_user_website/src/pages/SubmitRequestPage.js", "pattern": "/^              value={vehicle.plate}$/", "language": "JavaScript", "kind": "field", "scope": "SubmitRequestPage.value", "scopeKind": "class"}, {"_type": "tag", "name": "vehicle", "path": "/home/kavia/workspace/code-generation/roadrescue-quickassist-platform-41193-41202/frontend_user_website/src/pages/SubmitRequestPage.js", "pattern": "/^              value={vehicle.year}$/", "language": "JavaScript", "kind": "field", "scope": "SubmitRequestPage.value", "scopeKind": "class"}], "hash": "959f0bdb4d9e0bf48ecec80c06711280", "format-version": 4, "code-base-name": "frontend_user_website", "filename": "frontend_user_website/src/pages/SubmitRequestPage.js", "fields": [{"name": "rows={4}", "scope": "SubmitRequestPage.rows", "scopeKind": "class", "description": "unavailable"}, {"name": "value={contact.name}", "scope": "SubmitRequestPage.value", "scopeKind": "class", "description": "unavailable"}, {"name": "value={contact.phone}", "scope": "SubmitRequestPage.value", "scopeKind": "class", "description": "unavailable"}, {"name": "value={issueDescription}", "scope": "SubmitRequestPage.value", "scopeKind": "class", "description": "unavailable"}, {"name": "value={latText}", "scope": "value", "scopeKind": "class", "description": "unavailable"}, {"name": "value={lngText}", "scope": "value", "scopeKind": "class", "description": "unavailable"}, {"name": "disabled={locating}", "scope": "SubmitRequestPage.disabled", "scopeKind": "class", "description": "unavailable"}, {"name": "value={locationText}", "scope": "SubmitRequestPage.value", "scopeKind": "class", "description": "unavailable"}, {"name": "onClick={onFindMyLocation}", "scope": "SubmitRequestPage.onClick", "scopeKind": "class", "description": "unavailable"}, {"name": "className={`textarea ${error && !issueDescription.trim() ? \"input-error\" : \"\"}`}", "scope": "SubmitRequestPage.className.textarea ${error && !issueDescription", "scopeKind": "class", "description": "unavailable"}, {"name": "value={vehicle.make}", "scope": "SubmitRequestPage.value", "scopeKind": "class", "description": "unavailable"}, {"name": "value={vehicle.model}", "scope": "SubmitRequestPage.value", "scopeKind": "class", "description": "unavailable"}, {"name": "value={vehicle.plate}", "scope": "SubmitRequestPage.value", "scopeKind": "class", "description": "unavailable"}, {"name": "value={vehicle.year}", "scope": "SubmitRequestPage.value", "scopeKind": "class", "description": "unavailable"}]}