{"is_source_file": false, "format": "", "description": "", "external_files": [], "external_methods": [], "published": [], "classes": [], "methods": [], "calls": [], "search-terms": [], "state": 2, "file_id": 63, "knowledge_revision": 373, "git_revision": "2e2af0273f995fe0134fd2d4b766db8201a17ecb", "hash": "176a450621e0aaab238ec99b9a549960", "format-version": 4, "code-base-name": "frontend_user_website", "filename": "frontend_user_website/public/index.html", "revision_history": [{"373": "2e2af0273f995fe0134fd2d4b766db8201a17ecb"}]}