{"is_source_file": true, "format": "JavaScript", "description": "This file provides configuration settings for a React application, primarily managing environment variables such as the Supabase URL and keys, and timeout settings. It includes functions to safely read environment variables, validate JWT tokens, and select appropriate keys based on their structure and content.", "external_files": [], "external_methods": ["String.prototype.trim", "process.env", "atob", "JSON.parse"], "published": ["appConfig"], "classes": [], "methods": ["getRequiredEnv", "getFirstNonEmptyEnv", "safeDecodeJwtPayload", "isLikelySupabaseAnonKey", "pickSupabaseAnonKey"], "calls": ["getRequiredEnv", "getFirstNonEmptyEnv", "safeDecodeJwtPayload", "isLikelySupabaseAnonKey", "Number", "String", "Number.isFinite", "JSON.parse", "atob"], "search-terms": ["appConfig", "React env vars", "Supabase config", "JWT validation", "environment variable handling"], "state": 2, "file_id": 97, "knowledge_revision": 500, "git_revision": "7066161a9c2ce915109ac9413e83d53395dd4a5b", "revision_history": [{"423": "adddec63496c05acbad8f707fc07bd60b2d8ca52"}, {"428": "adddec63496c05acbad8f707fc07bd60b2d8ca52"}, {"442": "fe63037cb13ed9778021272beaaedbedfeec96f2"}, {"500": "7066161a9c2ce915109ac9413e83d53395dd4a5b"}], "ctags": [{"_type": "tag", "name": "appConfig", "path": "/home/kavia/workspace/code-generation/roadrescue-quickassist-platform-41193-41202/frontend_user_website/src/config/appConfig.js", "pattern": "/^export const appConfig = {$/", "language": "JavaScript", "kind": "class"}, {"_type": "tag", "name": "bootTimeoutMs", "path": "/home/kavia/workspace/code-generation/roadrescue-quickassist-platform-41193-41202/frontend_user_website/src/config/appConfig.js", "pattern": "/^  bootTimeoutMs: (() => {$/", "language": "JavaScript", "kind": "property", "scope": "appConfig", "scopeKind": "class"}, {"_type": "tag", "name": "getFirstNonEmptyEnv", "path": "/home/kavia/workspace/code-generation/roadrescue-quickassist-platform-41193-41202/frontend_user_website/src/config/appConfig.js", "pattern": "/^function getFirstNonEmptyEnv(names) {$/", "language": "JavaScript", "kind": "function", "signature": "(names)"}, {"_type": "tag", "name": "getRequiredEnv", "path": "/home/kavia/workspace/code-generation/roadrescue-quickassist-platform-41193-41202/frontend_user_website/src/config/appConfig.js", "pattern": "/^function getRequiredEnv(name) {$/", "language": "JavaScript", "kind": "function", "signature": "(name)"}, {"_type": "tag", "name": "isLikelySupabaseAnonKey", "path": "/home/kavia/workspace/code-generation/roadrescue-quickassist-platform-41193-41202/frontend_user_website/src/config/appConfig.js", "pattern": "/^function isLikelySupabaseAnonKey(key) {$/", "language": "JavaScript", "kind": "function", "signature": "(key)"}, {"_type": "tag", "name": "pickSupabaseAnonKey", "path": "/home/kavia/workspace/code-generation/roadrescue-quickassist-platform-41193-41202/frontend_user_website/src/config/appConfig.js", "pattern": "/^function pickSupabaseAnonKey() {$/", "language": "JavaScript", "kind": "function", "signature": "()"}, {"_type": "tag", "name": "safeDecodeJwtPayload", "path": "/home/kavia/workspace/code-generation/roadrescue-quickassist-platform-41193-41202/frontend_user_website/src/config/appConfig.js", "pattern": "/^function safeDecodeJwtPayload(jwt) {$/", "language": "JavaScript", "kind": "function", "signature": "(jwt)"}, {"_type": "tag", "name": "supabaseAnonKey", "path": "/home/kavia/workspace/code-generation/roadrescue-quickassist-platform-41193-41202/frontend_user_website/src/config/appConfig.js", "pattern": "/^  supabaseAnonKey: pickSupabaseAnonKey(),$/", "language": "JavaScript", "kind": "property", "scope": "appConfig", "scopeKind": "class"}, {"_type": "tag", "name": "supabaseUrl", "path": "/home/kavia/workspace/code-generation/roadrescue-quickassist-platform-41193-41202/frontend_user_website/src/config/appConfig.js", "pattern": "/^  supabaseUrl: getRequiredEnv(\"REACT_APP_SUPABASE_URL\"),$/", "language": "JavaScript", "kind": "property", "scope": "appConfig", "scopeKind": "class"}], "hash": "3fab43bc675cc1415f0389f3dae60e08", "format-version": 4, "code-base-name": "frontend_user_website", "filename": "frontend_user_website/src/config/appConfig.js", "fields": [{"name": "bootTimeoutMs: (() => {", "scope": "appConfig", "scopeKind": "class", "description": "unavailable"}]}