{"is_source_file": false, "format": "", "description": "", "external_files": [], "external_methods": [], "published": [], "classes": [], "methods": [], "calls": [], "search-terms": [], "state": 2, "file_id": 66, "knowledge_revision": 344, "git_revision": "2e2af0273f995fe0134fd2d4b766db8201a17ecb", "hash": "be6538e7523bc2e9da0743133d784136", "format-version": 4, "code-base-name": "frontend_user_website", "filename": "frontend_user_website/eslint.config.mjs", "revision_history": [{"344": "2e2af0273f995fe0134fd2d4b766db8201a17ecb"}]}