{"is_source_file": true, "file_id": 98, "git_revision": "", "state": 1, "description": "", "external_files": [], "external_methods": [], "published": [], "classes": [], "methods": [], "calls": [], "search-terms": [], "ctags": [{"_type": "tag", "name": "LS_KEYS", "path": "/home/kavia/workspace/code-generation/roadrescue-quickassist-platform-41193-41202/frontend_user_website/src/mocks/mockDataService.js", "pattern": "/^const LS_KEYS = {$/", "language": "JavaScript", "kind": "class"}, {"_type": "tag", "name": "clearLocalSession", "path": "/home/kavia/workspace/code-generation/roadrescue-quickassist-platform-41193-41202/frontend_user_website/src/mocks/mockDataService.js", "pattern": "/^function clearLocalSession() {$/", "language": "JavaScript", "kind": "function", "signature": "()"}, {"_type": "tag", "name": "createRequest", "path": "/home/kavia/workspace/code-generation/roadrescue-quickassist-platform-41193-41202/frontend_user_website/src/mocks/mockDataService.js", "pattern": "/^  async createRequest({ user, vehicle, issueDescription, contact }) {$/", "language": "JavaScript", "kind": "method", "signature": "({ user, vehicle, issueDescription, contact })", "scope": "mockDataService", "scopeKind": "class"}, {"_type": "tag", "name": "createdAt", "path": "/home/kavia/workspace/code-generation/roadrescue-quickassist-platform-41193-41202/frontend_user_website/src/mocks/mockDataService.js", "pattern": "/^      createdAt: nowIso,$/", "language": "JavaScript", "kind": "property", "scope": "mockDataService.createRequest.request", "scopeKind": "class"}, {"_type": "tag", "name": "delay", "path": "/home/kavia/workspace/code-generation/roadrescue-quickassist-platform-41193-41202/frontend_user_website/src/mocks/mockDataService.js", "pattern": "/^function delay(ms = 180) {$/", "language": "JavaScript", "kind": "function", "signature": "(ms = 180)"}, {"_type": "tag", "name": "email", "path": "/home/kavia/workspace/code-generation/roadrescue-quickassist-platform-41193-41202/frontend_user_website/src/mocks/mockDataService.js", "pattern": "/^    const user = { id: uid(\"u\"), email, password, role: \"user\", approved: true, profile: { name:/", "language": "JavaScript", "kind": "field", "scope": "mockDataService.register.user", "scopeKind": "class"}, {"_type": "tag", "name": "ensureSeedData", "path": "/home/kavia/workspace/code-generation/roadrescue-quickassist-platform-41193-41202/frontend_user_website/src/mocks/mockDataService.js", "pattern": "/^function ensureSeedData() {$/", "language": "JavaScript", "kind": "function", "signature": "()"}, {"_type": "tag", "name": "getCurrentUser", "path": "/home/kavia/workspace/code-generation/roadrescue-quickassist-platform-41193-41202/frontend_user_website/src/mocks/mockDataService.js", "pattern": "/^  async getCurrentUser() {$/", "language": "JavaScript", "kind": "method", "signature": "()", "scope": "mockDataService", "scopeKind": "class"}, {"_type": "tag", "name": "getLocalRequests", "path": "/home/kavia/workspace/code-generation/roadrescue-quickassist-platform-41193-41202/frontend_user_website/src/mocks/mockDataService.js", "pattern": "/^function getLocalRequests() {$/", "language": "JavaScript", "kind": "function", "signature": "()"}, {"_type": "tag", "name": "getLocalSession", "path": "/home/kavia/workspace/code-generation/roadrescue-quickassist-platform-41193-41202/frontend_user_website/src/mocks/mockDataService.js", "pattern": "/^function getLocalSession() {$/", "language": "JavaScript", "kind": "function", "signature": "()"}, {"_type": "tag", "name": "getLocalUsers", "path": "/home/kavia/workspace/code-generation/roadrescue-quickassist-platform-41193-41202/frontend_user_website/src/mocks/mockDataService.js", "pattern": "/^function getLocalUsers() {$/", "language": "JavaScript", "kind": "function", "signature": "()"}, {"_type": "tag", "name": "getProfile", "path": "/home/kavia/workspace/code-generation/roadrescue-quickassist-platform-41193-41202/frontend_user_website/src/mocks/mockDataService.js", "pattern": "/^  async getProfile(userId) {$/", "language": "JavaScript", "kind": "method", "signature": "(userId)", "scope": "mockDataService", "scopeKind": "class"}, {"_type": "tag", "name": "getRequestById", "path": "/home/kavia/workspace/code-generation/roadrescue-quickassist-platform-41193-41202/frontend_user_website/src/mocks/mockDataService.js", "pattern": "/^  async getRequestById(requestId) {$/", "language": "JavaScript", "kind": "method", "signature": "(requestId)", "scope": "mockDataService", "scopeKind": "class"}, {"_type": "tag", "name": "id", "path": "/home/kavia/workspace/code-generation/roadrescue-quickassist-platform-41193-41202/frontend_user_website/src/mocks/mockDataService.js", "pattern": "/^      id: uid(\"req\"),$/", "language": "JavaScript", "kind": "property", "scope": "mockDataService.createRequest.request", "scopeKind": "class"}, {"_type": "tag", "name": "id", "path": "/home/kavia/workspace/code-generation/roadrescue-quickassist-platform-41193-41202/frontend_user_website/src/mocks/mockDataService.js", "pattern": "/^    const user = { id: uid(\"u\"), email, password, role: \"user\", approved: true, profile: { name:/", "language": "JavaScript", "kind": "property", "scope": "mockDataService.register.user", "scopeKind": "class"}, {"_type": "tag", "name": "isSupabaseConfigured", "path": "/home/kavia/workspace/code-generation/roadrescue-quickassist-platform-41193-41202/frontend_user_website/src/mocks/mockDataService.js", "pattern": "/^  isSupabaseConfigured() {$/", "language": "JavaScript", "kind": "method", "signature": "()", "scope": "mockDataService", "scopeKind": "class"}, {"_type": "tag", "name": "issueDescription", "path": "/home/kavia/workspace/code-generation/roadrescue-quickassist-platform-41193-41202/frontend_user_website/src/mocks/mockDataService.js", "pattern": "/^      issueDescription,$/", "language": "JavaScript", "kind": "field", "scope": "mockDataService.createRequest.request", "scopeKind": "class"}, {"_type": "tag", "name": "listRequests", "path": "/home/kavia/workspace/code-generation/roadrescue-quickassist-platform-41193-41202/frontend_user_website/src/mocks/mockDataService.js", "pattern": "/^  async listRequests({ forUserId } = {}) {$/", "language": "JavaScript", "kind": "method", "signature": "({ forUserId } = {})", "scope": "mockDataService", "scopeKind": "class"}, {"_type": "tag", "name": "login", "path": "/home/kavia/workspace/code-generation/roadrescue-quickassist-platform-41193-41202/frontend_user_website/src/mocks/mockDataService.js", "pattern": "/^  async login(email, password) {$/", "language": "JavaScript", "kind": "method", "signature": "(email, password)", "scope": "mockDataService", "scopeKind": "class"}, {"_type": "tag", "name": "loginWithGoogle", "path": "/home/kavia/workspace/code-generation/roadrescue-quickassist-platform-41193-41202/frontend_user_website/src/mocks/mockDataService.js", "pattern": "/^  async loginWithGoogle() {$/", "language": "JavaScript", "kind": "method", "signature": "()", "scope": "mockDataService", "scopeKind": "class"}, {"_type": "tag", "name": "logout", "path": "/home/kavia/workspace/code-generation/roadrescue-quickassist-platform-41193-41202/frontend_user_website/src/mocks/mockDataService.js", "pattern": "/^  async logout() {$/", "language": "JavaScript", "kind": "method", "signature": "()", "scope": "mockDataService", "scopeKind": "class"}, {"_type": "tag", "name": "make", "path": "/home/kavia/workspace/code-generation/roadrescue-quickassist-platform-41193-41202/frontend_user_website/src/mocks/mockDataService.js", "pattern": "/^      make: vehicle && typeof vehicle.make === \"string\" ? vehicle.make : \"\",$/", "language": "JavaScript", "kind": "property", "scope": "mockDataService.createRequest.safeVehicle", "scopeKind": "class"}, {"_type": "tag", "name": "mockDataService", "path": "/home/kavia/workspace/code-generation/roadrescue-quickassist-platform-41193-41202/frontend_user_website/src/mocks/mockDataService.js", "pattern": "/^export const mockDataService = {$/", "language": "JavaScript", "kind": "class"}, {"_type": "tag", "name": "model", "path": "/home/kavia/workspace/code-generation/roadrescue-quickassist-platform-41193-41202/frontend_user_website/src/mocks/mockDataService.js", "pattern": "/^      model: vehicle && typeof vehicle.model === \"string\" ? vehicle.model : \"\",$/", "language": "JavaScript", "kind": "property", "scope": "mockDataService.createRequest.safeVehicle", "scopeKind": "class"}, {"_type": "tag", "name": "name", "path": "/home/kavia/workspace/code-generation/roadrescue-quickassist-platform-41193-41202/frontend_user_website/src/mocks/mockDataService.js", "pattern": "/^      name: contact?.name || \"\",$/", "language": "JavaScript", "kind": "property", "scope": "mockDataService.createRequest.safeContact", "scopeKind": "class"}, {"_type": "tag", "name": "phone", "path": "/home/kavia/workspace/code-generation/roadrescue-quickassist-platform-41193-41202/frontend_user_website/src/mocks/mockDataService.js", "pattern": "/^      phone: contact?.phone || \"\",$/", "language": "JavaScript", "kind": "property", "scope": "mockDataService.createRequest.safeContact", "scopeKind": "class"}, {"_type": "tag", "name": "readJson", "path": "/home/kavia/workspace/code-generation/roadrescue-quickassist-platform-41193-41202/frontend_user_website/src/mocks/mockDataService.js", "pattern": "/^function readJson(key, fallback) {$/", "language": "JavaScript", "kind": "function", "signature": "(key, fallback)"}, {"_type": "tag", "name": "register", "path": "/home/kavia/workspace/code-generation/roadrescue-quickassist-platform-41193-41202/frontend_user_website/src/mocks/mockDataService.js", "pattern": "/^  async register(email, password) {$/", "language": "JavaScript", "kind": "method", "signature": "(email, password)", "scope": "mockDataService", "scopeKind": "class"}, {"_type": "tag", "name": "request", "path": "/home/kavia/workspace/code-generation/roadrescue-quickassist-platform-41193-41202/frontend_user_website/src/mocks/mockDataService.js", "pattern": "/^    const request = {$/", "language": "JavaScript", "kind": "class", "scope": "mockDataService.createRequest", "scopeKind": "class"}, {"_type": "tag", "name": "requests", "path": "/home/kavia/workspace/code-generation/roadrescue-quickassist-platform-41193-41202/frontend_user_website/src/mocks/mockDataService.js", "pattern": "/^  requests: \"rrqa.requests\",$/", "language": "JavaScript", "kind": "property", "scope": "LS_KEYS", "scopeKind": "class"}, {"_type": "tag", "name": "safeContact", "path": "/home/kavia/workspace/code-generation/roadrescue-quickassist-platform-41193-41202/frontend_user_website/src/mocks/mockDataService.js", "pattern": "/^    const safeContact = {$/", "language": "JavaScript", "kind": "class", "scope": "mockDataService.createRequest", "scopeKind": "class"}, {"_type": "tag", "name": "safeVehicle", "path": "/home/kavia/workspace/code-generation/roadrescue-quickassist-platform-41193-41202/frontend_user_website/src/mocks/mockDataService.js", "pattern": "/^    const safeVehicle = {$/", "language": "JavaScript", "kind": "class", "scope": "mockDataService.createRequest", "scopeKind": "class"}, {"_type": "tag", "name": "seeded", "path": "/home/kavia/workspace/code-generation/roadrescue-quickassist-platform-41193-41202/frontend_user_website/src/mocks/mockDataService.js", "pattern": "/^  seeded: \"rrqa.seeded\",$/", "language": "JavaScript", "kind": "property", "scope": "LS_KEYS", "scopeKind": "class"}, {"_type": "tag", "name": "session", "path": "/home/kavia/workspace/code-generation/roadrescue-quickassist-platform-41193-41202/frontend_user_website/src/mocks/mockDataService.js", "pattern": "/^  session: \"rrqa.session\",$/", "language": "JavaScript", "kind": "property", "scope": "LS_KEYS", "scopeKind": "class"}, {"_type": "tag", "name": "setLocalRequests", "path": "/home/kavia/workspace/code-generation/roadrescue-quickassist-platform-41193-41202/frontend_user_website/src/mocks/mockDataService.js", "pattern": "/^function setLocalRequests(reqs) {$/", "language": "JavaScript", "kind": "function", "signature": "(reqs)"}, {"_type": "tag", "name": "setLocalSession", "path": "/home/kavia/workspace/code-generation/roadrescue-quickassist-platform-41193-41202/frontend_user_website/src/mocks/mockDataService.js", "pattern": "/^function setLocalSession(session) {$/", "language": "JavaScript", "kind": "function", "signature": "(session)"}, {"_type": "tag", "name": "setLocalUsers", "path": "/home/kavia/workspace/code-generation/roadrescue-quickassist-platform-41193-41202/frontend_user_website/src/mocks/mockDataService.js", "pattern": "/^function setLocalUsers(users) {$/", "language": "JavaScript", "kind": "function", "signature": "(users)"}, {"_type": "tag", "name": "subscribeToAuthChanges", "path": "/home/kavia/workspace/code-generation/roadrescue-quickassist-platform-41193-41202/frontend_user_website/src/mocks/mockDataService.js", "pattern": "/^  subscribeToAuthChanges() {$/", "language": "JavaScript", "kind": "method", "signature": "()", "scope": "mockDataService", "scopeKind": "class"}, {"_type": "tag", "name": "uid", "path": "/home/kavia/workspace/code-generation/roadrescue-quickassist-platform-41193-41202/frontend_user_website/src/mocks/mockDataService.js", "pattern": "/^function uid(prefix = \"id\") {$/", "language": "JavaScript", "kind": "function", "signature": "(prefix = \"id\")"}, {"_type": "tag", "name": "user", "path": "/home/kavia/workspace/code-generation/roadrescue-quickassist-platform-41193-41202/frontend_user_website/src/mocks/mockDataService.js", "pattern": "/^    const user = { id: uid(\"u\"), email, password, role: \"user\", approved: true, profile: { name:/", "language": "JavaScript", "kind": "class", "scope": "mockDataService.register", "scopeKind": "class"}, {"_type": "tag", "name": "userEmail", "path": "/home/kavia/workspace/code-generation/roadrescue-quickassist-platform-41193-41202/frontend_user_website/src/mocks/mockDataService.js", "pattern": "/^      userEmail: user.email,$/", "language": "JavaScript", "kind": "property", "scope": "mockDataService.createRequest.request", "scopeKind": "class"}, {"_type": "tag", "name": "userId", "path": "/home/kavia/workspace/code-generation/roadrescue-quickassist-platform-41193-41202/frontend_user_website/src/mocks/mockDataService.js", "pattern": "/^      userId: user.id,$/", "language": "JavaScript", "kind": "property", "scope": "mockDataService.createRequest.request", "scopeKind": "class"}, {"_type": "tag", "name": "users", "path": "/home/kavia/workspace/code-generation/roadrescue-quickassist-platform-41193-41202/frontend_user_website/src/mocks/mockDataService.js", "pattern": "/^  users: \"rrqa.users\",$/", "language": "JavaScript", "kind": "property", "scope": "LS_KEYS", "scopeKind": "class"}, {"_type": "tag", "name": "vehicle", "path": "/home/kavia/workspace/code-generation/roadrescue-quickassist-platform-41193-41202/frontend_user_website/src/mocks/mockDataService.js", "pattern": "/^      vehicle: safeVehicle,$/", "language": "JavaScript", "kind": "property", "scope": "mockDataService.createRequest.request", "scopeKind": "class"}, {"_type": "tag", "name": "writeJson", "path": "/home/kavia/workspace/code-generation/roadrescue-quickassist-platform-41193-41202/frontend_user_website/src/mocks/mockDataService.js", "pattern": "/^function writeJson(key, value) {$/", "language": "JavaScript", "kind": "function", "signature": "(key, value)"}], "format": "JavaScript", "hash": "ded82d0b3c9fdde6fc0c22f1dcb4a1aa", "format-version": 4, "code-base-name": "frontend_user_website", "filename": "frontend_user_website/src/mocks/mockDataService.js", "knowledge_revision": 418}