{"is_source_file": true, "format": "JavaScript", "description": "This file provides lightweight profiling helpers for user-flow performance investigations in a React-based web application. It includes functions to check if profiling is enabled, create and manage performance markers, measure durations, and log summaries, all aimed at aiding performance analysis without affecting production stability.", "external_files": ["performance (browser API)"], "external_methods": ["performance.now"], "published": ["createProfiler"], "classes": [], "methods": [{"name": "normalizeFlagList(v)", "description": "Normalizes environment feature flag list into an array of lowercase, trimmed strings.", "scope": "", "scopeKind": ""}, {"name": "isEnabled()", "description": "Determines whether profiling is enabled based on environment variables, checking for debug level or specific feature flags.", "scope": "", "scopeKind": ""}, {"name": "nowMs()", "description": "Returns the current timestamp in milliseconds, preferring high-resolution timing if available.", "scope": "", "scopeKind": ""}, {"name": "safeConsole(method, ...args)", "description": "Safely calls console methods, catching and ignoring errors if console is unavailable.", "scope": "", "scopeKind": ""}, {"name": "createProfiler(flowName)", "scope": "", "scopeKind": "", "description": "unavailable"}, {"name": "end(extra)", "scope": "createProfiler.api", "scopeKind": "class", "description": "unavailable"}, {"name": "ensureMark(name)", "scope": "createProfiler", "scopeKind": "function", "description": "unavailable"}, {"name": "formatMs(ms)", "scope": "createProfiler", "scopeKind": "function", "description": "unavailable"}, {"name": "info(message, data)", "scope": "createProfiler.api", "scopeKind": "class", "description": "unavailable"}, {"name": "mark(name)", "scope": "createProfiler.api", "scopeKind": "class", "description": "unavailable"}, {"name": "measure(name, startMark, endMark)", "scope": "createProfiler.api", "scopeKind": "class", "description": "unavailable"}, {"name": "timeAsync(label, fn)", "scope": "createProfiler.api", "scopeKind": "class", "description": "unavailable"}], "calls": ["performance.now", "Math.random", "Date.now()", "console.log", "console.groupCollapsed", "console.log", "console.groupEnd"], "search-terms": ["performance profiling", "createProfiler", "user flow measurement", "performance timing", "React environment profiling"], "state": 2, "file_id": 96, "knowledge_revision": 385, "git_revision": "0ab7c8607a8f3e87f5d462faeb698639879485ab", "ctags": [{"_type": "tag", "name": "api", "path": "/home/kavia/workspace/code-generation/roadrescue-quickassist-platform-41193-41202/frontend_user_website/src/services/perfProfiler.js", "pattern": "/^  const api = {$/", "language": "JavaScript", "kind": "class", "scope": "createProfiler", "scopeKind": "class"}, {"_type": "tag", "name": "createProfiler", "path": "/home/kavia/workspace/code-generation/roadrescue-quickassist-platform-41193-41202/frontend_user_website/src/services/perfProfiler.js", "pattern": "/^export function createProfiler(flowName) {$/", "language": "JavaScript", "kind": "function", "signature": "(flowName)"}, {"_type": "tag", "name": "end", "path": "/home/kavia/workspace/code-generation/roadrescue-quickassist-platform-41193-41202/frontend_user_website/src/services/perfProfiler.js", "pattern": "/^    end(extra) {$/", "language": "JavaScript", "kind": "method", "signature": "(extra)", "scope": "createProfiler.api", "scopeKind": "class"}, {"_type": "tag", "name": "ensureMark", "path": "/home/kavia/workspace/code-generation/roadrescue-quickassist-platform-41193-41202/frontend_user_website/src/services/perfProfiler.js", "pattern": "/^  function ensureMark(name) {$/", "language": "JavaScript", "kind": "function", "signature": "(name)", "scope": "createProfiler", "scopeKind": "function"}, {"_type": "tag", "name": "formatMs", "path": "/home/kavia/workspace/code-generation/roadrescue-quickassist-platform-41193-41202/frontend_user_website/src/services/perfProfiler.js", "pattern": "/^  function formatMs(ms) {$/", "language": "JavaScript", "kind": "function", "signature": "(ms)", "scope": "createProfiler", "scopeKind": "function"}, {"_type": "tag", "name": "info", "path": "/home/kavia/workspace/code-generation/roadrescue-quickassist-platform-41193-41202/frontend_user_website/src/services/perfProfiler.js", "pattern": "/^    info(message, data) {$/", "language": "JavaScript", "kind": "method", "signature": "(message, data)", "scope": "createProfiler.api", "scopeKind": "class"}, {"_type": "tag", "name": "isEnabled", "path": "/home/kavia/workspace/code-generation/roadrescue-quickassist-platform-41193-41202/frontend_user_website/src/services/perfProfiler.js", "pattern": "/^function isEnabled() {$/", "language": "JavaScript", "kind": "function", "signature": "()"}, {"_type": "tag", "name": "mark", "path": "/home/kavia/workspace/code-generation/roadrescue-quickassist-platform-41193-41202/frontend_user_website/src/services/perfProfiler.js", "pattern": "/^    mark(name) {$/", "language": "JavaScript", "kind": "method", "signature": "(name)", "scope": "createProfiler.api", "scopeKind": "class"}, {"_type": "tag", "name": "measure", "path": "/home/kavia/workspace/code-generation/roadrescue-quickassist-platform-41193-41202/frontend_user_website/src/services/perfProfiler.js", "pattern": "/^    measure(name, startMark, endMark) {$/", "language": "JavaScript", "kind": "method", "signature": "(name, startMark, endMark)", "scope": "createProfiler.api", "scopeKind": "class"}, {"_type": "tag", "name": "normalizeFlagList", "path": "/home/kavia/workspace/code-generation/roadrescue-quickassist-platform-41193-41202/frontend_user_website/src/services/perfProfiler.js", "pattern": "/^function normalizeFlagList(v) {$/", "language": "JavaScript", "kind": "function", "signature": "(v)"}, {"_type": "tag", "name": "nowMs", "path": "/home/kavia/workspace/code-generation/roadrescue-quickassist-platform-41193-41202/frontend_user_website/src/services/perfProfiler.js", "pattern": "/^function nowMs() {$/", "language": "JavaScript", "kind": "function", "signature": "()"}, {"_type": "tag", "name": "safeConsole", "path": "/home/kavia/workspace/code-generation/roadrescue-quickassist-platform-41193-41202/frontend_user_website/src/services/perfProfiler.js", "pattern": "/^function safeConsole(method, ...args) {$/", "language": "JavaScript", "kind": "function", "signature": "(method, ...args)"}, {"_type": "tag", "name": "timeAsync", "path": "/home/kavia/workspace/code-generation/roadrescue-quickassist-platform-41193-41202/frontend_user_website/src/services/perfProfiler.js", "pattern": "/^    timeAsync(label, fn) {$/", "language": "JavaScript", "kind": "method", "signature": "(label, fn)", "scope": "createProfiler.api", "scopeKind": "class"}], "hash": "148b919e0385e55fb974b7ae2ce96e9e", "format-version": 4, "code-base-name": "frontend_user_website", "filename": "frontend_user_website/src/services/perfProfiler.js", "revision_history": [{"385": "0ab7c8607a8f3e87f5d462faeb698639879485ab"}]}