{"is_source_file": true, "file_id": 104, "git_revision": "", "state": 1, "description": "", "external_files": [], "external_methods": [], "published": [], "classes": [], "methods": [], "calls": [], "search-terms": [], "ctags": [{"_type": "tag", "name": "AUTH_STORAGE_KEY", "path": "/home/kavia/workspace/code-generation/roadrescue-quickassist-platform-41193-41202/frontend_user_website/src/context/AuthContext.js", "pattern": "/^const AUTH_STORAGE_KEY = \"rrq_auth_state\";$/", "language": "JavaScript", "kind": "constant"}, {"_type": "tag", "name": "AuthContext", "path": "/home/kavia/workspace/code-generation/roadrescue-quickassist-platform-41193-41202/frontend_user_website/src/context/AuthContext.js", "pattern": "/^const AuthContext = createContext(null);$/", "language": "JavaScript", "kind": "constant"}, {"_type": "tag", "name": "AuthProvider", "path": "/home/kavia/workspace/code-generation/roadrescue-quickassist-platform-41193-41202/frontend_user_website/src/context/AuthContext.js", "pattern": "/^export function AuthProvider({ children }) {$/", "language": "JavaScript", "kind": "function", "signature": "({ children })"}, {"_type": "tag", "name": "api", "path": "/home/kavia/workspace/code-generation/roadrescue-quickassist-platform-41193-41202/frontend_user_website/src/context/AuthContext.js", "pattern": "/^  return <AuthContext.Provider value={api}>{children}<\\/AuthContext.Provider>;$/", "language": "JavaScript", "kind": "field", "scope": "Provider", "scopeKind": "class"}, {"_type": "tag", "name": "readStoredAuth", "path": "/home/kavia/workspace/code-generation/roadrescue-quickassist-platform-41193-41202/frontend_user_website/src/context/AuthContext.js", "pattern": "/^function readStoredAuth() {$/", "language": "JavaScript", "kind": "function", "signature": "()"}, {"_type": "tag", "name": "useAuth", "path": "/home/kavia/workspace/code-generation/roadrescue-quickassist-platform-41193-41202/frontend_user_website/src/context/AuthContext.js", "pattern": "/^export function useAuth() {$/", "language": "JavaScript", "kind": "function", "signature": "()"}, {"_type": "tag", "name": "writeStoredAuth", "path": "/home/kavia/workspace/code-generation/roadrescue-quickassist-platform-41193-41202/frontend_user_website/src/context/AuthContext.js", "pattern": "/^function writeStoredAuth(state) {$/", "language": "JavaScript", "kind": "function", "signature": "(state)"}], "format": "JavaScript", "hash": "d975cb34b884d6b830dad1100fbfd0f6", "format-version": 4, "code-base-name": "frontend_user_website", "filename": "frontend_user_website/src/context/AuthContext.js", "knowledge_revision": 515}