{"is_source_file": true, "format": "JavaScript", "description": "This file implements a React Hook called useScrollReveal that manages element reveal animations as the user scrolls, utilizing IntersectionObserver and supporting staggered animations, reduced motion preferences, and configurable options.", "external_files": ["react"], "external_methods": ["useEffect"], "published": ["useScrollReveal"], "classes": [], "methods": [{"name": "getPrefersReducedMotion()", "description": "Checks if the user has requested reduced motion, used to disable animations for accessibility.", "scope": "", "scopeKind": ""}, {"name": "applyStaggerDelays(root = document)", "description": "Applies staggered delays to child elements within containers marked with a specific data attribute, setting CSS variables for transition delay.", "scope": "", "scopeKind": ""}, {"name": "useScrollReveal(options = {})", "description": "A React hook that sets up IntersectionObserver to animate elements with the data-reveal attribute when they enter the viewport, with support for staggered delays and reduced motion.", "scope": "", "scopeKind": ""}], "calls": ["useEffect", "document.querySelectorAll", "child.style.setProperty", "observer.observe", "observer.unobserve", "observer.disconnect"], "search-terms": ["useScrollReveal", "IntersectionObserver", "reveal-animation", "scroll-triggered animations", "staggered delays"], "state": 2, "file_id": 112, "knowledge_revision": 586, "git_revision": "e4f77f998f6f407de942dc115b189559e46e74dd", "revision_history": [{"575": ""}, {"580": "e5d1b9a8d357b4c62680f2548c042cae3f87ea7a"}, {"586": "e4f77f998f6f407de942dc115b189559e46e74dd"}], "ctags": [{"_type": "tag", "name": "applyStaggerDelays", "path": "/home/kavia/workspace/code-generation/roadrescue-quickassist-platform-41193-41202/frontend_user_website/src/hooks/useScrollReveal.js", "pattern": "/^function applyStaggerDelays(root = document) {$/", "language": "JavaScript", "kind": "function", "signature": "(root = document)"}, {"_type": "tag", "name": "getPrefersReducedMotion", "path": "/home/kavia/workspace/code-generation/roadrescue-quickassist-platform-41193-41202/frontend_user_website/src/hooks/useScrollReveal.js", "pattern": "/^function getPrefersReducedMotion() {$/", "language": "JavaScript", "kind": "function", "signature": "()"}, {"_type": "tag", "name": "useScrollReveal", "path": "/home/kavia/workspace/code-generation/roadrescue-quickassist-platform-41193-41202/frontend_user_website/src/hooks/useScrollReveal.js", "pattern": "/^export function useScrollReveal(options = {}) {$/", "language": "JavaScript", "kind": "function", "signature": "(options = {})"}], "hash": "a05c891079e62491a05485decbbe44c3", "format-version": 4, "code-base-name": "frontend_user_website", "filename": "frontend_user_website/src/hooks/useScrollReveal.js"}