{"is_source_file": false, "format": "", "description": "", "external_files": [], "external_methods": [], "published": [], "classes": [], "methods": [], "calls": [], "search-terms": [], "state": 2, "file_id": 65, "knowledge_revision": 425, "git_revision": "adddec63496c05acbad8f707fc07bd60b2d8ca52", "revision_history": [{"342": "d7094c8bb3d5eeb9c23cb2ddab9b21d37ee8dfc5"}, {"425": "adddec63496c05acbad8f707fc07bd60b2d8ca52"}], "hash": "c6e7e9a13d20bf232ee364ccb5c5e0a3", "format-version": 4, "code-base-name": "frontend_user_website", "filename": "frontend_user_website/README.md"}