{"is_source_file": true, "format": "JavaScript (React JSX)", "description": "React component source file for the MyRequestsPage, which displays a list of user requests, their details, and actions. It uses custom components like Card, Badge, Button, and hooks such as useUserRequests.", "external_files": ["../components/ui/Card", "../components/ui/Badge", "../components/ui/Button", "../hooks/useUserRequests", "../components/layout/UserShell"], "external_methods": ["useNavigate", "useUserRequests"], "published": ["MyRequestsPage"], "classes": [], "methods": [{"name": "badgeKind(status)", "description": "Determines the badge style based on the request status (e.g., 'Completed', 'Accepted', or other).", "scope": "", "scopeKind": ""}, {"name": "MyRequestsPage()", "description": "Main React component that renders the list of user requests, handles navigation, and manages request actions.", "scope": "", "scopeKind": ""}, {"name": "ButtonSet({ onSetStatus })", "description": "A small React component that renders status-setting buttons for each request.", "scope": "", "scopeKind": ""}], "calls": ["useNavigate()", "useUserRequests()", "navigate(\"/submit\")", "setStatus(r.id, s)"], "search-terms": ["MyRequestsPage", "useUserRequests", "request list", "vehicle details", "request status", "UI components"], "state": 2, "file_id": 91, "knowledge_revision": 543, "git_revision": "e3932056a33468e189c82262e3518ef361ffdecb", "revision_history": [{"372": "ca09881e92259bc04b5062fe7eafb5aba25ec941"}, {"528": "9460f7d0c136032955309efdf7db8099b0ca36a0"}, {"543": "e3932056a33468e189c82262e3518ef361ffdecb"}], "ctags": [{"_type": "tag", "name": "ButtonSet", "path": "/home/kavia/workspace/code-generation/roadrescue-quickassist-platform-41193-41202/frontend_user_website/src/pages/MyRequestsPage.js", "pattern": "/^function ButtonSet({ onSetStatus }) {$/", "language": "JavaScript", "kind": "function", "signature": "({ onSetStatus })"}, {"_type": "tag", "name": "MyRequestsPage", "path": "/home/kavia/workspace/code-generation/roadrescue-quickassist-platform-41193-41202/frontend_user_website/src/pages/MyRequestsPage.js", "pattern": "/^export function MyRequestsPage() {$/", "language": "JavaScript", "kind": "function", "signature": "()"}, {"_type": "tag", "name": "badgeKind", "path": "/home/kavia/workspace/code-generation/roadrescue-quickassist-platform-41193-41202/frontend_user_website/src/pages/MyRequestsPage.js", "pattern": "/^function badgeKind(status) {$/", "language": "JavaScript", "kind": "function", "signature": "(status)"}, {"_type": "tag", "name": "requests", "path": "/home/kavia/workspace/code-generation/roadrescue-quickassist-platform-41193-41202/frontend_user_website/src/pages/MyRequestsPage.js", "pattern": "/^          requests.length ? ($/", "language": "JavaScript", "kind": "field", "scope": "MyRequestsPage.actions", "scopeKind": "class"}, {"_type": "tag", "name": "requests", "path": "/home/kavia/workspace/code-generation/roadrescue-quickassist-platform-41193-41202/frontend_user_website/src/pages/MyRequestsPage.js", "pattern": "/^        subtitle={requests.length ? \"Newest first.\" : \"No requests yet.\"}$/", "language": "JavaScript", "kind": "field", "scope": "MyRequestsPage.subtitle", "scopeKind": "class"}], "hash": "fa7bb95f02c5112e10ac867ebd2bcbeb", "format-version": 4, "code-base-name": "frontend_user_website", "filename": "frontend_user_website/src/pages/MyRequestsPage.js", "fields": [{"name": "requests.length ? (", "scope": "MyRequestsPage.actions", "scopeKind": "class", "description": "unavailable"}, {"name": "subtitle={requests.length ? \"Newest first.\" : \"No requests yet.\"}", "scope": "MyRequestsPage.subtitle", "scopeKind": "class", "description": "unavailable"}]}