{"is_source_file": true, "format": "JavaScript (React component)", "description": "This file defines an ErrorBoundary React component that provides global error handling in a React application. It catches runtime errors in child components, displays fallback UI or error message, and logs errors to the console.", "external_files": ["react"], "external_methods": ["React.Component", "React.createElement"], "published": ["ErrorBoundary"], "classes": [{"name": "ErrorBoundary", "description": "A React component that acts as a global error boundary to catch runtime errors in the component tree, display fallback UI, and log errors."}], "methods": [{"name": "constructor(props)", "description": "Initializes the ErrorBoundary component's state with hasError as false and errorMessage as empty string.", "scope": "ErrorBoundary", "scopeKind": "class"}, {"name": "getDerivedStateFromError(error)", "description": "Static method that updates state to indicate an error has been caught and sets an error message based on the caught error.", "scope": "ErrorBoundary", "scopeKind": "class"}, {"name": "componentDidCatch(error, errorInfo)", "description": "Logs error details to the console. Can be extended to report errors to an external service.", "scope": "ErrorBoundary", "scopeKind": "class"}, {"name": "render()", "description": "Renders either the child components, fallback UI if an error occurred, or a default error message with links.", "scope": "ErrorBoundary", "scopeKind": "class"}], "calls": ["console.error", "this.props.children", "this.props.fallback"], "search-terms": ["ErrorBoundary", "React error handling", "global React error boundary", "componentDidCatch", "getDerivedStateFromError"], "state": 2, "file_id": 101, "knowledge_revision": 454, "git_revision": "aa7b96cf8e27c0882bd83c9d4ee4055036daa406", "ctags": [{"_type": "tag", "name": "ErrorBoundary", "path": "/home/kavia/workspace/code-generation/roadrescue-quickassist-platform-41193-41202/frontend_user_website/src/components/ErrorBoundary.js", "pattern": "/^export class ErrorBoundary extends React.Component {$/", "language": "JavaScript", "kind": "class"}, {"_type": "tag", "name": "componentDidCatch", "path": "/home/kavia/workspace/code-generation/roadrescue-quickassist-platform-41193-41202/frontend_user_website/src/components/ErrorBoundary.js", "pattern": "/^  componentDidCatch(error, errorInfo) {$/", "language": "JavaScript", "kind": "method", "signature": "(error, errorInfo)", "scope": "ErrorBoundary", "scopeKind": "class"}, {"_type": "tag", "name": "constructor", "path": "/home/kavia/workspace/code-generation/roadrescue-quickassist-platform-41193-41202/frontend_user_website/src/components/ErrorBoundary.js", "pattern": "/^  constructor(props) {$/", "language": "JavaScript", "kind": "method", "signature": "(props)", "scope": "ErrorBoundary", "scopeKind": "class"}, {"_type": "tag", "name": "errorMessage", "path": "/home/kavia/workspace/code-generation/roadrescue-quickassist-platform-41193-41202/frontend_user_website/src/components/ErrorBoundary.js", "pattern": "/^    this.state = { hasError: false, errorMessage: \"\" };$/", "language": "JavaScript", "kind": "property", "scope": "ErrorBoundary.constructor.state", "scopeKind": "class"}, {"_type": "tag", "name": "getDerivedStateFromError", "path": "/home/kavia/workspace/code-generation/roadrescue-quickassist-platform-41193-41202/frontend_user_website/src/components/ErrorBoundary.js", "pattern": "/^  static getDerivedStateFromError(error) {$/", "language": "JavaScript", "kind": "method", "signature": "(error)", "scope": "ErrorBoundary", "scopeKind": "class"}, {"_type": "tag", "name": "hasError", "path": "/home/kavia/workspace/code-generation/roadrescue-quickassist-platform-41193-41202/frontend_user_website/src/components/ErrorBoundary.js", "pattern": "/^    this.state = { hasError: false, errorMessage: \"\" };$/", "language": "JavaScript", "kind": "property", "scope": "ErrorBoundary.constructor.state", "scopeKind": "class"}, {"_type": "tag", "name": "render", "path": "/home/kavia/workspace/code-generation/roadrescue-quickassist-platform-41193-41202/frontend_user_website/src/components/ErrorBoundary.js", "pattern": "/^  render() {$/", "language": "JavaScript", "kind": "method", "signature": "()", "scope": "ErrorBoundary", "scopeKind": "class"}, {"_type": "tag", "name": "state", "path": "/home/kavia/workspace/code-generation/roadrescue-quickassist-platform-41193-41202/frontend_user_website/src/components/ErrorBoundary.js", "pattern": "/^    this.state = { hasError: false, errorMessage: \"\" };$/", "language": "JavaScript", "kind": "class", "scope": "ErrorBoundary.constructor", "scopeKind": "class"}], "hash": "a9d9b751b2cb2cd0579206439650f400", "format-version": 4, "code-base-name": "frontend_user_website", "filename": "frontend_user_website/src/components/ErrorBoundary.js", "fields": [{"name": "this.state = { hasError: false, errorMessage: \"\" };", "scope": "ErrorBoundary.constructor.state", "scopeKind": "class", "description": "unavailable"}], "revision_history": [{"454": "aa7b96cf8e27c0882bd83c9d4ee4055036daa406"}]}