{"is_source_file": true, "format": "JavaScript (JSX)", "description": "This file defines a React component named MapView that renders an interactive map using Leaflet loaded via CDN. It manages map initialization, marker placement, and responsiveness, specifically tailored to display a location centered around Chennai by default.", "external_files": ["window.L (Leaflet loaded via CDN)"], "external_methods": ["window.L.map", "window.L.tileLayer", "L.marker", "map.invalidateSize", "map.setView"], "published": ["MapView"], "classes": [], "methods": [{"name": "clampLat(lat)", "description": "Clamps latitude to the range [-90, 90].", "scope": "", "scopeKind": ""}, {"name": "clampLng(lng)", "description": "Wraps longitude to the range [-180, 180].", "scope": "", "scopeKind": ""}, {"name": "MapView({ center, marker, zoom = DEFAULT_ZOOM, height = 260, className = \"\", showMarker = true, ariaLabel = \"Map\", })", "scope": "", "scopeKind": "", "description": "unavailable"}], "calls": ["setLeafletReady", "window.setTimeout", "map.invalidateSize", "map.remove", "map.setView", "L.tileLayer", "L.marker"], "search-terms": ["MapView", "leaflet CDN", "OpenStreetMap tiles", "Chennai center default", "map marker management", "React useEffect for map", "React useRef for map container"], "state": 2, "file_id": 94, "knowledge_revision": 377, "git_revision": "f4f353c6c2a7e959dc97c16c3a142856210321dc", "ctags": [{"_type": "tag", "name": "CHENNAI_CENTER", "path": "/home/kavia/workspace/code-generation/roadrescue-quickassist-platform-41193-41202/frontend_user_website/src/components/MapView.jsx", "pattern": "/^const CHENNAI_CENTER = { lat: 13.0827, lng: 80.2707 };$/", "language": "JavaScript", "kind": "class"}, {"_type": "tag", "name": "DEFAULT_ZOOM", "path": "/home/kavia/workspace/code-generation/roadrescue-quickassist-platform-41193-41202/frontend_user_website/src/components/MapView.jsx", "pattern": "/^const DEFAULT_ZOOM = 12;$/", "language": "JavaScript", "kind": "constant"}, {"_type": "tag", "name": "MapView", "path": "/home/kavia/workspace/code-generation/roadrescue-quickassist-platform-41193-41202/frontend_user_website/src/components/MapView.jsx", "pattern": "/^export function MapView({$/", "language": "JavaScript", "kind": "function", "signature": "({ center, marker, zoom = DEFAULT_ZOOM, height = 260, className = \"\", showMarker = true, ariaLabel = \"Map\", })"}, {"_type": "tag", "name": "clampLat", "path": "/home/kavia/workspace/code-generation/roadrescue-quickassist-platform-41193-41202/frontend_user_website/src/components/MapView.jsx", "pattern": "/^function clampLat(lat) {$/", "language": "JavaScript", "kind": "function", "signature": "(lat)"}, {"_type": "tag", "name": "clampLng", "path": "/home/kavia/workspace/code-generation/roadrescue-quickassist-platform-41193-41202/frontend_user_website/src/components/MapView.jsx", "pattern": "/^function clampLng(lng) {$/", "language": "JavaScript", "kind": "function", "signature": "(lng)"}, {"_type": "tag", "name": "containerRef", "path": "/home/kavia/workspace/code-generation/roadrescue-quickassist-platform-41193-41202/frontend_user_website/src/components/MapView.jsx", "pattern": "/^          ref={containerRef}$/", "language": "JavaScript", "kind": "field", "scope": "MapView.ref", "scopeKind": "class"}, {"_type": "tag", "name": "lat", "path": "/home/kavia/workspace/code-generation/roadrescue-quickassist-platform-41193-41202/frontend_user_website/src/components/MapView.jsx", "pattern": "/^const CHENNAI_CENTER = { lat: 13.0827, lng: 80.2707 };$/", "language": "JavaScript", "kind": "property", "scope": "CHENNAI_CENTER", "scopeKind": "class"}, {"_type": "tag", "name": "lng", "path": "/home/kavia/workspace/code-generation/roadrescue-quickassist-platform-41193-41202/frontend_user_website/src/components/MapView.jsx", "pattern": "/^const CHENNAI_CENTER = { lat: 13.0827, lng: 80.2707 };$/", "language": "JavaScript", "kind": "property", "scope": "CHENNAI_CENTER", "scopeKind": "class"}, {"_type": "tag", "name": "map-card ${className}", "path": "/home/kavia/workspace/code-generation/roadrescue-quickassist-platform-41193-41202/frontend_user_website/src/components/MapView.jsx", "pattern": "/^    <div className={`map-card ${className}`}>$/", "language": "JavaScript", "kind": "field", "scope": "MapView.AnonymousClass50845b530101", "scopeKind": "class"}], "hash": "670a48cb5c90d65be1e7d550c3ed0f65", "format-version": 4, "code-base-name": "frontend_user_website", "filename": "frontend_user_website/src/components/MapView.jsx", "fields": [{"name": "ref={containerRef}", "scope": "MapView.ref", "scopeKind": "class", "description": "unavailable"}, {"name": "const CHENNAI_CENTER = { lat: 13.0827, lng: 80.2707 };", "scope": "CHENNAI_CENTER", "scopeKind": "class", "description": "unavailable"}, {"name": "<div className={`map-card ${className}`}>", "scope": "MapView.AnonymousClass50845b530101", "scopeKind": "class", "description": "unavailable"}], "revision_history": [{"377": "f4f353c6c2a7e959dc97c16c3a142856210321dc"}]}