{"is_source_file": true, "format": "JavaScript", "description": "This file provides utility functions for handling request statuses in a user interface, including normalization, labeling, and styling of various status states related to a service or task management system.", "external_files": [], "external_methods": [], "published": ["normalizeStatus", "statusLabel", "statusBadgeClass"], "classes": [], "methods": [{"name": "normalizeStatus(rawStatus)", "description": "Normalizes an input status string from various possible representations into a canonical uppercase token used internally.", "scope": "", "scopeKind": ""}, {"name": "statusLabel(rawStatus)", "description": "Converts a raw or normalized status into a user-friendly label for display.", "scope": "", "scopeKind": ""}, {"name": "statusBadgeClass(rawStatus)", "description": "Provides the CSS class for styling status badges based on the normalized status.", "scope": "", "scopeKind": ""}], "calls": ["String", "rawStatus.trim()"], "search-terms": ["status normalization", "request status utility", "status label", "status badge class", "status mapping"], "state": 2, "file_id": 71, "knowledge_revision": 516, "git_revision": "a9b36582a1494d451bc12a19488e542cd64add93", "revision_history": [{"351": "ca09881e92259bc04b5062fe7eafb5aba25ec941"}, {"516": "a9b36582a1494d451bc12a19488e542cd64add93"}], "ctags": [{"_type": "tag", "name": "ACCEPTED", "path": "/home/kavia/workspace/code-generation/roadrescue-quickassist-platform-41193-41202/frontend_user_website/src/services/statusUtils.js", "pattern": "/^    ACCEPTED: \"ASSIGNED\",$/", "language": "JavaScript", "kind": "property", "scope": "normalizeStatus.map", "scopeKind": "class"}, {"_type": "tag", "name": "ASSIGNED", "path": "/home/kavia/workspace/code-generation/roadrescue-quickassist-platform-41193-41202/frontend_user_website/src/services/statusUtils.js", "pattern": "/^    ASSIGNED: \"ASSIGNED\",$/", "language": "JavaScript", "kind": "property", "scope": "normalizeStatus.map", "scopeKind": "class"}, {"_type": "tag", "name": "ASSIGNED", "path": "/home/kavia/workspace/code-generation/roadrescue-quickassist-platform-41193-41202/frontend_user_website/src/services/statusUtils.js", "pattern": "/^    ASSIGNED: \"Assigned\",$/", "language": "JavaScript", "kind": "property", "scope": "statusLabel.labels", "scopeKind": "class"}, {"_type": "tag", "name": "ASSIGNED", "path": "/home/kavia/workspace/code-generation/roadrescue-quickassist-platform-41193-41202/frontend_user_website/src/services/statusUtils.js", "pattern": "/^    ASSIGNED: \"badge badge-blue\",$/", "language": "JavaScript", "kind": "property", "scope": "statusBadgeClass.map", "scopeKind": "class"}, {"_type": "tag", "name": "CLOSED", "path": "/home/kavia/workspace/code-generation/roadrescue-quickassist-platform-41193-41202/frontend_user_website/src/services/statusUtils.js", "pattern": "/^    CLOSED: \"COMPLETED\",$/", "language": "JavaScript", "kind": "property", "scope": "normalizeStatus.map", "scopeKind": "class"}, {"_type": "tag", "name": "COMPLETED", "path": "/home/kavia/workspace/code-generation/roadrescue-quickassist-platform-41193-41202/frontend_user_website/src/services/statusUtils.js", "pattern": "/^    COMPLETED: \"COMPLETED\",$/", "language": "JavaScript", "kind": "property", "scope": "normalizeStatus.map", "scopeKind": "class"}, {"_type": "tag", "name": "COMPLETED", "path": "/home/kavia/workspace/code-generation/roadrescue-quickassist-platform-41193-41202/frontend_user_website/src/services/statusUtils.js", "pattern": "/^    COMPLETED: \"Completed\",$/", "language": "JavaScript", "kind": "property", "scope": "statusLabel.labels", "scopeKind": "class"}, {"_type": "tag", "name": "COMPLETED", "path": "/home/kavia/workspace/code-generation/roadrescue-quickassist-platform-41193-41202/frontend_user_website/src/services/statusUtils.js", "pattern": "/^    COMPLETED: \"badge badge-green\",$/", "language": "JavaScript", "kind": "property", "scope": "statusBadgeClass.map", "scopeKind": "class"}, {"_type": "tag", "name": "EN ROUTE", "path": "/home/kavia/workspace/code-generation/roadrescue-quickassist-platform-41193-41202/frontend_user_website/src/services/statusUtils.js", "pattern": "/^    \"EN ROUTE\": \"EN_ROUTE\",$/", "language": "JavaScript", "kind": "property", "scope": "normalizeStatus.map", "scopeKind": "class"}, {"_type": "tag", "name": "EN_ROUTE", "path": "/home/kavia/workspace/code-generation/roadrescue-quickassist-platform-41193-41202/frontend_user_website/src/services/statusUtils.js", "pattern": "/^    EN_ROUTE: \"EN_ROUTE\",$/", "language": "JavaScript", "kind": "property", "scope": "normalizeStatus.map", "scopeKind": "class"}, {"_type": "tag", "name": "EN_ROUTE", "path": "/home/kavia/workspace/code-generation/roadrescue-quickassist-platform-41193-41202/frontend_user_website/src/services/statusUtils.js", "pattern": "/^    EN_ROUTE: \"En Route\",$/", "language": "JavaScript", "kind": "property", "scope": "statusLabel.labels", "scopeKind": "class"}, {"_type": "tag", "name": "EN_ROUTE", "path": "/home/kavia/workspace/code-generation/roadrescue-quickassist-platform-41193-41202/frontend_user_website/src/services/statusUtils.js", "pattern": "/^    EN_ROUTE: \"badge badge-amber\",$/", "language": "JavaScript", "kind": "property", "scope": "statusBadgeClass.map", "scopeKind": "class"}, {"_type": "tag", "name": "IN PROGRESS", "path": "/home/kavia/workspace/code-generation/roadrescue-quickassist-platform-41193-41202/frontend_user_website/src/services/statusUtils.js", "pattern": "/^    \"IN PROGRESS\": \"WORKING\",$/", "language": "JavaScript", "kind": "property", "scope": "normalizeStatus.map", "scopeKind": "class"}, {"_type": "tag", "name": "IN REVIEW", "path": "/home/kavia/workspace/code-generation/roadrescue-quickassist-platform-41193-41202/frontend_user_website/src/services/statusUtils.js", "pattern": "/^    \"IN REVIEW\": \"OPEN\",$/", "language": "JavaScript", "kind": "property", "scope": "normalizeStatus.map", "scopeKind": "class"}, {"_type": "tag", "name": "IN_PROGRESS", "path": "/home/kavia/workspace/code-generation/roadrescue-quickassist-platform-41193-41202/frontend_user_website/src/services/statusUtils.js", "pattern": "/^    IN_PROGRESS: \"WORKING\",$/", "language": "JavaScript", "kind": "property", "scope": "normalizeStatus.map", "scopeKind": "class"}, {"_type": "tag", "name": "IN_REVIEW", "path": "/home/kavia/workspace/code-generation/roadrescue-quickassist-platform-41193-41202/frontend_user_website/src/services/statusUtils.js", "pattern": "/^    IN_REVIEW: \"OPEN\",$/", "language": "JavaScript", "kind": "property", "scope": "normalizeStatus.map", "scopeKind": "class"}, {"_type": "tag", "name": "OPEN", "path": "/home/kavia/workspace/code-generation/roadrescue-quickassist-platform-41193-41202/frontend_user_website/src/services/statusUtils.js", "pattern": "/^    OPEN: \"OPEN\",$/", "language": "JavaScript", "kind": "property", "scope": "normalizeStatus.map", "scopeKind": "class"}, {"_type": "tag", "name": "OPEN", "path": "/home/kavia/workspace/code-generation/roadrescue-quickassist-platform-41193-41202/frontend_user_website/src/services/statusUtils.js", "pattern": "/^    OPEN: \"Open\",$/", "language": "JavaScript", "kind": "property", "scope": "statusLabel.labels", "scopeKind": "class"}, {"_type": "tag", "name": "OPEN", "path": "/home/kavia/workspace/code-generation/roadrescue-quickassist-platform-41193-41202/frontend_user_website/src/services/statusUtils.js", "pattern": "/^    OPEN: \"badge badge-blue\",$/", "language": "JavaScript", "kind": "property", "scope": "statusBadgeClass.map", "scopeKind": "class"}, {"_type": "tag", "name": "PENDING", "path": "/home/kavia/workspace/code-generation/roadrescue-quickassist-platform-41193-41202/frontend_user_website/src/services/statusUtils.js", "pattern": "/^    PENDING: \"OPEN\",$/", "language": "JavaScript", "kind": "property", "scope": "normalizeStatus.map", "scopeKind": "class"}, {"_type": "tag", "name": "SUBMITTED", "path": "/home/kavia/workspace/code-generation/roadrescue-quickassist-platform-41193-41202/frontend_user_website/src/services/statusUtils.js", "pattern": "/^    SUBMITTED: \"OPEN\",$/", "language": "JavaScript", "kind": "property", "scope": "normalizeStatus.map", "scopeKind": "class"}, {"_type": "tag", "name": "WORKING", "path": "/home/kavia/workspace/code-generation/roadrescue-quickassist-platform-41193-41202/frontend_user_website/src/services/statusUtils.js", "pattern": "/^    WORKING: \"WORKING\",$/", "language": "JavaScript", "kind": "property", "scope": "normalizeStatus.map", "scopeKind": "class"}, {"_type": "tag", "name": "WORKING", "path": "/home/kavia/workspace/code-generation/roadrescue-quickassist-platform-41193-41202/frontend_user_website/src/services/statusUtils.js", "pattern": "/^    WORKING: \"Working\",$/", "language": "JavaScript", "kind": "property", "scope": "statusLabel.labels", "scopeKind": "class"}, {"_type": "tag", "name": "WORKING", "path": "/home/kavia/workspace/code-generation/roadrescue-quickassist-platform-41193-41202/frontend_user_website/src/services/statusUtils.js", "pattern": "/^    WORKING: \"badge badge-amber\",$/", "language": "JavaScript", "kind": "property", "scope": "statusBadgeClass.map", "scopeKind": "class"}, {"_type": "tag", "name": "labels", "path": "/home/kavia/workspace/code-generation/roadrescue-quickassist-platform-41193-41202/frontend_user_website/src/services/statusUtils.js", "pattern": "/^  const labels = {$/", "language": "JavaScript", "kind": "class", "scope": "statusLabel", "scopeKind": "class"}, {"_type": "tag", "name": "map", "path": "/home/kavia/workspace/code-generation/roadrescue-quickassist-platform-41193-41202/frontend_user_website/src/services/statusUtils.js", "pattern": "/^  const map = {$/", "language": "JavaScript", "kind": "class", "scope": "normalizeStatus", "scopeKind": "class"}, {"_type": "tag", "name": "map", "path": "/home/kavia/workspace/code-generation/roadrescue-quickassist-platform-41193-41202/frontend_user_website/src/services/statusUtils.js", "pattern": "/^  const map = {$/", "language": "JavaScript", "kind": "class", "scope": "statusBadgeClass", "scopeKind": "class"}, {"_type": "tag", "name": "normalizeStatus", "path": "/home/kavia/workspace/code-generation/roadrescue-quickassist-platform-41193-41202/frontend_user_website/src/services/statusUtils.js", "pattern": "/^export function normalizeStatus(rawStatus) {$/", "language": "JavaScript", "kind": "function", "signature": "(rawStatus)"}, {"_type": "tag", "name": "statusBadgeClass", "path": "/home/kavia/workspace/code-generation/roadrescue-quickassist-platform-41193-41202/frontend_user_website/src/services/statusUtils.js", "pattern": "/^export function statusBadgeClass(rawStatus) {$/", "language": "JavaScript", "kind": "function", "signature": "(rawStatus)"}, {"_type": "tag", "name": "statusLabel", "path": "/home/kavia/workspace/code-generation/roadrescue-quickassist-platform-41193-41202/frontend_user_website/src/services/statusUtils.js", "pattern": "/^export function statusLabel(rawStatus) {$/", "language": "JavaScript", "kind": "function", "signature": "(rawStatus)"}], "hash": "c44571f96dc3ef891e8c1fe41294133c", "format-version": 4, "code-base-name": "frontend_user_website", "filename": "frontend_user_website/src/services/statusUtils.js", "fields": [{"name": "ACCEPTED: \"ASSIGNED\",", "scope": "normalizeStatus.map", "scopeKind": "class", "description": "unavailable"}, {"name": "ASSIGNED: \"ASSIGNED\",", "scope": "normalizeStatus.map", "scopeKind": "class", "description": "unavailable"}, {"name": "ASSIGNED: \"Assigned\",", "scope": "statusLabel.labels", "scopeKind": "class", "description": "unavailable"}, {"name": "ASSIGNED: \"badge badge-blue\",", "scope": "statusBadgeClass.map", "scopeKind": "class", "description": "unavailable"}, {"name": "CLOSED: \"COMPLETED\",", "scope": "normalizeStatus.map", "scopeKind": "class", "description": "unavailable"}, {"name": "COMPLETED: \"COMPLETED\",", "scope": "normalizeStatus.map", "scopeKind": "class", "description": "unavailable"}, {"name": "COMPLETED: \"Completed\",", "scope": "statusLabel.labels", "scopeKind": "class", "description": "unavailable"}, {"name": "COMPLETED: \"badge badge-green\",", "scope": "statusBadgeClass.map", "scopeKind": "class", "description": "unavailable"}, {"name": "\"EN ROUTE\": \"EN_ROUTE\",", "scope": "normalizeStatus.map", "scopeKind": "class", "description": "unavailable"}, {"name": "EN_ROUTE: \"EN_ROUTE\",", "scope": "normalizeStatus.map", "scopeKind": "class", "description": "unavailable"}, {"name": "EN_ROUTE: \"En Route\",", "scope": "statusLabel.labels", "scopeKind": "class", "description": "unavailable"}, {"name": "EN_ROUTE: \"badge badge-amber\",", "scope": "statusBadgeClass.map", "scopeKind": "class", "description": "unavailable"}, {"name": "\"IN PROGRESS\": \"WORKING\",", "scope": "normalizeStatus.map", "scopeKind": "class", "description": "unavailable"}, {"name": "\"IN REVIEW\": \"OPEN\",", "scope": "normalizeStatus.map", "scopeKind": "class", "description": "unavailable"}, {"name": "IN_PROGRESS: \"WORKING\",", "scope": "normalizeStatus.map", "scopeKind": "class", "description": "unavailable"}, {"name": "IN_REVIEW: \"OPEN\",", "scope": "normalizeStatus.map", "scopeKind": "class", "description": "unavailable"}, {"name": "OPEN: \"OPEN\",", "scope": "normalizeStatus.map", "scopeKind": "class", "description": "unavailable"}, {"name": "OPEN: \"Open\",", "scope": "statusLabel.labels", "scopeKind": "class", "description": "unavailable"}, {"name": "OPEN: \"badge badge-blue\",", "scope": "statusBadgeClass.map", "scopeKind": "class", "description": "unavailable"}, {"name": "PENDING: \"OPEN\",", "scope": "normalizeStatus.map", "scopeKind": "class", "description": "unavailable"}, {"name": "SUBMITTED: \"OPEN\",", "scope": "normalizeStatus.map", "scopeKind": "class", "description": "unavailable"}, {"name": "WORKING: \"WORKING\",", "scope": "normalizeStatus.map", "scopeKind": "class", "description": "unavailable"}, {"name": "WORKING: \"Working\",", "scope": "statusLabel.labels", "scopeKind": "class", "description": "unavailable"}, {"name": "WORKING: \"badge badge-amber\",", "scope": "statusBadgeClass.map", "scopeKind": "class", "description": "unavailable"}]}