{"is_source_file": true, "format": "JavaScript", "description": "This file initializes and configures the Supabase client for the frontend application. It imports necessary modules, verifies configuration parameters, and exports functions and client instance used for interacting with Supabase backend services.", "external_files": ["@supabase/supabase-js", "../config/appConfig"], "external_methods": ["createClient"], "published": ["isSupabaseConfigured", "supabase"], "classes": [], "methods": [{"name": "assertSupabaseConfigured()", "description": "Checks if the Supabase URL and anonymous key are set in the application configuration, throws an error if not.", "scope": "", "scopeKind": ""}, {"name": "isSupabaseConfigured()", "description": "Public function that verifies whether Supabase environment variables are properly configured.", "scope": "", "scopeKind": ""}], "calls": ["assertSupabaseConfigured()", "createClient(appConfig.supabaseUrl, appConfig.supabaseAnonKey)"], "search-terms": ["supabase", "createClient", "appConfig", "supabaseUrl", "supabaseAnonKey"], "state": 2, "file_id": 72, "knowledge_revision": 443, "git_revision": "fe63037cb13ed9778021272beaaedbedfeec96f2", "revision_history": [{"349": "15b5e00133c728e31f7cfdd11b3f578418e3e946"}, {"429": "15b5e00133c728e31f7cfdd11b3f578418e3e946"}, {"443": "fe63037cb13ed9778021272beaaedbedfeec96f2"}], "ctags": [{"_type": "tag", "name": "assertSupabaseConfigured", "path": "/home/kavia/workspace/code-generation/roadrescue-quickassist-platform-41193-41202/frontend_user_website/src/services/supabaseClient.js", "pattern": "/^function assertSupabaseConfigured() {$/", "language": "JavaScript", "kind": "function", "signature": "()"}, {"_type": "tag", "name": "isSupabaseConfigured", "path": "/home/kavia/workspace/code-generation/roadrescue-quickassist-platform-41193-41202/frontend_user_website/src/services/supabaseClient.js", "pattern": "/^export function isSupabaseConfigured() {$/", "language": "JavaScript", "kind": "function", "signature": "()"}, {"_type": "tag", "name": "supabase", "path": "/home/kavia/workspace/code-generation/roadrescue-quickassist-platform-41193-41202/frontend_user_website/src/services/supabaseClient.js", "pattern": "/^export const supabase = createClient(appConfig.supabaseUrl, appConfig.supabaseAnonKey);$/", "language": "JavaScript", "kind": "constant"}], "hash": "cf88be083f406650173222bdc5c41c5f", "format-version": 4, "code-base-name": "frontend_user_website", "filename": "frontend_user_website/src/services/supabaseClient.js"}