{"is_source_file": true, "format": "JavaScript", "description": "This file provides a utility function 'withTimeout' that wraps a promise with a timeout, rejecting if the promise does not resolve within the specified duration.", "external_files": ["window"], "external_methods": ["window.setTimeout", "window.clearTimeout", "Promise.race"], "published": ["withTimeout"], "classes": [], "methods": [{"name": "withTimeout(promise, ms, label = \"operation\")", "description": "Wraps a promise with a timeout; rejects if the promise does not settle within the specified milliseconds, with an optional label for the error message.", "scope": "", "scopeKind": ""}], "calls": ["window.setTimeout", "window.clearTimeout", "Promise.race"], "search-terms": ["Promise timeout", "withTimeout", "utils", "promise race", "timeout helper"], "state": 2, "file_id": 100, "knowledge_revision": 441, "git_revision": "21c90acbee21bc1eaecca96350a00fd5e6389cbd", "ctags": [{"_type": "tag", "name": "withTimeout", "path": "/home/kavia/workspace/code-generation/roadrescue-quickassist-platform-41193-41202/frontend_user_website/src/utils/withTimeout.js", "pattern": "/^export function withTimeout(promise, ms, label = \"operation\") {$/", "language": "JavaScript", "kind": "function", "signature": "(promise, ms, label = \"operation\")"}], "hash": "46183887c5c644456855ee7a54e628a9", "format-version": 4, "code-base-name": "frontend_user_website", "filename": "frontend_user_website/src/utils/withTimeout.js", "revision_history": [{"441": "21c90acbee21bc1eaecca96350a00fd5e6389cbd"}]}