{"is_source_file": true, "format": "JavaScript", "description": "This file defines a React functional component 'Navbar' that renders a sticky, responsive navigation bar with role-based links, navigation actions, and mobile menu toggling. It uses React hooks such as useState and useMemo, and relies on react-router-dom for routing.", "external_files": ["../ui/Button", "../../context/AuthContext"], "external_methods": ["useNavigate", "useAuth", "NavLink", "Link", "logout"], "published": ["Navbar"], "classes": [], "methods": [{"name": "navLinkClass({ isActive })", "description": "Helper function to assign class names based on active route.", "scope": "", "scopeKind": ""}, {"name": "Navbar()", "description": "Main React component that renders the navigation bar with role-based links and mobile support.", "scope": "", "scopeKind": ""}, {"name": "onLogout", "description": "Handles user logout, navigates to home, and closes mobile menu if open."}], "calls": ["useNavigate()", "useAuth()", "logout()", "navigate()", "setOpen()", "useMemo()", "map()", "setOpen()", "navigate()", "setOpen()"], "search-terms": ["Navbar React component", "role-based navigation links", "mobile menu toggle", "useAuth context", "react-router-dom NavLink", "responsive header"], "state": 2, "file_id": 78, "knowledge_revision": 553, "git_revision": "e3932056a33468e189c82262e3518ef361ffdecb", "revision_history": [{"361": "0c3d79b311925402e0dd354a955e3011ebb3a8e0"}, {"518": "9460f7d0c136032955309efdf7db8099b0ca36a0"}, {"541": "e3932056a33468e189c82262e3518ef361ffdecb"}, {"553": "e3932056a33468e189c82262e3518ef361ffdecb"}], "ctags": [{"_type": "tag", "name": "Navbar", "path": "/home/kavia/workspace/code-generation/roadrescue-quickassist-platform-41193-41202/frontend_user_website/src/components/layout/Navbar.js", "pattern": "/^export function Navbar() {$/", "language": "JavaScript", "kind": "function", "signature": "()"}, {"_type": "tag", "name": "navLinkClass", "path": "/home/kavia/workspace/code-generation/roadrescue-quickassist-platform-41193-41202/frontend_user_website/src/components/layout/Navbar.js", "pattern": "/^function navLinkClass({ isActive }) {$/", "language": "JavaScript", "kind": "function", "signature": "({ isActive })"}, {"_type": "tag", "name": "open", "path": "/home/kavia/workspace/code-generation/roadrescue-quickassist-platform-41193-41202/frontend_user_website/src/components/layout/Navbar.js", "pattern": "/^            aria-expanded={open ? \"true\" : \"false\"}$/", "language": "JavaScript", "kind": "field", "scope": "aria", "scopeKind": "class"}, {"_type": "tag", "name": "open", "path": "/home/kavia/workspace/code-generation/roadrescue-quickassist-platform-41193-41202/frontend_user_website/src/components/layout/Navbar.js", "pattern": "/^            aria-label={open ? \"Close menu\" : \"Open menu\"}$/", "language": "JavaScript", "kind": "field", "scope": "aria", "scopeKind": "class"}], "hash": "3bee03d8f2f8718e8b8c51f6ec4dd525", "format-version": 4, "code-base-name": "frontend_user_website", "filename": "frontend_user_website/src/components/layout/Navbar.js", "fields": [{"name": "aria-expanded={open ? \"true\" : \"false\"}", "scope": "aria", "scopeKind": "class", "description": "unavailable"}, {"name": "aria-label={open ? \"Close menu\" : \"Open menu\"}", "scope": "aria", "scopeKind": "class", "description": "unavailable"}]}