{"is_source_file": true, "format": "JavaScript (React JSX)", "description": "This file defines a React component 'MyRequestsPage' that displays user breakdown requests, allowing interactions like status updates, navigation, and request clearing. It includes helper functions for display styling based on request status.", "external_files": ["../components/ui/Card", "../components/ui/Button", "../hooks/useUserRequests", "../components/layout/UserShell", "react", "react-router-dom"], "external_methods": ["useNavigate", "useUserRequests", "React", "React.useMemo"], "published": ["MyRequestsPage"], "classes": [], "methods": [{"name": "badgeKind(status)", "description": "Returns badge style based on request status.", "scope": "", "scopeKind": ""}, {"name": "statusPillClass(status)", "description": "Returns CSS class for status pill based on request status.", "scope": "", "scopeKind": ""}, {"name": "MyRequestsPage()", "description": "Main React functional component rendering the user requests page.", "scope": "", "scopeKind": ""}], "calls": ["useNavigate()", "useUserRequests()", "useMemo()", "navigate()", "clearAll()", "setStatus()", "new Date().toLocaleString()"], "search-terms": ["MyRequestsPage", "React", "useUserRequests", "statusPillClass", "badgeKind", "React JSX"], "state": 2, "file_id": 91, "knowledge_revision": 592, "git_revision": "f1c49b791ad6fde03f57fc3f5daee8748836dd05", "revision_history": [{"372": "ca09881e92259bc04b5062fe7eafb5aba25ec941"}, {"528": "9460f7d0c136032955309efdf7db8099b0ca36a0"}, {"543": "e3932056a33468e189c82262e3518ef361ffdecb"}, {"589": "e3932056a33468e189c82262e3518ef361ffdecb"}, {"592": "f1c49b791ad6fde03f57fc3f5daee8748836dd05"}], "ctags": [{"_type": "tag", "name": "MyRequestsPage", "path": "/home/kavia/workspace/code-generation/roadrescue-quickassist-platform-41193-41202/frontend_user_website/src/pages/MyRequestsPage.js", "pattern": "/^export function MyRequestsPage() {$/", "language": "JavaScript", "kind": "function", "signature": "()"}, {"_type": "tag", "name": "badgeKind", "path": "/home/kavia/workspace/code-generation/roadrescue-quickassist-platform-41193-41202/frontend_user_website/src/pages/MyRequestsPage.js", "pattern": "/^function badgeKind(status) {$/", "language": "JavaScript", "kind": "function", "signature": "(status)"}, {"_type": "tag", "name": "statusPillClass", "path": "/home/kavia/workspace/code-generation/roadrescue-quickassist-platform-41193-41202/frontend_user_website/src/pages/MyRequestsPage.js", "pattern": "/^function statusPillClass(status) {$/", "language": "JavaScript", "kind": "function", "signature": "(status)"}], "hash": "1eb5c7a4d179dc1d8101cab8bcaaa044", "format-version": 4, "code-base-name": "frontend_user_website", "filename": "frontend_user_website/src/pages/MyRequestsPage.js"}