{"is_source_file": true, "format": "JavaScript", "description": "This file implements a React component 'RequestDetailPage' that displays detailed information about a user request, including vehicle info, contact info, request status, and a map. It reads data from local storage and URL parameters, and references other React components such as UserShell, Card, LocationMap, and uses React Router hooks.", "external_files": ["../components/ui/Card", "../components/LocationMap", "../components/layout/UserShell"], "external_methods": ["useParams", "Link", "React", "useMemo"], "published": ["RequestDetailPage"], "classes": [], "methods": [{"name": "formatMaybe(v)", "description": "Formats a value to a trimmed string or returns '\u2014' if null or undefined.", "scope": "", "scopeKind": ""}, {"name": "parseFiniteNumber(v)", "description": "Converts a value to a finite number or returns null if not finite.", "scope": "", "scopeKind": ""}, {"name": "getLocalRequests()", "description": "Retrieves and parses the local storage requests array under key 'rrq_user_requests'.", "scope": "", "scopeKind": ""}, {"name": "toReadOnlyStatusLabel(rawStatus)", "description": "Maps legacy/local status strings to user-facing labels: 'Open', 'Assigned', 'Completed'.", "scope": "", "scopeKind": ""}, {"name": "statusPillClass(label)", "description": "Returns CSS class based on request status label.", "scope": "", "scopeKind": ""}, {"name": "RequestDetailPage()", "scope": "", "scopeKind": "", "description": "unavailable"}], "calls": ["useParams()", "localStorage.getItem()", "JSON.parse()", "String()", "Number()", "Number.isFinite()", "new Date().toLocaleString()", "Array.prototype.find()", "React.useMemo()"], "search-terms": ["RequestDetailPage", "localStorage requests", "Request details React component", "map display request", "status label mapping", "vehicle info display", "request id from URL"], "state": 2, "file_id": 90, "knowledge_revision": 604, "git_revision": "03b18d133ede62b51a4bf3a529d5360deff8f159", "revision_history": [{"371": "ca09881e92259bc04b5062fe7eafb5aba25ec941"}, {"470": "4df64072ecff4147ced1d3bd08d6f9db6d098f5b"}, {"480": "ccd5eab631449c0f19d901fb57d943cf2829df73"}, {"485": "ccd5eab631449c0f19d901fb57d943cf2829df73"}, {"602": "03b18d133ede62b51a4bf3a529d5360deff8f159"}, {"604": "03b18d133ede62b51a4bf3a529d5360deff8f159"}], "ctags": [{"_type": "tag", "name": "RequestDetailPage", "path": "/home/kavia/workspace/code-generation/roadrescue-quickassist-platform-41193-41202/frontend_user_website/src/pages/RequestDetailPage.js", "pattern": "/^export function RequestDetailPage() {$/", "language": "JavaScript", "kind": "function", "signature": "()"}, {"_type": "tag", "name": "formatMaybe", "path": "/home/kavia/workspace/code-generation/roadrescue-quickassist-platform-41193-41202/frontend_user_website/src/pages/RequestDetailPage.js", "pattern": "/^function formatMaybe(v) {$/", "language": "JavaScript", "kind": "function", "signature": "(v)"}, {"_type": "tag", "name": "getLocalRequests", "path": "/home/kavia/workspace/code-generation/roadrescue-quickassist-platform-41193-41202/frontend_user_website/src/pages/RequestDetailPage.js", "pattern": "/^function getLocalRequests() {$/", "language": "JavaScript", "kind": "function", "signature": "()"}, {"_type": "tag", "name": "id}", "path": "/home/kavia/workspace/code-generation/roadrescue-quickassist-platform-41193-41202/frontend_user_website/src/pages/RequestDetailPage.js", "pattern": "/^    <UserShell title={`Request ${req.id}`}>$/", "language": "JavaScript", "kind": "field", "scope": "RequestDetailPage.AnonymousClassbb2e70a50101.Request ${req", "scopeKind": "class"}, {"_type": "tag", "name": "parseFiniteNumber", "path": "/home/kavia/workspace/code-generation/roadrescue-quickassist-platform-41193-41202/frontend_user_website/src/pages/RequestDetailPage.js", "pattern": "/^function parseFiniteNumber(v) {$/", "language": "JavaScript", "kind": "function", "signature": "(v)"}, {"_type": "tag", "name": "statusPillClass", "path": "/home/kavia/workspace/code-generation/roadrescue-quickassist-platform-41193-41202/frontend_user_website/src/pages/RequestDetailPage.js", "pattern": "/^function statusPillClass(label) {$/", "language": "JavaScript", "kind": "function", "signature": "(label)"}, {"_type": "tag", "name": "toLocaleString()}", "path": "/home/kavia/workspace/code-generation/roadrescue-quickassist-platform-41193-41202/frontend_user_website/src/pages/RequestDetailPage.js", "pattern": "/^        subtitle={`Created: ${new Date(req.createdAt).toLocaleString()}`}$/", "language": "JavaScript", "kind": "field", "scope": "RequestDetailPage.subtitle.Created: ${new Date(req.createdAt)", "scopeKind": "class"}, {"_type": "tag", "name": "toReadOnlyStatusLabel", "path": "/home/kavia/workspace/code-generation/roadrescue-quickassist-platform-41193-41202/frontend_user_website/src/pages/RequestDetailPage.js", "pattern": "/^function toReadOnlyStatusLabel(rawStatus) {$/", "language": "JavaScript", "kind": "function", "signature": "(rawStatus)"}], "hash": "5a43e0d6a229d5b252768654fa9ba52b", "format-version": 4, "code-base-name": "frontend_user_website", "filename": "frontend_user_website/src/pages/RequestDetailPage.js", "fields": [{"name": "<UserShell title={`Request ${req.id}`}>", "scope": "RequestDetailPage.AnonymousClassbb2e70a50101.Request ${req", "scopeKind": "class", "description": "unavailable"}, {"name": "subtitle={`Created: ${new Date(req.createdAt).toLocaleString()}`}", "scope": "RequestDetailPage.subtitle.Created: ${new Date(req.createdAt)", "scopeKind": "class", "description": "unavailable"}]}