{"is_source_file": true, "format": "JavaScript (ReactJS)", "description": "This file defines the 'RequestDetailPage' React component, which displays detailed information for a specific request, including status, vehicle info, contact details, and issue description.", "external_files": ["../components/ui/Card", "../services/dataService", "../services/statusUtils", "react", "react-router-dom"], "external_methods": ["dataService.getRequestById", "statusLabel"], "published": ["RequestDetailPage"], "classes": [], "methods": [{"name": "RequestDetailPage({ user })", "description": "React functional component that handles fetching and displaying details of a specific request based on requestId from URL parameters.", "scope": "", "scopeKind": ""}], "calls": ["useParams", "useState", "useEffect", "dataService.getRequestById", "statusLabel", "setReq", "setError", "slice"], "search-terms": ["RequestDetailPage", "React", "requestId", "request details", "useEffect", "dataService", "statusLabel"], "state": 2, "file_id": 90, "knowledge_revision": 371, "git_revision": "ca09881e92259bc04b5062fe7eafb5aba25ec941", "ctags": [{"_type": "tag", "name": "RequestDetailPage", "path": "/home/kavia/workspace/code-generation/roadrescue-quickassist-platform-41193-41202/frontend_user_website/src/pages/RequestDetailPage.js", "pattern": "/^export function RequestDetailPage({ user }) {$/", "language": "JavaScript", "kind": "function", "signature": "({ user })"}], "hash": "4a00c133a88191db6d347930c960e3e5", "format-version": 4, "code-base-name": "frontend_user_website", "filename": "frontend_user_website/src/pages/RequestDetailPage.js", "revision_history": [{"371": "ca09881e92259bc04b5062fe7eafb5aba25ec941"}]}