{"is_source_file": false, "format": "", "description": "", "external_files": [], "external_methods": [], "published": [], "classes": [], "methods": [], "calls": [], "search-terms": [], "state": 2, "file_id": 65, "knowledge_revision": 482, "git_revision": "7066161a9c2ce915109ac9413e83d53395dd4a5b", "revision_history": [{"342": "d7094c8bb3d5eeb9c23cb2ddab9b21d37ee8dfc5"}, {"425": "adddec63496c05acbad8f707fc07bd60b2d8ca52"}, {"437": "fe63037cb13ed9778021272beaaedbedfeec96f2"}, {"447": "7066161a9c2ce915109ac9413e83d53395dd4a5b"}, {"482": "7066161a9c2ce915109ac9413e83d53395dd4a5b"}], "hash": "31b464b5fdcf5d3e02a4c1703b544986", "format-version": 4, "code-base-name": "frontend_user_website", "filename": "frontend_user_website/README.md"}