{"is_source_file": true, "format": "JavaScript", "description": "This file is a mock data service module for frontend development, providing offline implementations for user authentication, session management, and request handling, simulating server interactions using localStorage.", "external_files": ["../services/statusUtils"], "external_methods": ["normalizeStatus"], "published": ["mockDataService"], "classes": [], "methods": [{"name": "clearLocalSession()", "scope": "", "scopeKind": "", "description": "unavailable"}, {"name": "createRequest({ user, vehicle, issueDescription, contact })", "scope": "mockDataService", "scopeKind": "class", "description": "unavailable"}, {"name": "delay(ms = 180)", "scope": "", "scopeKind": "", "description": "unavailable"}, {"name": "ensureSeedData()", "scope": "", "scopeKind": "", "description": "unavailable"}, {"name": "getCurrentUser()", "scope": "mockDataService", "scopeKind": "class", "description": "unavailable"}, {"name": "getLocalRequests()", "scope": "", "scopeKind": "", "description": "unavailable"}, {"name": "getLocalSession()", "scope": "", "scopeKind": "", "description": "unavailable"}, {"name": "getLocalUsers()", "scope": "", "scopeKind": "", "description": "unavailable"}, {"name": "getProfile(userId)", "scope": "mockDataService", "scopeKind": "class", "description": "unavailable"}, {"name": "getRequestById(requestId)", "scope": "mockDataService", "scopeKind": "class", "description": "unavailable"}, {"name": "isSupabaseConfigured()", "scope": "mockDataService", "scopeKind": "class", "description": "unavailable"}, {"name": "listRequests({ forUserId } = {})", "scope": "mockDataService", "scopeKind": "class", "description": "unavailable"}, {"name": "login(email, password)", "scope": "mockDataService", "scopeKind": "class", "description": "unavailable"}, {"name": "loginWithGoogle()", "scope": "mockDataService", "scopeKind": "class", "description": "unavailable"}, {"name": "logout()", "scope": "mockDataService", "scopeKind": "class", "description": "unavailable"}, {"name": "readJson(key, fallback)", "scope": "", "scopeKind": "", "description": "unavailable"}, {"name": "register(email, password)", "scope": "mockDataService", "scopeKind": "class", "description": "unavailable"}, {"name": "setLocalRequests(reqs)", "scope": "", "scopeKind": "", "description": "unavailable"}, {"name": "setLocalSession(session)", "scope": "", "scopeKind": "", "description": "unavailable"}, {"name": "setLocalUsers(users)", "scope": "", "scopeKind": "", "description": "unavailable"}, {"name": "subscribeToAuthChanges()", "scope": "mockDataService", "scopeKind": "class", "description": "unavailable"}, {"name": "uid(prefix = \"id\")", "scope": "", "scopeKind": "", "description": "unavailable"}, {"name": "writeJson(key, value)", "scope": "", "scopeKind": "", "description": "unavailable"}], "calls": ["window.setTimeout", "window.localStorage.getItem", "window.localStorage.setItem", "window.localStorage.removeItem"], "search-terms": ["mockDataService", "localStorage", "session", "requests", "seeded", "localStorage", "mock", "offline", "auth", "user", "request"], "state": 2, "file_id": 98, "knowledge_revision": 426, "git_revision": "adddec63496c05acbad8f707fc07bd60b2d8ca52", "ctags": [{"_type": "tag", "name": "LS_KEYS", "path": "/home/kavia/workspace/code-generation/roadrescue-quickassist-platform-41193-41202/frontend_user_website/src/mocks/mockDataService.js", "pattern": "/^const LS_KEYS = {$/", "language": "JavaScript", "kind": "class"}, {"_type": "tag", "name": "clearLocalSession", "path": "/home/kavia/workspace/code-generation/roadrescue-quickassist-platform-41193-41202/frontend_user_website/src/mocks/mockDataService.js", "pattern": "/^function clearLocalSession() {$/", "language": "JavaScript", "kind": "function", "signature": "()"}, {"_type": "tag", "name": "createRequest", "path": "/home/kavia/workspace/code-generation/roadrescue-quickassist-platform-41193-41202/frontend_user_website/src/mocks/mockDataService.js", "pattern": "/^  async createRequest({ user, vehicle, issueDescription, contact }) {$/", "language": "JavaScript", "kind": "method", "signature": "({ user, vehicle, issueDescription, contact })", "scope": "mockDataService", "scopeKind": "class"}, {"_type": "tag", "name": "createdAt", "path": "/home/kavia/workspace/code-generation/roadrescue-quickassist-platform-41193-41202/frontend_user_website/src/mocks/mockDataService.js", "pattern": "/^      createdAt: nowIso,$/", "language": "JavaScript", "kind": "property", "scope": "mockDataService.createRequest.request", "scopeKind": "class"}, {"_type": "tag", "name": "delay", "path": "/home/kavia/workspace/code-generation/roadrescue-quickassist-platform-41193-41202/frontend_user_website/src/mocks/mockDataService.js", "pattern": "/^function delay(ms = 180) {$/", "language": "JavaScript", "kind": "function", "signature": "(ms = 180)"}, {"_type": "tag", "name": "email", "path": "/home/kavia/workspace/code-generation/roadrescue-quickassist-platform-41193-41202/frontend_user_website/src/mocks/mockDataService.js", "pattern": "/^    const user = { id: uid(\"u\"), email, password, role: \"user\", approved: true, profile: { name:/", "language": "JavaScript", "kind": "field", "scope": "mockDataService.register.user", "scopeKind": "class"}, {"_type": "tag", "name": "ensureSeedData", "path": "/home/kavia/workspace/code-generation/roadrescue-quickassist-platform-41193-41202/frontend_user_website/src/mocks/mockDataService.js", "pattern": "/^function ensureSeedData() {$/", "language": "JavaScript", "kind": "function", "signature": "()"}, {"_type": "tag", "name": "getCurrentUser", "path": "/home/kavia/workspace/code-generation/roadrescue-quickassist-platform-41193-41202/frontend_user_website/src/mocks/mockDataService.js", "pattern": "/^  async getCurrentUser() {$/", "language": "JavaScript", "kind": "method", "signature": "()", "scope": "mockDataService", "scopeKind": "class"}, {"_type": "tag", "name": "getLocalRequests", "path": "/home/kavia/workspace/code-generation/roadrescue-quickassist-platform-41193-41202/frontend_user_website/src/mocks/mockDataService.js", "pattern": "/^function getLocalRequests() {$/", "language": "JavaScript", "kind": "function", "signature": "()"}, {"_type": "tag", "name": "getLocalSession", "path": "/home/kavia/workspace/code-generation/roadrescue-quickassist-platform-41193-41202/frontend_user_website/src/mocks/mockDataService.js", "pattern": "/^function getLocalSession() {$/", "language": "JavaScript", "kind": "function", "signature": "()"}, {"_type": "tag", "name": "getLocalUsers", "path": "/home/kavia/workspace/code-generation/roadrescue-quickassist-platform-41193-41202/frontend_user_website/src/mocks/mockDataService.js", "pattern": "/^function getLocalUsers() {$/", "language": "JavaScript", "kind": "function", "signature": "()"}, {"_type": "tag", "name": "getProfile", "path": "/home/kavia/workspace/code-generation/roadrescue-quickassist-platform-41193-41202/frontend_user_website/src/mocks/mockDataService.js", "pattern": "/^  async getProfile(userId) {$/", "language": "JavaScript", "kind": "method", "signature": "(userId)", "scope": "mockDataService", "scopeKind": "class"}, {"_type": "tag", "name": "getRequestById", "path": "/home/kavia/workspace/code-generation/roadrescue-quickassist-platform-41193-41202/frontend_user_website/src/mocks/mockDataService.js", "pattern": "/^  async getRequestById(requestId) {$/", "language": "JavaScript", "kind": "method", "signature": "(requestId)", "scope": "mockDataService", "scopeKind": "class"}, {"_type": "tag", "name": "id", "path": "/home/kavia/workspace/code-generation/roadrescue-quickassist-platform-41193-41202/frontend_user_website/src/mocks/mockDataService.js", "pattern": "/^      id: uid(\"req\"),$/", "language": "JavaScript", "kind": "property", "scope": "mockDataService.createRequest.request", "scopeKind": "class"}, {"_type": "tag", "name": "id", "path": "/home/kavia/workspace/code-generation/roadrescue-quickassist-platform-41193-41202/frontend_user_website/src/mocks/mockDataService.js", "pattern": "/^    const user = { id: uid(\"u\"), email, password, role: \"user\", approved: true, profile: { name:/", "language": "JavaScript", "kind": "property", "scope": "mockDataService.register.user", "scopeKind": "class"}, {"_type": "tag", "name": "isSupabaseConfigured", "path": "/home/kavia/workspace/code-generation/roadrescue-quickassist-platform-41193-41202/frontend_user_website/src/mocks/mockDataService.js", "pattern": "/^  isSupabaseConfigured() {$/", "language": "JavaScript", "kind": "method", "signature": "()", "scope": "mockDataService", "scopeKind": "class"}, {"_type": "tag", "name": "issueDescription", "path": "/home/kavia/workspace/code-generation/roadrescue-quickassist-platform-41193-41202/frontend_user_website/src/mocks/mockDataService.js", "pattern": "/^      issueDescription,$/", "language": "JavaScript", "kind": "field", "scope": "mockDataService.createRequest.request", "scopeKind": "class"}, {"_type": "tag", "name": "listRequests", "path": "/home/kavia/workspace/code-generation/roadrescue-quickassist-platform-41193-41202/frontend_user_website/src/mocks/mockDataService.js", "pattern": "/^  async listRequests({ forUserId } = {}) {$/", "language": "JavaScript", "kind": "method", "signature": "({ forUserId } = {})", "scope": "mockDataService", "scopeKind": "class"}, {"_type": "tag", "name": "login", "path": "/home/kavia/workspace/code-generation/roadrescue-quickassist-platform-41193-41202/frontend_user_website/src/mocks/mockDataService.js", "pattern": "/^  async login(email, password) {$/", "language": "JavaScript", "kind": "method", "signature": "(email, password)", "scope": "mockDataService", "scopeKind": "class"}, {"_type": "tag", "name": "loginWithGoogle", "path": "/home/kavia/workspace/code-generation/roadrescue-quickassist-platform-41193-41202/frontend_user_website/src/mocks/mockDataService.js", "pattern": "/^  async loginWithGoogle() {$/", "language": "JavaScript", "kind": "method", "signature": "()", "scope": "mockDataService", "scopeKind": "class"}, {"_type": "tag", "name": "logout", "path": "/home/kavia/workspace/code-generation/roadrescue-quickassist-platform-41193-41202/frontend_user_website/src/mocks/mockDataService.js", "pattern": "/^  async logout() {$/", "language": "JavaScript", "kind": "method", "signature": "()", "scope": "mockDataService", "scopeKind": "class"}, {"_type": "tag", "name": "make", "path": "/home/kavia/workspace/code-generation/roadrescue-quickassist-platform-41193-41202/frontend_user_website/src/mocks/mockDataService.js", "pattern": "/^      make: vehicle && typeof vehicle.make === \"string\" ? vehicle.make : \"\",$/", "language": "JavaScript", "kind": "property", "scope": "mockDataService.createRequest.safeVehicle", "scopeKind": "class"}, {"_type": "tag", "name": "mockDataService", "path": "/home/kavia/workspace/code-generation/roadrescue-quickassist-platform-41193-41202/frontend_user_website/src/mocks/mockDataService.js", "pattern": "/^export const mockDataService = {$/", "language": "JavaScript", "kind": "class"}, {"_type": "tag", "name": "model", "path": "/home/kavia/workspace/code-generation/roadrescue-quickassist-platform-41193-41202/frontend_user_website/src/mocks/mockDataService.js", "pattern": "/^      model: vehicle && typeof vehicle.model === \"string\" ? vehicle.model : \"\",$/", "language": "JavaScript", "kind": "property", "scope": "mockDataService.createRequest.safeVehicle", "scopeKind": "class"}, {"_type": "tag", "name": "name", "path": "/home/kavia/workspace/code-generation/roadrescue-quickassist-platform-41193-41202/frontend_user_website/src/mocks/mockDataService.js", "pattern": "/^      name: contact?.name || \"\",$/", "language": "JavaScript", "kind": "property", "scope": "mockDataService.createRequest.safeContact", "scopeKind": "class"}, {"_type": "tag", "name": "phone", "path": "/home/kavia/workspace/code-generation/roadrescue-quickassist-platform-41193-41202/frontend_user_website/src/mocks/mockDataService.js", "pattern": "/^      phone: contact?.phone || \"\",$/", "language": "JavaScript", "kind": "property", "scope": "mockDataService.createRequest.safeContact", "scopeKind": "class"}, {"_type": "tag", "name": "readJson", "path": "/home/kavia/workspace/code-generation/roadrescue-quickassist-platform-41193-41202/frontend_user_website/src/mocks/mockDataService.js", "pattern": "/^function readJson(key, fallback) {$/", "language": "JavaScript", "kind": "function", "signature": "(key, fallback)"}, {"_type": "tag", "name": "register", "path": "/home/kavia/workspace/code-generation/roadrescue-quickassist-platform-41193-41202/frontend_user_website/src/mocks/mockDataService.js", "pattern": "/^  async register(email, password) {$/", "language": "JavaScript", "kind": "method", "signature": "(email, password)", "scope": "mockDataService", "scopeKind": "class"}, {"_type": "tag", "name": "request", "path": "/home/kavia/workspace/code-generation/roadrescue-quickassist-platform-41193-41202/frontend_user_website/src/mocks/mockDataService.js", "pattern": "/^    const request = {$/", "language": "JavaScript", "kind": "class", "scope": "mockDataService.createRequest", "scopeKind": "class"}, {"_type": "tag", "name": "requests", "path": "/home/kavia/workspace/code-generation/roadrescue-quickassist-platform-41193-41202/frontend_user_website/src/mocks/mockDataService.js", "pattern": "/^  requests: \"rrqa.requests\",$/", "language": "JavaScript", "kind": "property", "scope": "LS_KEYS", "scopeKind": "class"}, {"_type": "tag", "name": "safeContact", "path": "/home/kavia/workspace/code-generation/roadrescue-quickassist-platform-41193-41202/frontend_user_website/src/mocks/mockDataService.js", "pattern": "/^    const safeContact = {$/", "language": "JavaScript", "kind": "class", "scope": "mockDataService.createRequest", "scopeKind": "class"}, {"_type": "tag", "name": "safeVehicle", "path": "/home/kavia/workspace/code-generation/roadrescue-quickassist-platform-41193-41202/frontend_user_website/src/mocks/mockDataService.js", "pattern": "/^    const safeVehicle = {$/", "language": "JavaScript", "kind": "class", "scope": "mockDataService.createRequest", "scopeKind": "class"}, {"_type": "tag", "name": "seeded", "path": "/home/kavia/workspace/code-generation/roadrescue-quickassist-platform-41193-41202/frontend_user_website/src/mocks/mockDataService.js", "pattern": "/^  seeded: \"rrqa.seeded\",$/", "language": "JavaScript", "kind": "property", "scope": "LS_KEYS", "scopeKind": "class"}, {"_type": "tag", "name": "session", "path": "/home/kavia/workspace/code-generation/roadrescue-quickassist-platform-41193-41202/frontend_user_website/src/mocks/mockDataService.js", "pattern": "/^  session: \"rrqa.session\",$/", "language": "JavaScript", "kind": "property", "scope": "LS_KEYS", "scopeKind": "class"}, {"_type": "tag", "name": "setLocalRequests", "path": "/home/kavia/workspace/code-generation/roadrescue-quickassist-platform-41193-41202/frontend_user_website/src/mocks/mockDataService.js", "pattern": "/^function setLocalRequests(reqs) {$/", "language": "JavaScript", "kind": "function", "signature": "(reqs)"}, {"_type": "tag", "name": "setLocalSession", "path": "/home/kavia/workspace/code-generation/roadrescue-quickassist-platform-41193-41202/frontend_user_website/src/mocks/mockDataService.js", "pattern": "/^function setLocalSession(session) {$/", "language": "JavaScript", "kind": "function", "signature": "(session)"}, {"_type": "tag", "name": "setLocalUsers", "path": "/home/kavia/workspace/code-generation/roadrescue-quickassist-platform-41193-41202/frontend_user_website/src/mocks/mockDataService.js", "pattern": "/^function setLocalUsers(users) {$/", "language": "JavaScript", "kind": "function", "signature": "(users)"}, {"_type": "tag", "name": "subscribeToAuthChanges", "path": "/home/kavia/workspace/code-generation/roadrescue-quickassist-platform-41193-41202/frontend_user_website/src/mocks/mockDataService.js", "pattern": "/^  subscribeToAuthChanges() {$/", "language": "JavaScript", "kind": "method", "signature": "()", "scope": "mockDataService", "scopeKind": "class"}, {"_type": "tag", "name": "uid", "path": "/home/kavia/workspace/code-generation/roadrescue-quickassist-platform-41193-41202/frontend_user_website/src/mocks/mockDataService.js", "pattern": "/^function uid(prefix = \"id\") {$/", "language": "JavaScript", "kind": "function", "signature": "(prefix = \"id\")"}, {"_type": "tag", "name": "user", "path": "/home/kavia/workspace/code-generation/roadrescue-quickassist-platform-41193-41202/frontend_user_website/src/mocks/mockDataService.js", "pattern": "/^    const user = { id: uid(\"u\"), email, password, role: \"user\", approved: true, profile: { name:/", "language": "JavaScript", "kind": "class", "scope": "mockDataService.register", "scopeKind": "class"}, {"_type": "tag", "name": "userEmail", "path": "/home/kavia/workspace/code-generation/roadrescue-quickassist-platform-41193-41202/frontend_user_website/src/mocks/mockDataService.js", "pattern": "/^      userEmail: user.email,$/", "language": "JavaScript", "kind": "property", "scope": "mockDataService.createRequest.request", "scopeKind": "class"}, {"_type": "tag", "name": "userId", "path": "/home/kavia/workspace/code-generation/roadrescue-quickassist-platform-41193-41202/frontend_user_website/src/mocks/mockDataService.js", "pattern": "/^      userId: user.id,$/", "language": "JavaScript", "kind": "property", "scope": "mockDataService.createRequest.request", "scopeKind": "class"}, {"_type": "tag", "name": "users", "path": "/home/kavia/workspace/code-generation/roadrescue-quickassist-platform-41193-41202/frontend_user_website/src/mocks/mockDataService.js", "pattern": "/^  users: \"rrqa.users\",$/", "language": "JavaScript", "kind": "property", "scope": "LS_KEYS", "scopeKind": "class"}, {"_type": "tag", "name": "vehicle", "path": "/home/kavia/workspace/code-generation/roadrescue-quickassist-platform-41193-41202/frontend_user_website/src/mocks/mockDataService.js", "pattern": "/^      vehicle: safeVehicle,$/", "language": "JavaScript", "kind": "property", "scope": "mockDataService.createRequest.request", "scopeKind": "class"}, {"_type": "tag", "name": "writeJson", "path": "/home/kavia/workspace/code-generation/roadrescue-quickassist-platform-41193-41202/frontend_user_website/src/mocks/mockDataService.js", "pattern": "/^function writeJson(key, value) {$/", "language": "JavaScript", "kind": "function", "signature": "(key, value)"}], "hash": "ded82d0b3c9fdde6fc0c22f1dcb4a1aa", "format-version": 4, "code-base-name": "frontend_user_website", "filename": "frontend_user_website/src/mocks/mockDataService.js", "fields": [{"name": "createdAt: nowIso,", "scope": "mockDataService.createRequest.request", "scopeKind": "class", "description": "unavailable"}, {"name": "const user = { id: uid(\"u\"), email, password, role: \"user\", approved: true, profile: { name:/", "scope": "mockDataService.register.user", "scopeKind": "class", "description": "unavailable"}, {"name": "id: uid(\"req\"),", "scope": "mockDataService.createRequest.request", "scopeKind": "class", "description": "unavailable"}, {"name": "issueDescription,", "scope": "mockDataService.createRequest.request", "scopeKind": "class", "description": "unavailable"}, {"name": "make: vehicle && typeof vehicle.make === \"string\" ? vehicle.make : \"\",", "scope": "mockDataService.createRequest.safeVehicle", "scopeKind": "class", "description": "unavailable"}, {"name": "model: vehicle && typeof vehicle.model === \"string\" ? vehicle.model : \"\",", "scope": "mockDataService.createRequest.safeVehicle", "scopeKind": "class", "description": "unavailable"}, {"name": "name: contact?.name || \"\",", "scope": "mockDataService.createRequest.safeContact", "scopeKind": "class", "description": "unavailable"}, {"name": "phone: contact?.phone || \"\",", "scope": "mockDataService.createRequest.safeContact", "scopeKind": "class", "description": "unavailable"}, {"name": "requests: \"rrqa.requests\",", "scope": "LS_KEYS", "scopeKind": "class", "description": "unavailable"}, {"name": "seeded: \"rrqa.seeded\",", "scope": "LS_KEYS", "scopeKind": "class", "description": "unavailable"}, {"name": "session: \"rrqa.session\",", "scope": "LS_KEYS", "scopeKind": "class", "description": "unavailable"}, {"name": "userEmail: user.email,", "scope": "mockDataService.createRequest.request", "scopeKind": "class", "description": "unavailable"}, {"name": "userId: user.id,", "scope": "mockDataService.createRequest.request", "scopeKind": "class", "description": "unavailable"}, {"name": "users: \"rrqa.users\",", "scope": "LS_KEYS", "scopeKind": "class", "description": "unavailable"}, {"name": "vehicle: safeVehicle,", "scope": "mockDataService.createRequest.request", "scopeKind": "class", "description": "unavailable"}], "revision_history": [{"426": "adddec63496c05acbad8f707fc07bd60b2d8ca52"}]}