{"is_source_file": true, "format": "JavaScript (React JSX)", "description": "This file defines the React component 'MyRequestsPage' that displays user requests, including functionalities like localization, display, and user interactions.", "external_files": ["../components/ui/Card", "../components/ui/Button", "../hooks/useUserRequests", "../components/layout/UserShell", "react", "react-router-dom"], "external_methods": ["useNavigate", "useUserRequests", "new Date().toLocaleString()"], "published": ["MyRequestsPage"], "classes": [], "methods": [{"name": "MyRequestsPage()", "description": "Main React functional component rendering the user's request list with actions and UI layout.", "scope": "", "scopeKind": ""}, {"name": "badgeKind(status)", "description": "Determines badge color type based on request status.", "scope": "", "scopeKind": ""}, {"name": "statusPillClass(status)", "description": "Returns CSS class based on badge kind to style status indicator.", "scope": "", "scopeKind": ""}], "calls": ["useNavigate()", "useUserRequests()", "useMemo()", "navigate()", "setStatus()", "clearAll()", "new Date(r.createdAt).toLocaleString()", "rows.map()", "Button()"], "search-terms": ["MyRequestsPage React component", "useUserRequests hook", "localStorage requests display", "status badge functions", "requests table", "React routing submit button"], "state": 3, "file_id": 91, "knowledge_revision": 589, "git_revision": "e3932056a33468e189c82262e3518ef361ffdecb", "revision_history": [{"372": "ca09881e92259bc04b5062fe7eafb5aba25ec941"}, {"528": "9460f7d0c136032955309efdf7db8099b0ca36a0"}, {"543": "e3932056a33468e189c82262e3518ef361ffdecb"}, {"589": "e3932056a33468e189c82262e3518ef361ffdecb"}], "ctags": [{"_type": "tag", "name": "MyRequestsPage", "path": "/home/kavia/workspace/code-generation/roadrescue-quickassist-platform-41193-41202/frontend_user_website/src/pages/MyRequestsPage.js", "pattern": "/^export function MyRequestsPage() {$/", "language": "JavaScript", "kind": "function", "signature": "()"}, {"_type": "tag", "name": "badgeKind", "path": "/home/kavia/workspace/code-generation/roadrescue-quickassist-platform-41193-41202/frontend_user_website/src/pages/MyRequestsPage.js", "pattern": "/^function badgeKind(status) {$/", "language": "JavaScript", "kind": "function", "signature": "(status)"}, {"_type": "tag", "name": "rows", "path": "/home/kavia/workspace/code-generation/roadrescue-quickassist-platform-41193-41202/frontend_user_website/src/pages/MyRequestsPage.js", "pattern": "/^          rows.length ? ($/", "language": "JavaScript", "kind": "field", "scope": "MyRequestsPage.actions", "scopeKind": "class"}, {"_type": "tag", "name": "rows", "path": "/home/kavia/workspace/code-generation/roadrescue-quickassist-platform-41193-41202/frontend_user_website/src/pages/MyRequestsPage.js", "pattern": "/^        subtitle={rows.length ? \"Newest first.\" : \"No requests yet.\"}$/", "language": "JavaScript", "kind": "field", "scope": "MyRequestsPage.subtitle", "scopeKind": "class"}, {"_type": "tag", "name": "statusPillClass", "path": "/home/kavia/workspace/code-generation/roadrescue-quickassist-platform-41193-41202/frontend_user_website/src/pages/MyRequestsPage.js", "pattern": "/^function statusPillClass(status) {$/", "language": "JavaScript", "kind": "function", "signature": "(status)"}], "hash": "a5c6a2bce9c5ea6b5e54efb79d000a24", "format-version": 4, "code-base-name": "frontend_user_website", "filename": "frontend_user_website/src/pages/MyRequestsPage.js", "fields": [{"name": "rows.length ? (", "scope": "MyRequestsPage.actions", "scopeKind": "class", "description": "unavailable"}, {"name": "subtitle={rows.length ? \"Newest first.\" : \"No requests yet.\"}", "scope": "MyRequestsPage.subtitle", "scopeKind": "class", "description": "unavailable"}]}