{"is_source_file": true, "format": "JavaScript", "description": "This file `dataService.js` provides data access functions for interacting with a Supabase backend, including user authentication, request management, and normalization utilities. It encapsulates API calls, error handling, and data transformations for frontend consumption.", "external_files": ["./statusUtils", "./supabaseClient", "../config/appConfig", "../utils/withTimeout"], "external_methods": ["getSupabase()", "normalizeStatus()", "withTimeout()"], "published": ["dataService"], "classes": [], "methods": [{"name": "supUserToAppUser", "description": "Converts a Supabase user object into a simplified app-specific user object, including optional profile data such as role and approval status."}, {"name": "normalizeVehicle(vehicle, row)", "description": "Normalizes vehicle data from either a string or object into a consistent structure with 'make' and 'model'.", "scope": "", "scopeKind": ""}, {"name": "normalizeContact(contact, row)", "description": "Normalizes contact data into a consistent structure with 'name' and 'phone'.", "scope": "", "scopeKind": ""}, {"name": "forceUserCreateStatusOpen(payload)", "description": "Ensures the request payload complies with database constraints by setting the status to 'open' and removing any caller-provided status.", "scope": "", "scopeKind": ""}, {"name": "normalizeSupabaseAuthError(err)", "description": "Converts various Supabase auth errors into user-friendly messages.", "scope": "", "scopeKind": ""}, {"name": "register(email, password)", "description": "Registers a new user with email and password, returning a normalized user object or throwing an error.", "scope": "dataService", "scopeKind": "class"}, {"name": "login(email, password)", "description": "Authenticates a user with email and password, returning a normalized user object or throwing an error.", "scope": "dataService", "scopeKind": "class"}, {"name": "loginWithGoogle({ redirectTo } = {})", "description": "Initiates OAuth login flow with Google via Supabase.", "scope": "dataService", "scopeKind": "class"}, {"name": "logout()", "description": "Signs out the current user.", "scope": "dataService", "scopeKind": "class"}, {"name": "getUserFromSession()", "description": "Retrieves the current user session, returning a normalized user object or null.", "scope": "dataService", "scopeKind": "class"}, {"name": "getCurrentUser()", "description": "Retrieves the currently authenticated user, similar to getUserFromSession but via a different API call.", "scope": "dataService", "scopeKind": "class"}, {"name": "subscribeToAuthChanges(onUserChanged)", "description": "Subscribes to authentication state changes and provides an enriched user object when the auth state changes.", "scope": "dataService", "scopeKind": "class"}, {"name": "getProfile(userId)", "description": "Fetches the profile data for a specified user ID.", "scope": "dataService", "scopeKind": "class"}, {"name": "listRequests({ forUserId } = {})", "description": "Retrieves a list of requests, optionally filtered by user ID.", "scope": "dataService", "scopeKind": "class"}, {"name": "getRequestById(requestId)", "description": "Fetches a request by its ID.", "scope": "dataService", "scopeKind": "class"}, {"name": "createRequest({ vehicleType, issueDescription, address, latitude, longitude } = {})", "description": "Creates a new service request with supplied vehicle type, issue description, address, and location data, enforcing status 'open'.", "scope": "dataService", "scopeKind": "class"}, {"name": "isSupabaseConfigured()", "description": "Checks if the Supabase environment variables are configured (stubbed to true).", "scope": "dataService", "scopeKind": "class"}, {"name": "supaUserToAppUser(supaUser)", "scope": "", "scopeKind": "", "description": "unavailable"}], "calls": ["getSupabase()", "normalizeStatus()", "withTimeout()", "supaUserToAppUser()"], "search-terms": ["dataService", "supabase auth", "request creation", "profile normalization", "vehicle and contact normalization", "auth errors", "listRequests", "getRequestById"], "state": 2, "file_id": 73, "knowledge_revision": 510, "git_revision": "ce807ae69b7652497756a309ba3b8200602259df", "revision_history": [{"352": "15b5e00133c728e31f7cfdd11b3f578418e3e946"}, {"498": "4df64072ecff4147ced1d3bd08d6f9db6d098f5b"}, {"502": "40fbc15814f3eb78e86fa58f45962c80516c6a2f"}, {"506": "40fbc15814f3eb78e86fa58f45962c80516c6a2f"}, {"507": "858bd544d4145b53d875745a371f7d93eb79e402"}, {"508": "6975d6bdc8fdcedd670d3c075567e32ed6853ff4"}, {"510": "ce807ae69b7652497756a309ba3b8200602259df"}], "ctags": [{"_type": "tag", "name": "createRequest", "path": "/home/kavia/workspace/code-generation/roadrescue-quickassist-platform-41193-41202/frontend_user_website/src/services/dataService.js", "pattern": "/^  async createRequest({ vehicleType, issueDescription, address, latitude, longitude } = {}) {$/", "language": "JavaScript", "kind": "method", "signature": "({ vehicleType, issueDescription, address, latitude, longitude } = {})", "scope": "dataService", "scopeKind": "class"}, {"_type": "tag", "name": "dataService", "path": "/home/kavia/workspace/code-generation/roadrescue-quickassist-platform-41193-41202/frontend_user_website/src/services/dataService.js", "pattern": "/^export const dataService = {$/", "language": "JavaScript", "kind": "class"}, {"_type": "tag", "name": "forceUserCreateStatusOpen", "path": "/home/kavia/workspace/code-generation/roadrescue-quickassist-platform-41193-41202/frontend_user_website/src/services/dataService.js", "pattern": "/^function forceUserCreateStatusOpen(payload) {$/", "language": "JavaScript", "kind": "function", "signature": "(payload)"}, {"_type": "tag", "name": "getCurrentUser", "path": "/home/kavia/workspace/code-generation/roadrescue-quickassist-platform-41193-41202/frontend_user_website/src/services/dataService.js", "pattern": "/^  async getCurrentUser() {$/", "language": "JavaScript", "kind": "method", "signature": "()", "scope": "dataService", "scopeKind": "class"}, {"_type": "tag", "name": "getProfile", "path": "/home/kavia/workspace/code-generation/roadrescue-quickassist-platform-41193-41202/frontend_user_website/src/services/dataService.js", "pattern": "/^  async getProfile(userId) {$/", "language": "JavaScript", "kind": "method", "signature": "(userId)", "scope": "dataService", "scopeKind": "class"}, {"_type": "tag", "name": "getRequestById", "path": "/home/kavia/workspace/code-generation/roadrescue-quickassist-platform-41193-41202/frontend_user_website/src/services/dataService.js", "pattern": "/^  async getRequestById(requestId) {$/", "language": "JavaScript", "kind": "method", "signature": "(requestId)", "scope": "dataService", "scopeKind": "class"}, {"_type": "tag", "name": "getUserFromSession", "path": "/home/kavia/workspace/code-generation/roadrescue-quickassist-platform-41193-41202/frontend_user_website/src/services/dataService.js", "pattern": "/^  async getUserFromSession() {$/", "language": "JavaScript", "kind": "method", "signature": "()", "scope": "dataService", "scopeKind": "class"}, {"_type": "tag", "name": "isSupabaseConfigured", "path": "/home/kavia/workspace/code-generation/roadrescue-quickassist-platform-41193-41202/frontend_user_website/src/services/dataService.js", "pattern": "/^  isSupabaseConfigured() {$/", "language": "JavaScript", "kind": "method", "signature": "()", "scope": "dataService", "scopeKind": "class"}, {"_type": "tag", "name": "listRequests", "path": "/home/kavia/workspace/code-generation/roadrescue-quickassist-platform-41193-41202/frontend_user_website/src/services/dataService.js", "pattern": "/^  async listRequests({ forUserId } = {}) {$/", "language": "JavaScript", "kind": "method", "signature": "({ forUserId } = {})", "scope": "dataService", "scopeKind": "class"}, {"_type": "tag", "name": "login", "path": "/home/kavia/workspace/code-generation/roadrescue-quickassist-platform-41193-41202/frontend_user_website/src/services/dataService.js", "pattern": "/^  async login(email, password) {$/", "language": "JavaScript", "kind": "method", "signature": "(email, password)", "scope": "dataService", "scopeKind": "class"}, {"_type": "tag", "name": "loginWithGoogle", "path": "/home/kavia/workspace/code-generation/roadrescue-quickassist-platform-41193-41202/frontend_user_website/src/services/dataService.js", "pattern": "/^  async loginWithGoogle({ redirectTo } = {}) {$/", "language": "JavaScript", "kind": "method", "signature": "({ redirectTo } = {})", "scope": "dataService", "scopeKind": "class"}, {"_type": "tag", "name": "logout", "path": "/home/kavia/workspace/code-generation/roadrescue-quickassist-platform-41193-41202/frontend_user_website/src/services/dataService.js", "pattern": "/^  async logout() {$/", "language": "JavaScript", "kind": "method", "signature": "()", "scope": "dataService", "scopeKind": "class"}, {"_type": "tag", "name": "normalizeContact", "path": "/home/kavia/workspace/code-generation/roadrescue-quickassist-platform-41193-41202/frontend_user_website/src/services/dataService.js", "pattern": "/^function normalizeContact(contact, row) {$/", "language": "JavaScript", "kind": "function", "signature": "(contact, row)"}, {"_type": "tag", "name": "normalizeSupabaseAuthError", "path": "/home/kavia/workspace/code-generation/roadrescue-quickassist-platform-41193-41202/frontend_user_website/src/services/dataService.js", "pattern": "/^function normalizeSupabaseAuthError(err) {$/", "language": "JavaScript", "kind": "function", "signature": "(err)"}, {"_type": "tag", "name": "normalizeVehicle", "path": "/home/kavia/workspace/code-generation/roadrescue-quickassist-platform-41193-41202/frontend_user_website/src/services/dataService.js", "pattern": "/^function normalizeVehicle(vehicle, row) {$/", "language": "JavaScript", "kind": "function", "signature": "(vehicle, row)"}, {"_type": "tag", "name": "register", "path": "/home/kavia/workspace/code-generation/roadrescue-quickassist-platform-41193-41202/frontend_user_website/src/services/dataService.js", "pattern": "/^  async register(email, password) {$/", "language": "JavaScript", "kind": "method", "signature": "(email, password)", "scope": "dataService", "scopeKind": "class"}, {"_type": "tag", "name": "subscribeToAuthChanges", "path": "/home/kavia/workspace/code-generation/roadrescue-quickassist-platform-41193-41202/frontend_user_website/src/services/dataService.js", "pattern": "/^  subscribeToAuthChanges(onUserChanged) {$/", "language": "JavaScript", "kind": "method", "signature": "(onUserChanged)", "scope": "dataService", "scopeKind": "class"}, {"_type": "tag", "name": "supaUserToAppUser", "path": "/home/kavia/workspace/code-generation/roadrescue-quickassist-platform-41193-41202/frontend_user_website/src/services/dataService.js", "pattern": "/^async function supaUserToAppUser(supaUser) {$/", "language": "JavaScript", "kind": "function", "signature": "(supaUser)"}], "hash": "5001fe197081b72b1bd76c8eb1971b68", "format-version": 4, "code-base-name": "frontend_user_website", "filename": "frontend_user_website/src/services/dataService.js"}