{"is_source_file": true, "format": "JavaScript", "description": "This file defines the LoginPage React component, which handles user login interface, including email/password login and Google OAuth integration. It manages form state, handles submission, and interacts with an external dataService for authentication.", "external_files": ["../components/ui/Card", "../components/ui/Input", "../components/ui/Button", "../services/dataService"], "external_methods": ["dataService.login", "dataService.loginWithGoogle"], "published": ["LoginPage"], "classes": [], "methods": [{"name": "submit", "description": "Handles the login form submission, performs input validation, calls dataService.login, and navigates upon success."}, {"name": "signInWithGoogle", "description": "Initiates Google OAuth login through dataService.loginWithGoogle and manages UI state."}, {"name": "LoginPage({ onAuthed, bootError = \"\", bootResolved = true })", "scope": "", "scopeKind": "", "description": "unavailable"}], "calls": ["useNavigate()", "setError()", "setBusy()", "dataService.login()", "dataService.loginWithGoogle()", "navigate()"], "search-terms": ["LoginPage", "React login component", "Google OAuth login", "dataService authentication", "Login form"], "state": 2, "file_id": 86, "knowledge_revision": 445, "git_revision": "7066161a9c2ce915109ac9413e83d53395dd4a5b", "revision_history": [{"368": "15b5e00133c728e31f7cfdd11b3f578418e3e946"}, {"433": "fe63037cb13ed9778021272beaaedbedfeec96f2"}, {"445": "7066161a9c2ce915109ac9413e83d53395dd4a5b"}], "ctags": [{"_type": "tag", "name": "LoginPage", "path": "/home/kavia/workspace/code-generation/roadrescue-quickassist-platform-41193-41202/frontend_user_website/src/pages/LoginPage.js", "pattern": "/^export function LoginPage({ onAuthed, bootError = \"\", bootResolved = true }) {$/", "language": "JavaScript", "kind": "function", "signature": "({ onAuthed, bootError = \"\", bootResolved = true })"}, {"_type": "tag", "name": "oauthBusy", "path": "/home/kavia/workspace/code-generation/roadrescue-quickassist-platform-41193-41202/frontend_user_website/src/pages/LoginPage.js", "pattern": "/^            disabled={oauthBusy}$/", "language": "JavaScript", "kind": "field", "scope": "LoginPage.required", "scopeKind": "class"}, {"_type": "tag", "name": "password", "path": "/home/kavia/workspace/code-generation/roadrescue-quickassist-platform-41193-41202/frontend_user_website/src/pages/LoginPage.js", "pattern": "/^            value={password}$/", "language": "JavaScript", "kind": "field", "scope": "LoginPage.value", "scopeKind": "class"}], "hash": "49456456fb23fa6f5c7562df1ecad787", "format-version": 4, "code-base-name": "frontend_user_website", "filename": "frontend_user_website/src/pages/LoginPage.js", "fields": [{"name": "disabled={oauthBusy}", "scope": "LoginPage.required", "scopeKind": "class", "description": "unavailable"}, {"name": "value={password}", "scope": "LoginPage.value", "scopeKind": "class", "description": "unavailable"}]}