{"is_source_file": true, "format": "JavaScript/React", "description": "This source file defines the AboutPage React component, which renders an informational page about the RoadRescue QuickAssist platform, including mission and contact details.", "external_files": ["../components/ui/Card"], "external_methods": [], "published": ["AboutPage"], "classes": [], "methods": [{"name": "AboutPage()", "description": "React functional component that renders the About page content for RoadRescue QuickAssist.", "scope": "", "scopeKind": ""}], "calls": ["React", "Card"], "search-terms": ["AboutPage", "RoadRescue QuickAssist", "UI", "React component", "Contact information", "Mission description"], "state": 2, "file_id": 87, "knowledge_revision": 545, "git_revision": "e3932056a33468e189c82262e3518ef361ffdecb", "revision_history": [{"369": "d7094c8bb3d5eeb9c23cb2ddab9b21d37ee8dfc5"}, {"496": "7066161a9c2ce915109ac9413e83d53395dd4a5b"}, {"524": "9460f7d0c136032955309efdf7db8099b0ca36a0"}, {"545": "e3932056a33468e189c82262e3518ef361ffdecb"}], "ctags": [{"_type": "tag", "name": "AboutPage", "path": "/home/kavia/workspace/code-generation/roadrescue-quickassist-platform-41193-41202/frontend_user_website/src/pages/AboutPage.js", "pattern": "/^export function AboutPage() {$/", "language": "JavaScript", "kind": "function", "signature": "()"}], "hash": "cdfe02c21dea90f739db4e585dfeee57", "format-version": 4, "code-base-name": "frontend_user_website", "filename": "frontend_user_website/src/pages/AboutPage.js"}