{"is_source_file": true, "format": "JavaScript (JSX/React hook)", "description": "This file defines a React hook `useScrollReveal` that provides intersection observation effects for elements with data attributes to animate or reveal them as they enter the viewport. It includes helper functions for reduced motion preferences and staggered delays for child elements.", "external_files": ["react"], "external_methods": ["useEffect"], "published": ["useScrollReveal"], "classes": [], "methods": [{"name": "getPrefersReducedMotion()", "description": "Checks if the user has enabled reduced motion preferences via media query.", "scope": "", "scopeKind": ""}, {"name": "applyStaggerDelays(root = document)", "description": "Applies staggered transition delays to children of elements marked with data-reveal-stagger, based on a configurable step value.", "scope": "", "scopeKind": ""}, {"name": "useScrollReveal(options = {})", "description": "A React hook that sets up an IntersectionObserver to animate elements with data-reveal attribute, supporting options for root, margin, threshold, and whether to only reveal once.", "scope": "", "scopeKind": ""}], "calls": ["useEffect", "document.querySelectorAll", "element.setAttribute", "element.hasAttribute", "element.style.setProperty", "IntersectionObserver", "observer.observe", "observer.disconnect", "observer.unobserve"], "search-terms": ["useScrollReveal", "react", "intersection observer", "reveal elements", "stagger delays", "reduced motion", "data-reveal"], "state": 2, "file_id": 112, "knowledge_revision": 580, "git_revision": "e5d1b9a8d357b4c62680f2548c042cae3f87ea7a", "revision_history": [{"575": ""}, {"580": "e5d1b9a8d357b4c62680f2548c042cae3f87ea7a"}], "ctags": [{"_type": "tag", "name": "applyStaggerDelays", "path": "/home/kavia/workspace/code-generation/roadrescue-quickassist-platform-41193-41202/frontend_user_website/src/hooks/useScrollReveal.js", "pattern": "/^function applyStaggerDelays(root = document) {$/", "language": "JavaScript", "kind": "function", "signature": "(root = document)"}, {"_type": "tag", "name": "getPrefersReducedMotion", "path": "/home/kavia/workspace/code-generation/roadrescue-quickassist-platform-41193-41202/frontend_user_website/src/hooks/useScrollReveal.js", "pattern": "/^function getPrefersReducedMotion() {$/", "language": "JavaScript", "kind": "function", "signature": "()"}, {"_type": "tag", "name": "useScrollReveal", "path": "/home/kavia/workspace/code-generation/roadrescue-quickassist-platform-41193-41202/frontend_user_website/src/hooks/useScrollReveal.js", "pattern": "/^export function useScrollReveal(options = {}) {$/", "language": "JavaScript", "kind": "function", "signature": "(options = {})"}], "hash": "ffd2aadff6ad1aa43b7741edd92cdcc5", "format-version": 4, "code-base-name": "frontend_user_website", "filename": "frontend_user_website/src/hooks/useScrollReveal.js"}