{"is_source_file": true, "format": "JavaScript", "description": "This file defines a React functional component 'RegisterPage' for a user registration UI, incorporating form handling, validation, and navigation integration.", "external_files": ["../components/ui/Card", "../components/ui/Input", "../components/ui/Button", "../context/AuthContext", "react", "react-router-dom"], "external_methods": ["useNavigate", "useAuth", "register", "navigate"], "published": ["RegisterPage"], "classes": [], "methods": [{"name": "submit", "description": "Handles form submission for registration, including validation, calling the register method, and navigation upon success."}, {"name": "RegisterPage()", "scope": "", "scopeKind": "", "description": "unavailable"}], "calls": ["useNavigate()", "useAuth()", "register(email.trim(), password)", "navigate(\"/submit\", { replace: true })", "navigate(\"/how-it-works\")", "setEmail(e.target.value)", "setPassword(e.target.value)", "setConfirm(e.target.value)"], "search-terms": ["RegisterPage", "react-router-dom useNavigate", "useAuth", "register", "Registration form React", "React useState registration"], "state": 2, "file_id": 88, "knowledge_revision": 550, "git_revision": "e3932056a33468e189c82262e3518ef361ffdecb", "revision_history": [{"363": "15b5e00133c728e31f7cfdd11b3f578418e3e946"}, {"495": "fe63037cb13ed9778021272beaaedbedfeec96f2"}, {"526": "9460f7d0c136032955309efdf7db8099b0ca36a0"}, {"550": "e3932056a33468e189c82262e3518ef361ffdecb"}], "ctags": [{"_type": "tag", "name": "RegisterPage", "path": "/home/kavia/workspace/code-generation/roadrescue-quickassist-platform-41193-41202/frontend_user_website/src/pages/RegisterPage.js", "pattern": "/^export function RegisterPage() {$/", "language": "JavaScript", "kind": "function", "signature": "()"}, {"_type": "tag", "name": "busy", "path": "/home/kavia/workspace/code-generation/roadrescue-quickassist-platform-41193-41202/frontend_user_website/src/pages/RegisterPage.js", "pattern": "/^              disabled={busy}$/", "language": "JavaScript", "kind": "field", "scope": "RegisterPage.disabled", "scopeKind": "class"}, {"_type": "tag", "name": "busy", "path": "/home/kavia/workspace/code-generation/roadrescue-quickassist-platform-41193-41202/frontend_user_website/src/pages/RegisterPage.js", "pattern": "/^            disabled={busy}$/", "language": "JavaScript", "kind": "field", "scope": "RegisterPage.disabled", "scopeKind": "class"}, {"_type": "tag", "name": "busy", "path": "/home/kavia/workspace/code-generation/roadrescue-quickassist-platform-41193-41202/frontend_user_website/src/pages/RegisterPage.js", "pattern": "/^            disabled={busy}$/", "language": "JavaScript", "kind": "field", "scope": "RegisterPage.required", "scopeKind": "class"}, {"_type": "tag", "name": "confirm", "path": "/home/kavia/workspace/code-generation/roadrescue-quickassist-platform-41193-41202/frontend_user_website/src/pages/RegisterPage.js", "pattern": "/^            value={confirm}$/", "language": "JavaScript", "kind": "field", "scope": "RegisterPage.value", "scopeKind": "class"}, {"_type": "tag", "name": "password", "path": "/home/kavia/workspace/code-generation/roadrescue-quickassist-platform-41193-41202/frontend_user_website/src/pages/RegisterPage.js", "pattern": "/^            value={password}$/", "language": "JavaScript", "kind": "field", "scope": "RegisterPage.value", "scopeKind": "class"}], "hash": "c8ce46264a87b6f17ebe50826c5e54dd", "format-version": 4, "code-base-name": "frontend_user_website", "filename": "frontend_user_website/src/pages/RegisterPage.js", "fields": [{"name": "disabled={busy}", "scope": "RegisterPage.disabled", "scopeKind": "class", "description": "unavailable"}, {"name": "value={confirm}", "scope": "RegisterPage.value", "scopeKind": "class", "description": "unavailable"}, {"name": "value={password}", "scope": "RegisterPage.value", "scopeKind": "class", "description": "unavailable"}]}