{"is_source_file": true, "format": "JavaScript", "description": "This file provides a utility module for initializing and providing a configured Supabase client in a React project. It manages environment variables for the Supabase URL and API key, and exports functions to verify configuration and create a client instance.", "external_files": ["@supabase/supabase-js"], "external_methods": ["createClient"], "published": ["isSupabaseConfigured", "supabase"], "classes": [], "methods": [{"name": "getSupabaseEnv()", "description": "Retrieves Supabase URL and key from environment variables.", "scope": "", "scopeKind": ""}, {"name": "isSupabaseConfigured()", "description": "Checks if the necessary environment variables for Supabase are present and non-empty.", "scope": "", "scopeKind": ""}], "calls": ["getSupabaseEnv", "createClient"], "search-terms": ["supabase", "environment variables", "client initialization", "React environment"], "state": 2, "file_id": 72, "knowledge_revision": 349, "git_revision": "15b5e00133c728e31f7cfdd11b3f578418e3e946", "ctags": [{"_type": "tag", "name": "getSupabaseEnv", "path": "/home/kavia/workspace/code-generation/roadrescue-quickassist-platform-41193-41202/frontend_user_website/src/services/supabaseClient.js", "pattern": "/^function getSupabaseEnv() {$/", "language": "JavaScript", "kind": "function", "signature": "()"}, {"_type": "tag", "name": "isSupabaseConfigured", "path": "/home/kavia/workspace/code-generation/roadrescue-quickassist-platform-41193-41202/frontend_user_website/src/services/supabaseClient.js", "pattern": "/^export function isSupabaseConfigured() {$/", "language": "JavaScript", "kind": "function", "signature": "()"}, {"_type": "tag", "name": "supabase", "path": "/home/kavia/workspace/code-generation/roadrescue-quickassist-platform-41193-41202/frontend_user_website/src/services/supabaseClient.js", "pattern": "/^export const supabase = url && key ? createClient(url, key) : null;$/", "language": "JavaScript", "kind": "constant"}], "hash": "48e2d59fdf20d49c062f41d52a35c935", "format-version": 4, "code-base-name": "frontend_user_website", "filename": "frontend_user_website/src/services/supabaseClient.js", "revision_history": [{"349": "15b5e00133c728e31f7cfdd11b3f578418e3e946"}]}