{"is_source_file": true, "format": "JavaScript (React JSX)", "description": "A React component module defining a customizable input field with support for password visibility toggle, including icon components and accessibility features.", "external_files": [], "external_methods": ["React.useId", "React.useMemo", "React.useState"], "published": ["Input"], "classes": [], "methods": [{"name": "Input({ label, value, onChange, placeholder, type = \"text\", name, error, hint, required, disabled, })", "description": "A React functional component that renders an input field with label, hint, error message, and optional password visibility toggle.", "scope": "", "scopeKind": ""}, {"name": "EyeIcon({ title = \"Show password\" })", "scope": "", "scopeKind": "", "description": "unavailable"}, {"name": "EyeOffIcon({ title = \"Hide password\" })", "scope": "", "scopeKind": "", "description": "unavailable"}], "calls": ["useId", "useMemo", "useState", "setShowPassword"], "search-terms": ["PasswordToggle", "InputReactComponent", "Password visibility", "Input label hint error", "React input component"], "state": 2, "file_id": 80, "knowledge_revision": 570, "git_revision": "d7094c8bb3d5eeb9c23cb2ddab9b21d37ee8dfc5", "revision_history": [{"358": "d7094c8bb3d5eeb9c23cb2ddab9b21d37ee8dfc5"}, {"570": "d7094c8bb3d5eeb9c23cb2ddab9b21d37ee8dfc5"}], "ctags": [{"_type": "tag", "name": "EyeIcon", "path": "/home/kavia/workspace/code-generation/roadrescue-quickassist-platform-41193-41202/frontend_user_website/src/components/ui/Input.js", "pattern": "/^function EyeIcon({ title = \"Show password\" }) {$/", "language": "JavaScript", "kind": "function", "signature": "({ title = \"Show password\" })"}, {"_type": "tag", "name": "EyeOffIcon", "path": "/home/kavia/workspace/code-generation/roadrescue-quickassist-platform-41193-41202/frontend_user_website/src/components/ui/Input.js", "pattern": "/^function EyeOffIcon({ title = \"Hide password\" }) {$/", "language": "JavaScript", "kind": "function", "signature": "({ title = \"Hide password\" })"}, {"_type": "tag", "name": "Input", "path": "/home/kavia/workspace/code-generation/roadrescue-quickassist-platform-41193-41202/frontend_user_website/src/components/ui/Input.js", "pattern": "/^export function Input({$/", "language": "JavaScript", "kind": "function", "signature": "({ label, value, onChange, placeholder, type = \"text\", name, error, hint, required, disabled, })"}, {"_type": "tag", "name": "disabled", "path": "/home/kavia/workspace/code-generation/roadrescue-quickassist-platform-41193-41202/frontend_user_website/src/components/ui/Input.js", "pattern": "/^          disabled={disabled}$/", "language": "JavaScript", "kind": "field", "scope": "Input.disabled", "scopeKind": "class"}, {"_type": "tag", "name": "input ${error ? \"input-error\" : \"\"} ${isPassword ? \"input--with-trailing\" : \"\"}", "path": "/home/kavia/workspace/code-generation/roadrescue-quickassist-platform-41193-41202/frontend_user_website/src/components/ui/Input.js", "pattern": "/^          className={`input ${error ? \"input-error\" : \"\"} ${isPassword ? \"input--with-trailing\" /", "language": "JavaScript", "kind": "field", "scope": "Input.className", "scopeKind": "class"}, {"_type": "tag", "name": "inputId", "path": "/home/kavia/workspace/code-generation/roadrescue-quickassist-platform-41193-41202/frontend_user_website/src/components/ui/Input.js", "pattern": "/^          id={inputId}$/", "language": "JavaScript", "kind": "field", "scope": "Input.id", "scopeKind": "class"}, {"_type": "tag", "name": "name", "path": "/home/kavia/workspace/code-generation/roadrescue-quickassist-platform-41193-41202/frontend_user_website/src/components/ui/Input.js", "pattern": "/^          name={name}$/", "language": "JavaScript", "kind": "field", "scope": "Input.name", "scopeKind": "class"}, {"_type": "tag", "name": "onChange", "path": "/home/kavia/workspace/code-generation/roadrescue-quickassist-platform-41193-41202/frontend_user_website/src/components/ui/Input.js", "pattern": "/^          onChange={onChange}$/", "language": "JavaScript", "kind": "field", "scope": "Input.onChange", "scopeKind": "class"}, {"_type": "tag", "name": "placeholder", "path": "/home/kavia/workspace/code-generation/roadrescue-quickassist-platform-41193-41202/frontend_user_website/src/components/ui/Input.js", "pattern": "/^          placeholder={placeholder}$/", "language": "JavaScript", "kind": "field", "scope": "Input.placeholder", "scopeKind": "class"}, {"_type": "tag", "name": "resolvedType", "path": "/home/kavia/workspace/code-generation/roadrescue-quickassist-platform-41193-41202/frontend_user_website/src/components/ui/Input.js", "pattern": "/^          type={resolvedType}$/", "language": "JavaScript", "kind": "field", "scope": "Input.type", "scopeKind": "class"}, {"_type": "tag", "name": "value", "path": "/home/kavia/workspace/code-generation/roadrescue-quickassist-platform-41193-41202/frontend_user_website/src/components/ui/Input.js", "pattern": "/^          value={value}$/", "language": "JavaScript", "kind": "field", "scope": "Input.value", "scopeKind": "class"}], "hash": "97c9e318016b579ed11207c691ce35ea", "format-version": 4, "code-base-name": "frontend_user_website", "filename": "frontend_user_website/src/components/ui/Input.js", "fields": [{"name": "disabled={disabled}", "scope": "Input.disabled", "scopeKind": "class", "description": "unavailable"}, {"name": "className={`input ${error ? \"input-error\" : \"\"} ${isPassword ? \"input--with-trailing\" /", "scope": "Input.className", "scopeKind": "class", "description": "unavailable"}, {"name": "id={inputId}", "scope": "Input.id", "scopeKind": "class", "description": "unavailable"}, {"name": "name={name}", "scope": "Input.name", "scopeKind": "class", "description": "unavailable"}, {"name": "onChange={onChange}", "scope": "Input.onChange", "scopeKind": "class", "description": "unavailable"}, {"name": "placeholder={placeholder}", "scope": "Input.placeholder", "scopeKind": "class", "description": "unavailable"}, {"name": "type={resolvedType}", "scope": "Input.type", "scopeKind": "class", "description": "unavailable"}, {"name": "value={value}", "scope": "Input.value", "scopeKind": "class", "description": "unavailable"}]}