{"is_source_file": true, "format": "JavaScript", "description": "React component for the top navigation bar of the application. It includes links for navigation and user authentication actions such as login, registration, and logout.", "external_files": ["react", "react-router-dom", "../ui/Button", "../../services/dataService"], "external_methods": ["useNavigate", "Link", "NavLink", "dataService.logout"], "published": ["Navbar"], "classes": [], "methods": [{"name": "Navbar({ user })", "description": "Functional React component rendering the navigation bar, with props for the current user and a logout handler.", "scope": "", "scopeKind": ""}, {"name": "onLogout", "description": "Async function that logs the user out via dataService and redirects to the login page."}], "calls": ["useNavigate", "dataService.logout", "navigate", "Link", "NavLink", "Button"], "search-terms": ["Navbar", "React navigation component", "logout handler", "user role display", "react-router-dom links"], "state": 2, "file_id": 78, "knowledge_revision": 361, "git_revision": "0c3d79b311925402e0dd354a955e3011ebb3a8e0", "ctags": [{"_type": "tag", "name": "Navbar", "path": "/home/kavia/workspace/code-generation/roadrescue-quickassist-platform-41193-41202/frontend_user_website/src/components/layout/Navbar.js", "pattern": "/^export function Navbar({ user }) {$/", "language": "JavaScript", "kind": "function", "signature": "({ user })"}], "hash": "4f4ed218e64abe5aa2d3b1a36539f0ad", "format-version": 4, "code-base-name": "frontend_user_website", "filename": "frontend_user_website/src/components/layout/Navbar.js", "revision_history": [{"361": "0c3d79b311925402e0dd354a955e3011ebb3a8e0"}]}