{"is_source_file": true, "format": "JavaScript", "description": "React component for displaying detailed information about a specific request, including vehicle info, contact details, location map, and issue description.", "external_files": ["../components/ui/Card", "../services/dataService", "../services/statusUtils", "../components/LocationMap", "react", "react-router-dom"], "external_methods": ["dataService.getRequestById", "statusLabel", "useParams", "useEffect", "useMemo", "useState", "Link"], "published": ["RequestDetailPage"], "classes": [], "methods": [{"name": "isValidCoord(n, min, max)", "description": "Utility function to validate if a coordinate is a finite number within specified min and max bounds.", "scope": "", "scopeKind": ""}, {"name": "RequestDetailPage({ user })", "description": "React functional component that renders detailed information about a specific service request, including validation and conditional display logic.", "scope": "", "scopeKind": ""}], "calls": ["dataService.getRequestById", "statusLabel", "useParams", "useEffect", "useMemo", "useState", "new Date", "LocationMap"], "search-terms": ["RequestDetailPage", "react", "request", "location", "vehicle", "requestId", "map", "detail view", "service request"], "state": 2, "file_id": 90, "knowledge_revision": 470, "git_revision": "4df64072ecff4147ced1d3bd08d6f9db6d098f5b", "revision_history": [{"371": "ca09881e92259bc04b5062fe7eafb5aba25ec941"}, {"470": "4df64072ecff4147ced1d3bd08d6f9db6d098f5b"}], "ctags": [{"_type": "tag", "name": "RequestDetailPage", "path": "/home/kavia/workspace/code-generation/roadrescue-quickassist-platform-41193-41202/frontend_user_website/src/pages/RequestDetailPage.js", "pattern": "/^export function RequestDetailPage({ user }) {$/", "language": "JavaScript", "kind": "function", "signature": "({ user })"}, {"_type": "tag", "name": "isValidCoord", "path": "/home/kavia/workspace/code-generation/roadrescue-quickassist-platform-41193-41202/frontend_user_website/src/pages/RequestDetailPage.js", "pattern": "/^function isValidCoord(n, min, max) {$/", "language": "JavaScript", "kind": "function", "signature": "(n, min, max)"}, {"_type": "tag", "name": "req", "path": "/home/kavia/workspace/code-generation/roadrescue-quickassist-platform-41193-41202/frontend_user_website/src/pages/RequestDetailPage.js", "pattern": "/^        {canShowMap ? <LocationMap lat={req.lat} lon={req.lon} address={req.address || \"\"} heigh/", "language": "JavaScript", "kind": "field", "scope": "RequestDetailPage.canShowMap", "scopeKind": "class"}], "hash": "912cf11d2df116e3543588836a292c42", "format-version": 4, "code-base-name": "frontend_user_website", "filename": "frontend_user_website/src/pages/RequestDetailPage.js", "fields": [{"name": "{canShowMap ? <LocationMap lat={req.lat} lon={req.lon} address={req.address || \"\"} heigh/", "scope": "RequestDetailPage.canShowMap", "scopeKind": "class", "description": "unavailable"}]}