{"is_source_file": true, "format": "JavaScript", "description": "React component for a login page in a web application, handling user authentication, form inputs, and navigation.", "external_files": ["../components/ui/Card", "../components/ui/Input", "../components/ui/Button", "../context/AuthContext"], "external_methods": ["useNavigate", "useLocation", "useAuth", "login", "navigate"], "published": [], "classes": [], "methods": [{"name": "getRedirectTo(location)", "description": "Determines the redirect path after login based on location state, defaults to '/submit'.", "scope": "", "scopeKind": ""}, {"name": "LoginPage()", "description": "React functional component rendering the login page, handling login form submission.", "scope": "", "scopeKind": ""}], "calls": ["useNavigate()", "useLocation()", "useAuth()", "getRedirectTo(location)", "setEmail()", "setPassword()", "setStatus()", "setBusy()", "login(email.trim(), password)", "navigate(redirectTo, { replace: true })"], "search-terms": ["LoginPage React component", "useAuth context", "react-router-dom login", "mock login form", "redirect after login", "signup link", "supabase auth signInWithPassword"], "state": 2, "file_id": 86, "knowledge_revision": 549, "git_revision": "e3932056a33468e189c82262e3518ef361ffdecb", "revision_history": [{"368": "15b5e00133c728e31f7cfdd11b3f578418e3e946"}, {"489": "7066161a9c2ce915109ac9413e83d53395dd4a5b"}, {"525": "9460f7d0c136032955309efdf7db8099b0ca36a0"}, {"549": "e3932056a33468e189c82262e3518ef361ffdecb"}], "ctags": [{"_type": "tag", "name": "LoginPage", "path": "/home/kavia/workspace/code-generation/roadrescue-quickassist-platform-41193-41202/frontend_user_website/src/pages/LoginPage.js", "pattern": "/^export function LoginPage() {$/", "language": "JavaScript", "kind": "function", "signature": "()"}, {"_type": "tag", "name": "busy", "path": "/home/kavia/workspace/code-generation/roadrescue-quickassist-platform-41193-41202/frontend_user_website/src/pages/LoginPage.js", "pattern": "/^              disabled={busy}$/", "language": "JavaScript", "kind": "field", "scope": "LoginPage.disabled", "scopeKind": "class"}, {"_type": "tag", "name": "busy", "path": "/home/kavia/workspace/code-generation/roadrescue-quickassist-platform-41193-41202/frontend_user_website/src/pages/LoginPage.js", "pattern": "/^            disabled={busy}$/", "language": "JavaScript", "kind": "field", "scope": "LoginPage.disabled", "scopeKind": "class"}, {"_type": "tag", "name": "getRedirectTo", "path": "/home/kavia/workspace/code-generation/roadrescue-quickassist-platform-41193-41202/frontend_user_website/src/pages/LoginPage.js", "pattern": "/^function getRedirectTo(location) {$/", "language": "JavaScript", "kind": "function", "signature": "(location)"}, {"_type": "tag", "name": "password", "path": "/home/kavia/workspace/code-generation/roadrescue-quickassist-platform-41193-41202/frontend_user_website/src/pages/LoginPage.js", "pattern": "/^            value={password}$/", "language": "JavaScript", "kind": "field", "scope": "LoginPage.value", "scopeKind": "class"}], "hash": "d4d45e7213af62300123cf72f4457bc9", "format-version": 4, "code-base-name": "frontend_user_website", "filename": "frontend_user_website/src/pages/LoginPage.js", "fields": [{"name": "disabled={busy}", "scope": "LoginPage.disabled", "scopeKind": "class", "description": "unavailable"}, {"name": "value={password}", "scope": "LoginPage.value", "scopeKind": "class", "description": "unavailable"}]}