{"is_source_file": false, "format": "", "description": "", "external_files": [], "external_methods": [], "published": [], "classes": [], "methods": [], "calls": [], "search-terms": [], "state": 2, "file_id": 69, "knowledge_revision": 375, "git_revision": "d7094c8bb3d5eeb9c23cb2ddab9b21d37ee8dfc5", "hash": "cb9049b74c08ba703a58e0e8a59d4df4", "format-version": 4, "code-base-name": "frontend_user_website", "filename": "frontend_user_website/src/App.css", "revision_history": [{"375": "d7094c8bb3d5eeb9c23cb2ddab9b21d37ee8dfc5"}]}