{"is_source_file": true, "format": "JavaScript", "description": "This file contains application configuration logic for a React-based frontend project, fetching build-time environment variables for configuring Supabase URLs, keys, and timeout settings.", "external_files": ["process.env"], "external_methods": ["String", "Number"], "published": ["appConfig"], "classes": [], "methods": [{"name": "getRequiredEnv(name)", "description": "Retrieves a required environment variable by name, converting it to a trimmed string.", "scope": "", "scopeKind": ""}, {"name": "getFirstNonEmptyEnv(names)", "description": "Returns the first non-empty value among a list of environment variable names.", "scope": "", "scopeKind": ""}], "calls": ["String()", "Number()"], "search-terms": ["appConfig", "REACT_APP_SUPABASE_URL", "supabaseAnonKey", "bootTimeoutMs", "environment variables", "React environment config"], "state": 2, "file_id": 97, "knowledge_revision": 500, "git_revision": "7066161a9c2ce915109ac9413e83d53395dd4a5b", "revision_history": [{"423": "adddec63496c05acbad8f707fc07bd60b2d8ca52"}, {"428": "adddec63496c05acbad8f707fc07bd60b2d8ca52"}, {"442": "fe63037cb13ed9778021272beaaedbedfeec96f2"}, {"500": "7066161a9c2ce915109ac9413e83d53395dd4a5b"}], "ctags": [{"_type": "tag", "name": "appConfig", "path": "/home/kavia/workspace/code-generation/roadrescue-quickassist-platform-41193-41202/frontend_user_website/src/config/appConfig.js", "pattern": "/^export const appConfig = {$/", "language": "JavaScript", "kind": "class"}, {"_type": "tag", "name": "bootTimeoutMs", "path": "/home/kavia/workspace/code-generation/roadrescue-quickassist-platform-41193-41202/frontend_user_website/src/config/appConfig.js", "pattern": "/^  bootTimeoutMs: (() => {$/", "language": "JavaScript", "kind": "property", "scope": "appConfig", "scopeKind": "class"}, {"_type": "tag", "name": "getFirstNonEmptyEnv", "path": "/home/kavia/workspace/code-generation/roadrescue-quickassist-platform-41193-41202/frontend_user_website/src/config/appConfig.js", "pattern": "/^function getFirstNonEmptyEnv(names) {$/", "language": "JavaScript", "kind": "function", "signature": "(names)"}, {"_type": "tag", "name": "getRequiredEnv", "path": "/home/kavia/workspace/code-generation/roadrescue-quickassist-platform-41193-41202/frontend_user_website/src/config/appConfig.js", "pattern": "/^function getRequiredEnv(name) {$/", "language": "JavaScript", "kind": "function", "signature": "(name)"}, {"_type": "tag", "name": "supabaseAnonKey", "path": "/home/kavia/workspace/code-generation/roadrescue-quickassist-platform-41193-41202/frontend_user_website/src/config/appConfig.js", "pattern": "/^  supabaseAnonKey: getFirstNonEmptyEnv([\"REACT_APP_SUPABASE_ANON_KEY\", \"REACT_APP_SUPABASE_KEY\"]/", "language": "JavaScript", "kind": "property", "scope": "appConfig", "scopeKind": "class"}, {"_type": "tag", "name": "supabaseUrl", "path": "/home/kavia/workspace/code-generation/roadrescue-quickassist-platform-41193-41202/frontend_user_website/src/config/appConfig.js", "pattern": "/^  supabaseUrl: getRequiredEnv(\"REACT_APP_SUPABASE_URL\"),$/", "language": "JavaScript", "kind": "property", "scope": "appConfig", "scopeKind": "class"}], "hash": "76cf0547eb2a240bba2d292748390081", "format-version": 4, "code-base-name": "frontend_user_website", "filename": "frontend_user_website/src/config/appConfig.js", "fields": [{"name": "bootTimeoutMs: (() => {", "scope": "appConfig", "scopeKind": "class", "description": "unavailable"}, {"name": "supabaseAnonKey: getFirstNonEmptyEnv([\"REACT_APP_SUPABASE_ANON_KEY\", \"REACT_APP_SUPABASE_KEY\"]/", "scope": "appConfig", "scopeKind": "class", "description": "unavailable"}, {"name": "supabaseUrl: getRequiredEnv(\"REACT_APP_SUPABASE_URL\"),", "scope": "appConfig", "scopeKind": "class", "description": "unavailable"}]}