{"is_source_file": true, "format": "JavaScript", "description": "This file implements a geocoding service using the Nominatim API from OpenStreetMap. It provides a function to geocode addresses into latitude and longitude with optional parameters and includes internal utility functions for coordinate validation and sanitization.", "external_files": ["services/perfProfiler.js"], "external_methods": ["fetch"], "published": ["geocodeAddress"], "classes": [], "methods": [{"name": "toFiniteNumber(value)", "description": "Converts a value to a finite number or returns null if the result is not finite.", "scope": "", "scopeKind": ""}, {"name": "clampLat(lat)", "description": "Clamps latitude values between -90 and 90 degrees.", "scope": "", "scopeKind": ""}, {"name": "clampLng(lng)", "description": "Wraps longitude values to the range [-180, 180].", "scope": "", "scopeKind": ""}, {"name": "safeReadJson(resp)", "description": "Safely reads and parses JSON from a fetch response, returning null on error.", "scope": "", "scopeKind": ""}, {"name": "geocodeAddress(address, { countryCodes = \"in\", limit = 1, profiler } = {})", "description": "Performs geocoding of an address string using Nominatim API, returning latitude, longitude, and display name.", "scope": "", "scopeKind": ""}], "calls": ["fetch", "safeReadJson"], "search-terms": ["Nominatim geocoding", "OpenStreetMap API", "geocodeAddress", "countryCodes filter", "async geocoding service"], "state": 2, "file_id": 95, "knowledge_revision": 382, "git_revision": "3196f94bc413f8a9981945535825226967895420", "revision_history": [{"380": "3196f94bc413f8a9981945535825226967895420"}, {"382": "3196f94bc413f8a9981945535825226967895420"}], "ctags": [{"_type": "tag", "name": "clampLat", "path": "/home/kavia/workspace/code-generation/roadrescue-quickassist-platform-41193-41202/frontend_user_website/src/services/geocodingService.js", "pattern": "/^function clampLat(lat) {$/", "language": "JavaScript", "kind": "function", "signature": "(lat)"}, {"_type": "tag", "name": "clampLng", "path": "/home/kavia/workspace/code-generation/roadrescue-quickassist-platform-41193-41202/frontend_user_website/src/services/geocodingService.js", "pattern": "/^function clampLng(lng) {$/", "language": "JavaScript", "kind": "function", "signature": "(lng)"}, {"_type": "tag", "name": "geocodeAddress", "path": "/home/kavia/workspace/code-generation/roadrescue-quickassist-platform-41193-41202/frontend_user_website/src/services/geocodingService.js", "pattern": "/^export async function geocodeAddress(address, { countryCodes = \"in\", limit = 1, profiler } = {})/", "language": "JavaScript", "kind": "function", "signature": "(address, { countryCodes = \"in\", limit = 1, profiler } = {})"}, {"_type": "tag", "name": "safeReadJson", "path": "/home/kavia/workspace/code-generation/roadrescue-quickassist-platform-41193-41202/frontend_user_website/src/services/geocodingService.js", "pattern": "/^async function safeReadJson(resp) {$/", "language": "JavaScript", "kind": "function", "signature": "(resp)"}, {"_type": "tag", "name": "toFiniteNumber", "path": "/home/kavia/workspace/code-generation/roadrescue-quickassist-platform-41193-41202/frontend_user_website/src/services/geocodingService.js", "pattern": "/^function toFiniteNumber(value) {$/", "language": "JavaScript", "kind": "function", "signature": "(value)"}], "hash": "38bd8eba62c2b6e041ec35964ed2ca33", "format-version": 4, "code-base-name": "frontend_user_website", "filename": "frontend_user_website/src/services/geocodingService.js"}