{"is_source_file": true, "format": "JavaScript", "description": "This file defines an authentication context for a React application, providing mock login, register, and logout functions, along with persistence of auth state in localStorage. It sets up context providers and hooks for managing user authentication state.", "external_files": ["react"], "external_methods": ["React.createContext", "React.useContext", "React.useEffect", "React.useMemo", "React.useState"], "published": ["AuthProvider", "useAuth"], "classes": [], "methods": [{"name": "AuthProvider({ children })", "description": "React component providing authentication context with state management and mock auth methods.", "scope": "", "scopeKind": ""}, {"name": "useAuth()", "description": "Custom hook to access authentication context.", "scope": "", "scopeKind": ""}, {"name": "readStoredAuth()", "scope": "", "scopeKind": "", "description": "unavailable"}, {"name": "writeStoredAuth(state)", "scope": "", "scopeKind": "", "description": "unavailable"}], "calls": ["window.localStorage.getItem", "JSON.parse", "window.localStorage.setItem", "JSON.stringify", "useState", "useEffect", "useMemo", "setAuth"], "search-terms": ["AuthContext", "AuthProvider", "useAuth", "localStorage", "mock authentication", "React context"], "state": 2, "file_id": 104, "knowledge_revision": 531, "git_revision": "9460f7d0c136032955309efdf7db8099b0ca36a0", "ctags": [{"_type": "tag", "name": "AUTH_STORAGE_KEY", "path": "/home/kavia/workspace/code-generation/roadrescue-quickassist-platform-41193-41202/frontend_user_website/src/context/AuthContext.js", "pattern": "/^const AUTH_STORAGE_KEY = \"rrq_auth_state\";$/", "language": "JavaScript", "kind": "constant"}, {"_type": "tag", "name": "AuthContext", "path": "/home/kavia/workspace/code-generation/roadrescue-quickassist-platform-41193-41202/frontend_user_website/src/context/AuthContext.js", "pattern": "/^const AuthContext = createContext(null);$/", "language": "JavaScript", "kind": "constant"}, {"_type": "tag", "name": "AuthProvider", "path": "/home/kavia/workspace/code-generation/roadrescue-quickassist-platform-41193-41202/frontend_user_website/src/context/AuthContext.js", "pattern": "/^export function AuthProvider({ children }) {$/", "language": "JavaScript", "kind": "function", "signature": "({ children })"}, {"_type": "tag", "name": "api", "path": "/home/kavia/workspace/code-generation/roadrescue-quickassist-platform-41193-41202/frontend_user_website/src/context/AuthContext.js", "pattern": "/^  return <AuthContext.Provider value={api}>{children}<\\/AuthContext.Provider>;$/", "language": "JavaScript", "kind": "field", "scope": "Provider", "scopeKind": "class"}, {"_type": "tag", "name": "readStoredAuth", "path": "/home/kavia/workspace/code-generation/roadrescue-quickassist-platform-41193-41202/frontend_user_website/src/context/AuthContext.js", "pattern": "/^function readStoredAuth() {$/", "language": "JavaScript", "kind": "function", "signature": "()"}, {"_type": "tag", "name": "useAuth", "path": "/home/kavia/workspace/code-generation/roadrescue-quickassist-platform-41193-41202/frontend_user_website/src/context/AuthContext.js", "pattern": "/^export function useAuth() {$/", "language": "JavaScript", "kind": "function", "signature": "()"}, {"_type": "tag", "name": "writeStoredAuth", "path": "/home/kavia/workspace/code-generation/roadrescue-quickassist-platform-41193-41202/frontend_user_website/src/context/AuthContext.js", "pattern": "/^function writeStoredAuth(state) {$/", "language": "JavaScript", "kind": "function", "signature": "(state)"}], "hash": "d975cb34b884d6b830dad1100fbfd0f6", "format-version": 4, "code-base-name": "frontend_user_website", "filename": "frontend_user_website/src/context/AuthContext.js", "fields": [{"name": "return <AuthContext.Provider value={api}>{children}<\\/AuthContext.Provider>;", "scope": "Provider", "scopeKind": "class", "description": "unavailable"}], "revision_history": [{"531": "9460f7d0c136032955309efdf7db8099b0ca36a0"}]}