{"is_source_file": true, "format": "JavaScript", "description": "This file provides a client wrapper for initializing and accessing the Supabase client in a React application, with deferred initialization and configuration validation.", "external_files": ["@supabase/supabase-js", "../config/appConfig"], "external_methods": ["createClient"], "published": ["getSupabaseInitState", "isSupabaseConfigured", "getSupabase"], "classes": [], "methods": [{"name": "getSupabaseConfigStatus()", "description": "Checks and returns the current status of Supabase configuration, including validation of URL and API key.", "scope": "", "scopeKind": ""}, {"name": "logSupabaseConfigErrorOnce(status)", "description": "Logs configuration errors to the console only once to prevent repetitive logging.", "scope": "", "scopeKind": ""}, {"name": "getSupabaseInitState()", "description": "Public method returning the current configuration status of Supabase, including any errors.", "scope": "", "scopeKind": ""}, {"name": "isSupabaseConfigured()", "description": "Public method returning a boolean indicating whether Supabase is properly configured.", "scope": "", "scopeKind": ""}, {"name": "getSupabase()", "description": "Lazily initializes and returns the singleton Supabase client instance, throws an error if the configuration is invalid.", "scope": "", "scopeKind": ""}], "calls": ["createClient", "getSupabaseConfigStatus", "logSupabaseConfigErrorOnce", "atob"], "search-terms": ["supabaseClient", "lazy initialization", "Supabase configuration validation", "Supabase environment variables", "React app Supabase setup"], "state": 2, "file_id": 72, "knowledge_revision": 504, "git_revision": "40fbc15814f3eb78e86fa58f45962c80516c6a2f", "revision_history": [{"349": "15b5e00133c728e31f7cfdd11b3f578418e3e946"}, {"429": "15b5e00133c728e31f7cfdd11b3f578418e3e946"}, {"443": "fe63037cb13ed9778021272beaaedbedfeec96f2"}, {"456": "7066161a9c2ce915109ac9413e83d53395dd4a5b"}, {"486": "55c101ee6f98e89b6ced40354d7fc387c121a627"}, {"501": "55c101ee6f98e89b6ced40354d7fc387c121a627"}, {"504": "40fbc15814f3eb78e86fa58f45962c80516c6a2f"}], "ctags": [{"_type": "tag", "name": "_didLogConfigError", "path": "/home/kavia/workspace/code-generation/roadrescue-quickassist-platform-41193-41202/frontend_user_website/src/services/supabaseClient.js", "pattern": "/^let _didLogConfigError = false;$/", "language": "JavaScript", "kind": "variable"}, {"_type": "tag", "name": "_supabase", "path": "/home/kavia/workspace/code-generation/roadrescue-quickassist-platform-41193-41202/frontend_user_website/src/services/supabaseClient.js", "pattern": "/^let _supabase = null;$/", "language": "JavaScript", "kind": "variable"}, {"_type": "tag", "name": "getSupabase", "path": "/home/kavia/workspace/code-generation/roadrescue-quickassist-platform-41193-41202/frontend_user_website/src/services/supabaseClient.js", "pattern": "/^export function getSupabase() {$/", "language": "JavaScript", "kind": "function", "signature": "()"}, {"_type": "tag", "name": "getSupabaseConfigStatus", "path": "/home/kavia/workspace/code-generation/roadrescue-quickassist-platform-41193-41202/frontend_user_website/src/services/supabaseClient.js", "pattern": "/^function getSupabaseConfigStatus() {$/", "language": "JavaScript", "kind": "function", "signature": "()"}, {"_type": "tag", "name": "getSupabaseInitState", "path": "/home/kavia/workspace/code-generation/roadrescue-quickassist-platform-41193-41202/frontend_user_website/src/services/supabaseClient.js", "pattern": "/^export function getSupabaseInitState() {$/", "language": "JavaScript", "kind": "function", "signature": "()"}, {"_type": "tag", "name": "isSupabaseConfigured", "path": "/home/kavia/workspace/code-generation/roadrescue-quickassist-platform-41193-41202/frontend_user_website/src/services/supabaseClient.js", "pattern": "/^export function isSupabaseConfigured() {$/", "language": "JavaScript", "kind": "function", "signature": "()"}, {"_type": "tag", "name": "logSupabaseConfigErrorOnce", "path": "/home/kavia/workspace/code-generation/roadrescue-quickassist-platform-41193-41202/frontend_user_website/src/services/supabaseClient.js", "pattern": "/^function logSupabaseConfigErrorOnce(status) {$/", "language": "JavaScript", "kind": "function", "signature": "(status)"}], "hash": "63225f9b656cf1a00a3530a143b3c3d8", "format-version": 4, "code-base-name": "frontend_user_website", "filename": "frontend_user_website/src/services/supabaseClient.js", "fields": [{"name": "let _didLogConfigError = false;", "scope": "", "scopeKind": "", "description": "unavailable"}, {"name": "let _supabase = null;", "scope": "", "scopeKind": "", "description": "unavailable"}]}