{"is_source_file": true, "format": "JavaScript (React JSX)", "description": "This is a React application main component file (App.js), configuring routing, authentication, and layout components for a web frontend.", "external_files": ["./components/layout/Navbar", "./components/layout/Footer", "./routes/RequireAuth", "./services/dataService", "./config/appConfig", "./pages/LoginPage", "./pages/RegisterPage", "./pages/SubmitRequestPage", "./pages/MyRequestsPage", "./pages/RequestDetailPage", "./pages/AboutPage", "./components/demo/TwilioSmsDemoCard", "./App.css"], "external_methods": ["React.useState", "React.useEffect", "dataService.getCurrentUser", "dataService.subscribeToAuthChanges", "window.setTimeout", "window.clearTimeout", "Navigate", "Route", "Routes", "BrowserRouter"], "published": [], "classes": [], "methods": [{"name": "withTimeout(promise, ms, label = \"operation\")", "description": "A utility function that wraps a promise with a timeout, rejecting if the promise does not resolve within the specified milliseconds.", "scope": "", "scopeKind": ""}, {"name": "App()", "description": "The main React component that sets up routing, user authentication state, and layout for the web application.", "scope": "", "scopeKind": ""}], "calls": ["useState", "useEffect", "dataService.getCurrentUser", "dataService.subscribeToAuthChanges", "withTimeout", "setUser", "setBooted", "setBootError", "window.setTimeout", "window.clearTimeout", "Navigate", "RequireAuth", "LoginPage", "RegisterPage", "SubmitRequestPage", "MyRequestsPage", "RequestDetailPage", "AboutPage", "TwilioSmsDemoCard", "Footer", "Navbar"], "search-terms": ["React App routing", "auth state management", "React useEffect auth sync", "public routes", "protected routes", "React Router configuration", "auth subscription", "loading state", "timeout wrapper for promises"], "state": 2, "file_id": 74, "knowledge_revision": 432, "git_revision": "fe63037cb13ed9778021272beaaedbedfeec96f2", "revision_history": [{"353": "15b5e00133c728e31f7cfdd11b3f578418e3e946"}, {"422": "adddec63496c05acbad8f707fc07bd60b2d8ca52"}, {"432": "fe63037cb13ed9778021272beaaedbedfeec96f2"}], "ctags": [{"_type": "tag", "name": "App", "path": "/home/kavia/workspace/code-generation/roadrescue-quickassist-platform-41193-41202/frontend_user_website/src/App.js", "pattern": "/^function App() {$/", "language": "JavaScript", "kind": "function", "signature": "()"}, {"_type": "tag", "name": "user", "path": "/home/kavia/workspace/code-generation/roadrescue-quickassist-platform-41193-41202/frontend_user_website/src/App.js", "pattern": "/^              element={user ? <Navigate to=\"\\/submit\" replace \\/> : <LoginPage onAuthed={setUser/", "language": "JavaScript", "kind": "field", "scope": "App.element", "scopeKind": "class"}, {"_type": "tag", "name": "user", "path": "/home/kavia/workspace/code-generation/roadrescue-quickassist-platform-41193-41202/frontend_user_website/src/App.js", "pattern": "/^            <Route path=\"\\/\" element={<Navigate to={user ? \"\\/submit\" : \"\\/login\"} replace \\/>} /", "language": "JavaScript", "kind": "field", "scope": "App.AnonymousClassb0acc46e0101", "scopeKind": "class"}, {"_type": "tag", "name": "withTimeout", "path": "/home/kavia/workspace/code-generation/roadrescue-quickassist-platform-41193-41202/frontend_user_website/src/App.js", "pattern": "/^function withTimeout(promise, ms, label = \"operation\") {$/", "language": "JavaScript", "kind": "function", "signature": "(promise, ms, label = \"operation\")"}], "hash": "a1ca42e9562657d2d4ee192898891452", "format-version": 4, "code-base-name": "frontend_user_website", "filename": "frontend_user_website/src/App.js", "fields": [{"name": "element={user ? <Navigate to=\"\\/submit\" replace \\/> : <LoginPage onAuthed={setUser/", "scope": "App.element", "scopeKind": "class", "description": "unavailable"}, {"name": "<Route path=\"\\/\" element={<Navigate to={user ? \"\\/submit\" : \"\\/login\"} replace \\/>} /", "scope": "App.AnonymousClassb0acc46e0101", "scopeKind": "class", "description": "unavailable"}]}