{"is_source_file": true, "format": "JavaScript", "description": "This file defines a React hook called `useScrollReveal` that enables revealing DOM elements upon entering the viewport using the IntersectionObserver API. It respects user preferences for reduced motion and provides configurable options like root, margin, threshold, and whether the reveal should happen only once.", "external_files": ["react", "react", "react"], "external_methods": ["useEffect"], "published": ["useScrollReveal"], "classes": [], "methods": [{"name": "useScrollReveal(options = {})", "description": "A React hook that observes elements with the `data-reveal` attribute and adds `data-reveal='in'` when they enter the viewport, optionally only once. It respects reduced motion preferences.", "scope": "", "scopeKind": ""}, {"name": "getPrefersReducedMotion()", "scope": "", "scopeKind": "", "description": "unavailable"}], "calls": ["useEffect", "document.querySelectorAll", "window.matchMedia", "observer.observe", "observer.unobserve", "observer.disconnect"], "search-terms": ["React hook", "useScrollReveal", "intersection observer", "reveal on scroll", "reduced motion"], "state": 2, "file_id": 112, "knowledge_revision": 575, "git_revision": "", "ctags": [{"_type": "tag", "name": "getPrefersReducedMotion", "path": "/home/kavia/workspace/code-generation/roadrescue-quickassist-platform-41193-41202/frontend_user_website/src/hooks/useScrollReveal.js", "pattern": "/^function getPrefersReducedMotion() {$/", "language": "JavaScript", "kind": "function", "signature": "()"}, {"_type": "tag", "name": "useScrollReveal", "path": "/home/kavia/workspace/code-generation/roadrescue-quickassist-platform-41193-41202/frontend_user_website/src/hooks/useScrollReveal.js", "pattern": "/^export function useScrollReveal(options = {}) {$/", "language": "JavaScript", "kind": "function", "signature": "(options = {})"}], "hash": "f287d8c0371ff9c2aa467226be94d147", "format-version": 4, "code-base-name": "frontend_user_website", "filename": "frontend_user_website/src/hooks/useScrollReveal.js", "revision_history": [{"575": ""}]}