{"is_source_file": true, "format": "JavaScript (React JSX)", "description": "This is the main application component for a React web app, setting up routing, layout, and context providers for the RoadRescue QuickAssist user website.", "external_files": ["./components/ErrorBoundary", "./components/layout/Navbar", "./components/layout/Footer", "./context/AuthContext", "./routes/RequireAuth", "./pages/HomePage", "./pages/HowItWorksPage", "./pages/WhyChooseUsPage", "./pages/AboutPage", "./pages/LoginPage", "./pages/RegisterPage", "./pages/SubmitRequestPage", "./pages/MyRequestsPage", "./App.css"], "external_methods": ["React", "BrowserRouter", "Navigate", "Route", "Routes", "ErrorBoundary", "AuthProvider", "RequireAuth", "HomePage", "HowItWorksPage", "WhyChooseUsPage", "AboutPage", "LoginPage", "RegisterPage", "SubmitRequestPage", "MyRequestsPage", "Navigate"], "published": ["App"], "classes": [], "methods": [{"name": "App()", "description": "Main application component that sets up routing, layout, and context providers.", "scope": "", "scopeKind": ""}], "calls": ["React.createElement", "React.Fragment", "BrowserRouter", "ErrorBoundary", "AuthProvider", "Navbar", "Routes", "Route", "Navigate", "RequireAuth", "HomePage", "HowItWorksPage", "WhyChooseUsPage", "AboutPage", "LoginPage", "RegisterPage", "SubmitRequestPage", "MyRequestsPage"], "search-terms": ["App", "React router", "routing setup", "Layout components", "AuthContext", "Private routes", "Main app component"], "state": 2, "file_id": 74, "knowledge_revision": 514, "git_revision": "4e714b908b74818d70b65f70db25b618ba2afac5", "revision_history": [{"353": "15b5e00133c728e31f7cfdd11b3f578418e3e946"}, {"422": "adddec63496c05acbad8f707fc07bd60b2d8ca52"}, {"432": "fe63037cb13ed9778021272beaaedbedfeec96f2"}, {"444": "7066161a9c2ce915109ac9413e83d53395dd4a5b"}, {"452": "7066161a9c2ce915109ac9413e83d53395dd4a5b"}, {"458": "55c101ee6f98e89b6ced40354d7fc387c121a627"}, {"460": "55c101ee6f98e89b6ced40354d7fc387c121a627"}, {"464": "c4fd42ce8ff2f60d249df1558a3c0c0865f108b7"}, {"488": "4e714b908b74818d70b65f70db25b618ba2afac5"}, {"514": "4e714b908b74818d70b65f70db25b618ba2afac5"}], "ctags": [{"_type": "tag", "name": "App", "path": "/home/kavia/workspace/code-generation/roadrescue-quickassist-platform-41193-41202/frontend_user_website/src/App.js", "pattern": "/^function App() {$/", "language": "JavaScript", "kind": "function", "signature": "()"}], "hash": "bc5a5906603818ba14811aa988195a3f", "format-version": 4, "code-base-name": "frontend_user_website", "filename": "frontend_user_website/src/App.js"}