{"is_source_file": true, "file_id": 103, "git_revision": "", "state": 1, "description": "", "external_files": [], "external_methods": [], "published": [], "classes": [], "methods": [], "calls": [], "search-terms": [], "ctags": [{"_type": "tag", "name": "15", "path": "/home/kavia/workspace/code-generation/roadrescue-quickassist-platform-41193-41202/frontend_user_website/src/components/LocationMap.jsx", "pattern": "/^          zoom={15}$/", "language": "JavaScript", "kind": "field", "scope": "LocationMap.zoom", "scopeKind": "class"}, {"_type": "tag", "name": "CHENNAI_CENTER", "path": "/home/kavia/workspace/code-generation/roadrescue-quickassist-platform-41193-41202/frontend_user_website/src/components/LocationMap.jsx", "pattern": "/^const CHENNAI_CENTER = { lat: 13.0827, lon: 80.2707 };$/", "language": "JavaScript", "kind": "class"}, {"_type": "tag", "name": "DEFAULT_ICON", "path": "/home/kavia/workspace/code-generation/roadrescue-quickassist-platform-41193-41202/frontend_user_website/src/components/LocationMap.jsx", "pattern": "/^const DEFAULT_ICON = L.icon({$/", "language": "JavaScript", "kind": "constant"}, {"_type": "tag", "name": "LocationMap", "path": "/home/kavia/workspace/code-generation/roadrescue-quickassist-platform-41193-41202/frontend_user_website/src/components/LocationMap.jsx", "pattern": "/^export function LocationMap({ lat, lon, address = \"\", height = 300 }) {$/", "language": "JavaScript", "kind": "function", "signature": "({ lat, lon, address = \"\", height = 300 })"}, {"_type": "tag", "name": "[safe.lat, safe.lon]", "path": "/home/kavia/workspace/code-generation/roadrescue-quickassist-platform-41193-41202/frontend_user_website/src/components/LocationMap.jsx", "pattern": "/^          center={[safe.lat, safe.lon] || [CHENNAI_CENTER.lat, CHENNAI_CENTER.lon]}$/", "language": "JavaScript", "kind": "field", "scope": "LocationMap.center", "scopeKind": "class"}, {"_type": "tag", "name": "clampLat", "path": "/home/kavia/workspace/code-generation/roadrescue-quickassist-platform-41193-41202/frontend_user_website/src/components/LocationMap.jsx", "pattern": "/^function clampLat(lat) {$/", "language": "JavaScript", "kind": "function", "signature": "(lat)"}, {"_type": "tag", "name": "clampLon", "path": "/home/kavia/workspace/code-generation/roadrescue-quickassist-platform-41193-41202/frontend_user_website/src/components/LocationMap.jsx", "pattern": "/^function clampLon(lon) {$/", "language": "JavaScript", "kind": "function", "signature": "(lon)"}, {"_type": "tag", "name": "false", "path": "/home/kavia/workspace/code-generation/roadrescue-quickassist-platform-41193-41202/frontend_user_website/src/components/LocationMap.jsx", "pattern": "/^          scrollWheelZoom={false}$/", "language": "JavaScript", "kind": "field", "scope": "scrollWheelZoom", "scopeKind": "class"}, {"_type": "tag", "name": "lat", "path": "/home/kavia/workspace/code-generation/roadrescue-quickassist-platform-41193-41202/frontend_user_website/src/components/LocationMap.jsx", "pattern": "/^const CHENNAI_CENTER = { lat: 13.0827, lon: 80.2707 };$/", "language": "JavaScript", "kind": "property", "scope": "CHENNAI_CENTER", "scopeKind": "class"}, {"_type": "tag", "name": "lon", "path": "/home/kavia/workspace/code-generation/roadrescue-quickassist-platform-41193-41202/frontend_user_website/src/components/LocationMap.jsx", "pattern": "/^const CHENNAI_CENTER = { lat: 13.0827, lon: 80.2707 };$/", "language": "JavaScript", "kind": "property", "scope": "CHENNAI_CENTER", "scopeKind": "class"}], "format": "JavaScript", "hash": "8f356dd9e72b5ad697b1abd547f7a6c4", "format-version": 4, "code-base-name": "frontend_user_website", "filename": "frontend_user_website/src/components/LocationMap.jsx", "knowledge_revision": 467}