{"is_source_file": true, "format": "JavaScript", "description": "This file implements a React component 'MyRequestsPage' which displays user requests, allows viewing details in a modal, and provides navigation actions. It uses hooks, routing, and UI components to manage and display a list of requests with their statuses and details.", "external_files": ["../components/ui/Card", "../components/ui/Button", "../components/ui/Modal", "../components/LocationMap", "../hooks/useUserRequests", "../components/layout/UserShell", "react", "react-router-dom"], "external_methods": ["useNavigate", "useUserRequests", "new Date().toLocaleString()"], "published": ["MyRequestsPage"], "classes": [], "methods": [{"name": "toReadOnlyStatusLabel(rawStatus)", "description": "Converts raw status into user-facing, read-only status labels such as 'Open', 'Assigned', 'Completed'.", "scope": "", "scopeKind": ""}, {"name": "statusPillClass(label)", "description": "Returns CSS class names for status label badges based on their value.", "scope": "", "scopeKind": ""}, {"name": "formatMaybe(v)", "description": "Formats null or undefined values into a placeholder; trims strings.", "scope": "", "scopeKind": ""}, {"name": "parseFiniteNumber(v)", "description": "Parses a value into a finite number or returns null if invalid.", "scope": "", "scopeKind": ""}, {"name": "MyRequestsPage()", "description": "Main React component for displaying and interacting with user requests, including list display, detail modal, and navigation.", "scope": "", "scopeKind": ""}], "calls": ["useNavigate()", "useUserRequests()", "setSelected(r)", "clearAll()", "navigate(\"/submit\")", "new Date(r.createdAt).toLocaleString()", "new Date(selected.createdAt).toLocaleString()", "LocationMap"], "search-terms": ["MyRequestsPage", "useUserRequests", "Request Details modal", "Request status labels", "LocationMap", "React Router"], "state": 2, "file_id": 91, "knowledge_revision": 598, "git_revision": "cc1deedb51399013a9205ec99df6fa5ad3f59dfa", "revision_history": [{"372": "ca09881e92259bc04b5062fe7eafb5aba25ec941"}, {"528": "9460f7d0c136032955309efdf7db8099b0ca36a0"}, {"543": "e3932056a33468e189c82262e3518ef361ffdecb"}, {"589": "e3932056a33468e189c82262e3518ef361ffdecb"}, {"592": "f1c49b791ad6fde03f57fc3f5daee8748836dd05"}, {"598": "cc1deedb51399013a9205ec99df6fa5ad3f59dfa"}], "ctags": [{"_type": "tag", "name": "MyRequestsPage", "path": "/home/kavia/workspace/code-generation/roadrescue-quickassist-platform-41193-41202/frontend_user_website/src/pages/MyRequestsPage.js", "pattern": "/^export function MyRequestsPage() {$/", "language": "JavaScript", "kind": "function", "signature": "()"}, {"_type": "tag", "name": "formatMaybe", "path": "/home/kavia/workspace/code-generation/roadrescue-quickassist-platform-41193-41202/frontend_user_website/src/pages/MyRequestsPage.js", "pattern": "/^function formatMaybe(v) {$/", "language": "JavaScript", "kind": "function", "signature": "(v)"}, {"_type": "tag", "name": "parseFiniteNumber", "path": "/home/kavia/workspace/code-generation/roadrescue-quickassist-platform-41193-41202/frontend_user_website/src/pages/MyRequestsPage.js", "pattern": "/^function parseFiniteNumber(v) {$/", "language": "JavaScript", "kind": "function", "signature": "(v)"}, {"_type": "tag", "name": "rows", "path": "/home/kavia/workspace/code-generation/roadrescue-quickassist-platform-41193-41202/frontend_user_website/src/pages/MyRequestsPage.js", "pattern": "/^        subtitle={rows.length ? \"Newest first.\" : \"No requests yet.\"}$/", "language": "JavaScript", "kind": "field", "scope": "MyRequestsPage.subtitle", "scopeKind": "class"}, {"_type": "tag", "name": "selected", "path": "/home/kavia/workspace/code-generation/roadrescue-quickassist-platform-41193-41202/frontend_user_website/src/pages/MyRequestsPage.js", "pattern": "/^        title={selected ? `Request Details \u2014 ${selected.id}` : \"Request Details\"}$/", "language": "JavaScript", "kind": "field", "scope": "MyRequestsPage.title", "scopeKind": "class"}, {"_type": "tag", "name": "statusPillClass", "path": "/home/kavia/workspace/code-generation/roadrescue-quickassist-platform-41193-41202/frontend_user_website/src/pages/MyRequestsPage.js", "pattern": "/^function statusPillClass(label) {$/", "language": "JavaScript", "kind": "function", "signature": "(label)"}, {"_type": "tag", "name": "toReadOnlyStatusLabel", "path": "/home/kavia/workspace/code-generation/roadrescue-quickassist-platform-41193-41202/frontend_user_website/src/pages/MyRequestsPage.js", "pattern": "/^function toReadOnlyStatusLabel(rawStatus) {$/", "language": "JavaScript", "kind": "function", "signature": "(rawStatus)"}], "hash": "149f3e56be11d74a91c9c8d63ec25756", "format-version": 4, "code-base-name": "frontend_user_website", "filename": "frontend_user_website/src/pages/MyRequestsPage.js", "fields": [{"name": "subtitle={rows.length ? \"Newest first.\" : \"No requests yet.\"}", "scope": "MyRequestsPage.subtitle", "scopeKind": "class", "description": "unavailable"}, {"name": "title={selected ? `Request Details \u2014 ${selected.id}` : \"Request Details\"}", "scope": "MyRequestsPage.title", "scopeKind": "class", "description": "unavailable"}]}