{"is_source_file": true, "format": "JavaScript (React)", "description": "This file defines a React functional component named RequireAuth that enforces authentication for routes. It uses React Router's Navigate and useLocation hooks to redirect unauthenticated users to the login page, with a debug bypass option.", "external_files": ["react", "react-router-dom"], "external_methods": ["Navigate", "useLocation"], "published": ["RequireAuth"], "classes": [], "methods": [{"name": "RequireAuth({ user, children })", "description": "A React component that checks user authentication status and redirects to login if unauthenticated, or renders child components otherwise.", "scope": "", "scopeKind": ""}], "calls": ["useLocation", "Navigate"], "search-terms": ["RequireAuth", "React Router", "authentication guard", "redirect", "React", "useLocation", "Navigate", "public interface"], "state": 2, "file_id": 85, "knowledge_revision": 453, "git_revision": "aa7b96cf8e27c0882bd83c9d4ee4055036daa406", "revision_history": [{"364": "d7094c8bb3d5eeb9c23cb2ddab9b21d37ee8dfc5"}, {"453": "aa7b96cf8e27c0882bd83c9d4ee4055036daa406"}], "ctags": [{"_type": "tag", "name": "RequireAuth", "path": "/home/kavia/workspace/code-generation/roadrescue-quickassist-platform-41193-41202/frontend_user_website/src/routes/RequireAuth.js", "pattern": "/^export function RequireAuth({ user, children }) {$/", "language": "JavaScript", "kind": "function", "signature": "({ user, children })"}], "hash": "b809445ecfb5a3f29b385c1cbf9f63bb", "format-version": 4, "code-base-name": "frontend_user_website", "filename": "frontend_user_website/src/routes/RequireAuth.js"}