{"is_source_file": true, "format": "JavaScript", "description": "This file defines a React functional component named 'Input'. It provides an input field with optional label, hint, error message, and password visibility toggle. It manages internal state for toggling password visibility and creates accessible IDs for input-label association.", "external_files": ["react"], "external_methods": ["useId", "useMemo", "useState"], "published": ["Input"], "classes": [], "methods": [{"name": "Input({ label, value, onChange, placeholder, type = \"text\", name, error, hint, required, disabled, id, autoComplete, })", "description": "React functional component rendering an input with label, hint, error handling, and optional password visibility toggle.", "scope": "", "scopeKind": ""}], "calls": ["React.useId", "React.useMemo", "React.useState", "setPasswordVisible", "onChange"], "search-terms": ["Input", "password toggle", "React functional component", "accessible labels", "input with validation"], "state": 2, "file_id": 80, "knowledge_revision": 517, "git_revision": "d7094c8bb3d5eeb9c23cb2ddab9b21d37ee8dfc5", "revision_history": [{"358": "d7094c8bb3d5eeb9c23cb2ddab9b21d37ee8dfc5"}, {"517": "d7094c8bb3d5eeb9c23cb2ddab9b21d37ee8dfc5"}], "ctags": [{"_type": "tag", "name": "Input", "path": "/home/kavia/workspace/code-generation/roadrescue-quickassist-platform-41193-41202/frontend_user_website/src/components/ui/Input.js", "pattern": "/^export function Input({$/", "language": "JavaScript", "kind": "function", "signature": "({ label, value, onChange, placeholder, type = \"text\", name, error, hint, required, disabled, id, autoComplete, })"}, {"_type": "tag", "name": "autoComplete", "path": "/home/kavia/workspace/code-generation/roadrescue-quickassist-platform-41193-41202/frontend_user_website/src/components/ui/Input.js", "pattern": "/^          autoComplete={autoComplete}$/", "language": "JavaScript", "kind": "field", "scope": "Input.autoComplete", "scopeKind": "class"}, {"_type": "tag", "name": "disabled", "path": "/home/kavia/workspace/code-generation/roadrescue-quickassist-platform-41193-41202/frontend_user_website/src/components/ui/Input.js", "pattern": "/^          disabled={disabled}$/", "language": "JavaScript", "kind": "field", "scope": "Input.disabled", "scopeKind": "class"}, {"_type": "tag", "name": "effectiveType", "path": "/home/kavia/workspace/code-generation/roadrescue-quickassist-platform-41193-41202/frontend_user_website/src/components/ui/Input.js", "pattern": "/^          type={effectiveType}$/", "language": "JavaScript", "kind": "field", "scope": "Input.type", "scopeKind": "class"}, {"_type": "tag", "name": "input ${error ? \"input-error\" : \"\"}", "path": "/home/kavia/workspace/code-generation/roadrescue-quickassist-platform-41193-41202/frontend_user_website/src/components/ui/Input.js", "pattern": "/^          className={`input ${error ? \"input-error\" : \"\"}`}$/", "language": "JavaScript", "kind": "field", "scope": "Input.className", "scopeKind": "class"}, {"_type": "tag", "name": "inputId", "path": "/home/kavia/workspace/code-generation/roadrescue-quickassist-platform-41193-41202/frontend_user_website/src/components/ui/Input.js", "pattern": "/^          id={inputId}$/", "language": "JavaScript", "kind": "field", "scope": "Input.id", "scopeKind": "class"}, {"_type": "tag", "name": "isPasswordType", "path": "/home/kavia/workspace/code-generation/roadrescue-quickassist-platform-41193-41202/frontend_user_website/src/components/ui/Input.js", "pattern": "/^          style={isPasswordType ? { paddingRight: 56 } : undefined}$/", "language": "JavaScript", "kind": "field", "scope": "Input.style", "scopeKind": "class"}, {"_type": "tag", "name": "name", "path": "/home/kavia/workspace/code-generation/roadrescue-quickassist-platform-41193-41202/frontend_user_website/src/components/ui/Input.js", "pattern": "/^          name={name}$/", "language": "JavaScript", "kind": "field", "scope": "Input.name", "scopeKind": "class"}, {"_type": "tag", "name": "onChange", "path": "/home/kavia/workspace/code-generation/roadrescue-quickassist-platform-41193-41202/frontend_user_website/src/components/ui/Input.js", "pattern": "/^          onChange={onChange}$/", "language": "JavaScript", "kind": "field", "scope": "Input.onChange", "scopeKind": "class"}, {"_type": "tag", "name": "placeholder", "path": "/home/kavia/workspace/code-generation/roadrescue-quickassist-platform-41193-41202/frontend_user_website/src/components/ui/Input.js", "pattern": "/^          placeholder={placeholder}$/", "language": "JavaScript", "kind": "field", "scope": "Input.placeholder", "scopeKind": "class"}, {"_type": "tag", "name": "value", "path": "/home/kavia/workspace/code-generation/roadrescue-quickassist-platform-41193-41202/frontend_user_website/src/components/ui/Input.js", "pattern": "/^          value={value}$/", "language": "JavaScript", "kind": "field", "scope": "Input.value", "scopeKind": "class"}], "hash": "d2daff5e116d6ee385b2cd7d3a766ec5", "format-version": 4, "code-base-name": "frontend_user_website", "filename": "frontend_user_website/src/components/ui/Input.js", "fields": [{"name": "autoComplete={autoComplete}", "scope": "Input.autoComplete", "scopeKind": "class", "description": "unavailable"}, {"name": "disabled={disabled}", "scope": "Input.disabled", "scopeKind": "class", "description": "unavailable"}, {"name": "type={effectiveType}", "scope": "Input.type", "scopeKind": "class", "description": "unavailable"}, {"name": "className={`input ${error ? \"input-error\" : \"\"}`}", "scope": "Input.className", "scopeKind": "class", "description": "unavailable"}, {"name": "id={inputId}", "scope": "Input.id", "scopeKind": "class", "description": "unavailable"}, {"name": "style={isPasswordType ? { paddingRight: 56 } : undefined}", "scope": "Input.style", "scopeKind": "class", "description": "unavailable"}, {"name": "name={name}", "scope": "Input.name", "scopeKind": "class", "description": "unavailable"}, {"name": "onChange={onChange}", "scope": "Input.onChange", "scopeKind": "class", "description": "unavailable"}, {"name": "placeholder={placeholder}", "scope": "Input.placeholder", "scopeKind": "class", "description": "unavailable"}, {"name": "value={value}", "scope": "Input.value", "scopeKind": "class", "description": "unavailable"}]}