{"is_source_file": true, "file_id": 111, "git_revision": "", "state": 1, "description": "", "external_files": [], "external_methods": [], "published": [], "classes": [], "methods": [], "calls": [], "search-terms": [], "ctags": [{"_type": "tag", "name": "UserShell", "path": "/home/kavia/workspace/code-generation/roadrescue-quickassist-platform-41193-41202/frontend_user_website/src/components/layout/UserShell.js", "pattern": "/^export function UserShell({ title, subtitle, children }) {$/", "language": "JavaScript", "kind": "function", "signature": "({ title, subtitle, children })"}, {"_type": "tag", "name": "shellNavLinkClass", "path": "/home/kavia/workspace/code-generation/roadrescue-quickassist-platform-41193-41202/frontend_user_website/src/components/layout/UserShell.js", "pattern": "/^function shellNavLinkClass({ isActive }) {$/", "language": "JavaScript", "kind": "function", "signature": "({ isActive })"}, {"_type": "tag", "name": "sidebarOpen", "path": "/home/kavia/workspace/code-generation/roadrescue-quickassist-platform-41193-41202/frontend_user_website/src/components/layout/UserShell.js", "pattern": "/^                aria-expanded={sidebarOpen ? \"true\" : \"false\"}$/", "language": "JavaScript", "kind": "field", "scope": "UserShell.aria", "scopeKind": "class"}, {"_type": "tag", "name": "sidebarOpen", "path": "/home/kavia/workspace/code-generation/roadrescue-quickassist-platform-41193-41202/frontend_user_website/src/components/layout/UserShell.js", "pattern": "/^              className={sidebarOpen ? \"user-shell__sidebar user-shell__sidebar--open\" : \"user-s/", "language": "JavaScript", "kind": "field", "scope": "UserShell.className", "scopeKind": "class"}], "format": "JavaScript", "hash": "e20eb8b0c71399ccd4452f79f7462cb7", "format-version": 4, "code-base-name": "frontend_user_website", "filename": "frontend_user_website/src/components/layout/UserShell.js", "knowledge_revision": 538}