{"is_source_file": true, "format": "JavaScript", "description": "A utility function that wraps the fetch API, providing mock mode blocking based on app configuration.", "external_files": ["../config/appConfig"], "external_methods": ["appConfig.isMockMode"], "published": ["fetchClient"], "classes": [], "methods": [{"name": "fetchClient(input, init)", "description": "A wrapper around fetch that blocks network calls when mock mode is enabled in application config.", "scope": "", "scopeKind": ""}], "calls": ["fetch"], "search-terms": ["fetchClient", "fetch wrapper", "mock mode", "network call blocking", "utility"], "state": 2, "file_id": 99, "knowledge_revision": 427, "git_revision": "adddec63496c05acbad8f707fc07bd60b2d8ca52", "ctags": [{"_type": "tag", "name": "fetchClient", "path": "/home/kavia/workspace/code-generation/roadrescue-quickassist-platform-41193-41202/frontend_user_website/src/utils/fetchClient.js", "pattern": "/^export async function fetchClient(input, init) {$/", "language": "JavaScript", "kind": "function", "signature": "(input, init)"}], "hash": "5e2307bc2e9c61990ca9b68f86899b69", "format-version": 4, "code-base-name": "frontend_user_website", "filename": "frontend_user_website/src/utils/fetchClient.js", "revision_history": [{"427": "adddec63496c05acbad8f707fc07bd60b2d8ca52"}]}