{"is_source_file": true, "format": "JavaScript (React JSX)", "description": "This file defines a React component page 'WhyChooseUsPage' for the frontend user website. It includes subcomponents for displaying reasons, comparison, trust indicators, and calls to action, using UI components and hooks for navigation and authentication.", "external_files": ["../components/ui/Card", "../components/ui/Button", "../components/ui/Container", "../context/AuthContext", "react", "react-router-dom"], "external_methods": ["useNavigate", "useAuth"], "published": ["WhyChooseUsPage"], "classes": [], "methods": [{"name": "Reason({ icon, title, text })", "description": "A functional component that renders a card with an icon, title, and text to describe a reason for choosing the service.", "scope": "", "scopeKind": ""}, {"name": "CompareCard({ title, items, tone = \"neutral\" })", "description": "A functional component that displays a comparison card with a title, list of items, and an optional tone for styling.", "scope": "", "scopeKind": ""}, {"name": "WhyChooseUsPage()", "description": "Main React component rendering the 'Why choose us' marketing page including sections for hero, reasons, comparison, trust indicators, and call-to-action.", "scope": "", "scopeKind": ""}], "calls": ["useNavigate()", "navigate()", "useAuth()", "isAuthenticated ? \"/submit\" : \"/login\"", "() => navigate(\"/how-it-works\")", "() => navigate(\"/about\")", "onPrimary"], "search-terms": ["WhyChooseUsPage", "Fast Response Intake", "Vetted Mechanics", "Secure Auth via Supabase", "Comparison", "Trust indicators", "CTA", "RoadRescue QuickAssist", "React page component"], "state": 2, "file_id": 110, "knowledge_revision": 567, "git_revision": "fd6e4120680b0f4ef05fd305c785af6eeba34339", "revision_history": [{"537": "9460f7d0c136032955309efdf7db8099b0ca36a0"}, {"548": "e3932056a33468e189c82262e3518ef361ffdecb"}, {"567": "fd6e4120680b0f4ef05fd305c785af6eeba34339"}], "ctags": [{"_type": "tag", "name": "AnonymousClass7ef739ea0101", "path": "/home/kavia/workspace/code-generation/roadrescue-quickassist-platform-41193-41202/frontend_user_website/src/pages/WhyChooseUsPage.js", "pattern": "/^  return ($/", "language": "JavaScript", "kind": "class", "scope": "CompareCard", "scopeKind": "class"}, {"_type": "tag", "name": "CompareCard", "path": "/home/kavia/workspace/code-generation/roadrescue-quickassist-platform-41193-41202/frontend_user_website/src/pages/WhyChooseUsPage.js", "pattern": "/^function CompareCard({ title, items, tone = \"neutral\" }) {$/", "language": "JavaScript", "kind": "function", "signature": "({ title, items, tone = \"neutral\" })"}, {"_type": "tag", "name": "Reason", "path": "/home/kavia/workspace/code-generation/roadrescue-quickassist-platform-41193-41202/frontend_user_website/src/pages/WhyChooseUsPage.js", "pattern": "/^function Reason({ icon, title, text }) {$/", "language": "JavaScript", "kind": "function", "signature": "({ icon, title, text })"}, {"_type": "tag", "name": "WhyChooseUsPage", "path": "/home/kavia/workspace/code-generation/roadrescue-quickassist-platform-41193-41202/frontend_user_website/src/pages/WhyChooseUsPage.js", "pattern": "/^export function WhyChooseUsPage() {$/", "language": "JavaScript", "kind": "function", "signature": "()"}, {"_type": "tag", "name": "[ \"Fast digital request intake with clear fields\", \"Status updates in a clean dashboard\", \"Secure authentication architecture (Supabase)\", \"SMS notification capability (Twilio)\", \"Designed for mobile-first use\", ]", "path": "/home/kavia/workspace/code-generation/roadrescue-quickassist-platform-41193-41202/frontend_user_website/src/pages/WhyChooseUsPage.js", "pattern": "/^                \"Fast digital request intake with clear fields\",$/", "language": "JavaScript", "kind": "field", "scope": "items", "scopeKind": "class"}, {"_type": "tag", "name": "[ \"Multiple calls and repeated questions\", \"Unclear progress updates\", \"Hard to reference details later\", \"Long hold times during peak periods\", \"Inconsistent driver experience across agents\", ]", "path": "/home/kavia/workspace/code-generation/roadrescue-quickassist-platform-41193-41202/frontend_user_website/src/pages/WhyChooseUsPage.js", "pattern": "/^                \"Multiple calls and repeated questions\",$/", "language": "JavaScript", "kind": "field", "scope": "items", "scopeKind": "class"}, {"_type": "tag", "name": "tone", "path": "/home/kavia/workspace/code-generation/roadrescue-quickassist-platform-41193-41202/frontend_user_website/src/pages/WhyChooseUsPage.js", "pattern": "/^    <div className={tone === \"good\" ? \"mk-compare mk-compare--good\" : tone === \"bad\" ? \"mk-compa/", "language": "JavaScript", "kind": "property", "scope": "CompareCard.AnonymousClass7ef739ea0101", "scopeKind": "class"}], "hash": "fce882b94e99f5572888bb7e4491b471", "format-version": 4, "code-base-name": "frontend_user_website", "filename": "frontend_user_website/src/pages/WhyChooseUsPage.js", "fields": [{"name": "\"Fast digital request intake with clear fields\",", "scope": "items", "scopeKind": "class", "description": "unavailable"}, {"name": "\"Multiple calls and repeated questions\",", "scope": "items", "scopeKind": "class", "description": "unavailable"}, {"name": "<div className={tone === \"good\" ? \"mk-compare mk-compare--good\" : tone === \"bad\" ? \"mk-compa/", "scope": "CompareCard.AnonymousClass7ef739ea0101", "scopeKind": "class", "description": "unavailable"}]}