{"is_source_file": true, "format": "JavaScript", "description": "This file is a JavaScript module that initializes and manages a singleton instance of the Supabase client. It includes functions for deferred initialization, configuration validation, and exposing the client, with robust handling for missing or incorrect environment variables.", "external_files": ["@supabase/supabase-js", "../config/appConfig"], "external_methods": ["createClient"], "published": ["getSupabaseInitState", "isSupabaseConfigured", "getSupabase"], "classes": [], "methods": [{"name": "getSupabaseConfigStatus()", "description": "Checks and returns the current configuration status of Supabase, including validation of essential environment variables and URL/key correctness.", "scope": "", "scopeKind": ""}, {"name": "logSupabaseConfigErrorOnce(status)", "description": "Logs configuration errors once to avoid console spamming, informing about missing or invalid environment variables.", "scope": "", "scopeKind": ""}, {"name": "getSupabaseInitState()", "description": "Public method that returns the configuration status and logs errors if configuration is invalid.", "scope": "", "scopeKind": ""}, {"name": "isSupabaseConfigured()", "description": "Public method that returns a boolean indicating whether Supabase is correctly configured.", "scope": "", "scopeKind": ""}, {"name": "getSupabase()", "description": "Lazily initializes and returns the singleton Supabase client. Throws an error if configuration is missing or invalid.", "scope": "", "scopeKind": ""}], "calls": ["getSupabaseConfigStatus", "logSupabaseConfigErrorOnce", "createClient"], "search-terms": ["supabaseClient", "deferred initialization", "config validation", "singleton", "Supabase initialization", "configuration error handling", "environment variable validation"], "state": 2, "file_id": 72, "knowledge_revision": 501, "git_revision": "55c101ee6f98e89b6ced40354d7fc387c121a627", "revision_history": [{"349": "15b5e00133c728e31f7cfdd11b3f578418e3e946"}, {"429": "15b5e00133c728e31f7cfdd11b3f578418e3e946"}, {"443": "fe63037cb13ed9778021272beaaedbedfeec96f2"}, {"456": "7066161a9c2ce915109ac9413e83d53395dd4a5b"}, {"486": "55c101ee6f98e89b6ced40354d7fc387c121a627"}, {"501": "55c101ee6f98e89b6ced40354d7fc387c121a627"}], "ctags": [{"_type": "tag", "name": "_didLogConfigError", "path": "/home/kavia/workspace/code-generation/roadrescue-quickassist-platform-41193-41202/frontend_user_website/src/services/supabaseClient.js", "pattern": "/^let _didLogConfigError = false;$/", "language": "JavaScript", "kind": "variable"}, {"_type": "tag", "name": "_supabase", "path": "/home/kavia/workspace/code-generation/roadrescue-quickassist-platform-41193-41202/frontend_user_website/src/services/supabaseClient.js", "pattern": "/^let _supabase = null;$/", "language": "JavaScript", "kind": "variable"}, {"_type": "tag", "name": "getSupabase", "path": "/home/kavia/workspace/code-generation/roadrescue-quickassist-platform-41193-41202/frontend_user_website/src/services/supabaseClient.js", "pattern": "/^export function getSupabase() {$/", "language": "JavaScript", "kind": "function", "signature": "()"}, {"_type": "tag", "name": "getSupabaseConfigStatus", "path": "/home/kavia/workspace/code-generation/roadrescue-quickassist-platform-41193-41202/frontend_user_website/src/services/supabaseClient.js", "pattern": "/^function getSupabaseConfigStatus() {$/", "language": "JavaScript", "kind": "function", "signature": "()"}, {"_type": "tag", "name": "getSupabaseInitState", "path": "/home/kavia/workspace/code-generation/roadrescue-quickassist-platform-41193-41202/frontend_user_website/src/services/supabaseClient.js", "pattern": "/^export function getSupabaseInitState() {$/", "language": "JavaScript", "kind": "function", "signature": "()"}, {"_type": "tag", "name": "isSupabaseConfigured", "path": "/home/kavia/workspace/code-generation/roadrescue-quickassist-platform-41193-41202/frontend_user_website/src/services/supabaseClient.js", "pattern": "/^export function isSupabaseConfigured() {$/", "language": "JavaScript", "kind": "function", "signature": "()"}, {"_type": "tag", "name": "logSupabaseConfigErrorOnce", "path": "/home/kavia/workspace/code-generation/roadrescue-quickassist-platform-41193-41202/frontend_user_website/src/services/supabaseClient.js", "pattern": "/^function logSupabaseConfigErrorOnce(status) {$/", "language": "JavaScript", "kind": "function", "signature": "(status)"}], "hash": "f3b079e954dbaeefa7e5186c368b6e6b", "format-version": 4, "code-base-name": "frontend_user_website", "filename": "frontend_user_website/src/services/supabaseClient.js", "fields": [{"name": "let _didLogConfigError = false;", "scope": "", "scopeKind": "", "description": "unavailable"}, {"name": "let _supabase = null;", "scope": "", "scopeKind": "", "description": "unavailable"}]}