{"is_source_file": true, "format": "JavaScript", "description": "This file defines a React component 'SubmitRequestPage' which provides a user interface for submitting vehicle breakdown requests. It includes form fields for vehicle info, issue description, contact info, and address input with geocoding via OpenStreetMap Nominatim. It handles address validation, map display, and submission of data through dataService.", "external_files": ["../components/ui/Card", "../components/ui/Input", "../components/ui/Button", "../components/LocationMap", "../services/dataService", "../utils/fetchClient", "react", "react-router-dom"], "external_methods": ["fetchClient"], "published": ["SubmitRequestPage"], "classes": [], "methods": [{"name": "geocodeAddress(address)", "description": "Performs address geocoding using OpenStreetMap Nominatim API, returns coordinates and display name.", "scope": "", "scopeKind": ""}, {"name": "isValidCoord(n, min, max)", "description": "Checks if a number is a valid geographic coordinate within specified min and max bounds.", "scope": "", "scopeKind": ""}, {"name": "formatCoord(n)", "description": "Formats a number as a string with 6 decimal places for coordinate display.", "scope": "", "scopeKind": ""}, {"name": "SubmitRequestPage({ user })", "scope": "", "scopeKind": "", "description": "unavailable"}], "calls": ["fetchClient", "dataService.createRequest", "navigate"], "search-terms": ["SubmitRequestPage", "geocodeAddress", "Address geocoding", "OpenStreetMap Nominatim", "React form", "geocoding", "location input", "vehicle request form"], "state": 2, "file_id": 89, "knowledge_revision": 487, "git_revision": "ccd5eab631449c0f19d901fb57d943cf2829df73", "revision_history": [{"370": "d7094c8bb3d5eeb9c23cb2ddab9b21d37ee8dfc5"}, {"376": "d7094c8bb3d5eeb9c23cb2ddab9b21d37ee8dfc5"}, {"416": "f4f353c6c2a7e959dc97c16c3a142856210321dc"}, {"421": "adddec63496c05acbad8f707fc07bd60b2d8ca52"}, {"465": "adddec63496c05acbad8f707fc07bd60b2d8ca52"}, {"468": "849d76d5285484cd9aa5186f31e89c89753edfc4"}, {"479": "4df64072ecff4147ced1d3bd08d6f9db6d098f5b"}, {"487": "ccd5eab631449c0f19d901fb57d943cf2829df73"}], "ctags": [{"_type": "tag", "name": "3", "path": "/home/kavia/workspace/code-generation/roadrescue-quickassist-platform-41193-41202/frontend_user_website/src/pages/SubmitRequestPage.js", "pattern": "/^              rows={3}$/", "language": "JavaScript", "kind": "field", "scope": "SubmitRequestPage.rows", "scopeKind": "class"}, {"_type": "tag", "name": "4", "path": "/home/kavia/workspace/code-generation/roadrescue-quickassist-platform-41193-41202/frontend_user_website/src/pages/SubmitRequestPage.js", "pattern": "/^              rows={4}$/", "language": "JavaScript", "kind": "field", "scope": "SubmitRequestPage.rows", "scopeKind": "class"}, {"_type": "tag", "name": "SubmitRequestPage", "path": "/home/kavia/workspace/code-generation/roadrescue-quickassist-platform-41193-41202/frontend_user_website/src/pages/SubmitRequestPage.js", "pattern": "/^export function SubmitRequestPage({ user }) {$/", "language": "JavaScript", "kind": "function", "signature": "({ user })"}, {"_type": "tag", "name": "address", "path": "/home/kavia/workspace/code-generation/roadrescue-quickassist-platform-41193-41202/frontend_user_website/src/pages/SubmitRequestPage.js", "pattern": "/^              value={address}$/", "language": "JavaScript", "kind": "field", "scope": "SubmitRequestPage.value", "scopeKind": "class"}, {"_type": "tag", "name": "contact", "path": "/home/kavia/workspace/code-generation/roadrescue-quickassist-platform-41193-41202/frontend_user_website/src/pages/SubmitRequestPage.js", "pattern": "/^              value={contact.name}$/", "language": "JavaScript", "kind": "field", "scope": "SubmitRequestPage.value", "scopeKind": "class"}, {"_type": "tag", "name": "contact", "path": "/home/kavia/workspace/code-generation/roadrescue-quickassist-platform-41193-41202/frontend_user_website/src/pages/SubmitRequestPage.js", "pattern": "/^              value={contact.phone}$/", "language": "JavaScript", "kind": "field", "scope": "SubmitRequestPage.value", "scopeKind": "class"}, {"_type": "tag", "name": "finding", "path": "/home/kavia/workspace/code-generation/roadrescue-quickassist-platform-41193-41202/frontend_user_website/src/pages/SubmitRequestPage.js", "pattern": "/^              disabled={finding || busy}$/", "language": "JavaScript", "kind": "field", "scope": "SubmitRequestPage.disabled", "scopeKind": "class"}, {"_type": "tag", "name": "formatCoord", "path": "/home/kavia/workspace/code-generation/roadrescue-quickassist-platform-41193-41202/frontend_user_website/src/pages/SubmitRequestPage.js", "pattern": "/^function formatCoord(n) {$/", "language": "JavaScript", "kind": "function", "signature": "(n)"}, {"_type": "tag", "name": "geocodeAddress", "path": "/home/kavia/workspace/code-generation/roadrescue-quickassist-platform-41193-41202/frontend_user_website/src/pages/SubmitRequestPage.js", "pattern": "/^async function geocodeAddress(address) {$/", "language": "JavaScript", "kind": "function", "signature": "(address)"}, {"_type": "tag", "name": "isValidCoord", "path": "/home/kavia/workspace/code-generation/roadrescue-quickassist-platform-41193-41202/frontend_user_website/src/pages/SubmitRequestPage.js", "pattern": "/^function isValidCoord(n, min, max) {$/", "language": "JavaScript", "kind": "function", "signature": "(n, min, max)"}, {"_type": "tag", "name": "issueDescription", "path": "/home/kavia/workspace/code-generation/roadrescue-quickassist-platform-41193-41202/frontend_user_website/src/pages/SubmitRequestPage.js", "pattern": "/^              value={issueDescription}$/", "language": "JavaScript", "kind": "field", "scope": "SubmitRequestPage.value", "scopeKind": "class"}, {"_type": "tag", "name": "lat", "path": "/home/kavia/workspace/code-generation/roadrescue-quickassist-platform-41193-41202/frontend_user_website/src/pages/SubmitRequestPage.js", "pattern": "/^              value={lat == null ? \"\" : formatCoord(lat)}$/", "language": "JavaScript", "kind": "property", "scope": "SubmitRequestPage.value", "scopeKind": "class"}, {"_type": "tag", "name": "lon", "path": "/home/kavia/workspace/code-generation/roadrescue-quickassist-platform-41193-41202/frontend_user_website/src/pages/SubmitRequestPage.js", "pattern": "/^              value={lon == null ? \"\" : formatCoord(lon)}$/", "language": "JavaScript", "kind": "property", "scope": "SubmitRequestPage.value", "scopeKind": "class"}, {"_type": "tag", "name": "trim() ? \"input-error\" : \"\"}", "path": "/home/kavia/workspace/code-generation/roadrescue-quickassist-platform-41193-41202/frontend_user_website/src/pages/SubmitRequestPage.js", "pattern": "/^              className={`textarea ${error && !address.trim() ? \"input-error\" : \"\"}`}$/", "language": "JavaScript", "kind": "field", "scope": "SubmitRequestPage.className.textarea ${error && !address", "scopeKind": "class"}, {"_type": "tag", "name": "trim() ? \"input-error\" : \"\"}", "path": "/home/kavia/workspace/code-generation/roadrescue-quickassist-platform-41193-41202/frontend_user_website/src/pages/SubmitRequestPage.js", "pattern": "/^              className={`textarea ${error && !issueDescription.trim() ? \"input-error\" : \"\"}`}$/", "language": "JavaScript", "kind": "field", "scope": "SubmitRequestPage.className.textarea ${error && !issueDescription", "scopeKind": "class"}, {"_type": "tag", "name": "value", "path": "/home/kavia/workspace/code-generation/roadrescue-quickassist-platform-41193-41202/frontend_user_website/src/pages/SubmitRequestPage.js", "pattern": "/^              value={lat == null ? \"\" : formatCoord(lat)}$/", "language": "JavaScript", "kind": "class", "scope": "SubmitRequestPage", "scopeKind": "class"}, {"_type": "tag", "name": "value", "path": "/home/kavia/workspace/code-generation/roadrescue-quickassist-platform-41193-41202/frontend_user_website/src/pages/SubmitRequestPage.js", "pattern": "/^              value={lon == null ? \"\" : formatCoord(lon)}$/", "language": "JavaScript", "kind": "class", "scope": "SubmitRequestPage", "scopeKind": "class"}, {"_type": "tag", "name": "vehicle", "path": "/home/kavia/workspace/code-generation/roadrescue-quickassist-platform-41193-41202/frontend_user_website/src/pages/SubmitRequestPage.js", "pattern": "/^              value={vehicle.make}$/", "language": "JavaScript", "kind": "field", "scope": "SubmitRequestPage.value", "scopeKind": "class"}, {"_type": "tag", "name": "vehicle", "path": "/home/kavia/workspace/code-generation/roadrescue-quickassist-platform-41193-41202/frontend_user_website/src/pages/SubmitRequestPage.js", "pattern": "/^              value={vehicle.model}$/", "language": "JavaScript", "kind": "field", "scope": "SubmitRequestPage.value", "scopeKind": "class"}, {"_type": "tag", "name": "vehicle", "path": "/home/kavia/workspace/code-generation/roadrescue-quickassist-platform-41193-41202/frontend_user_website/src/pages/SubmitRequestPage.js", "pattern": "/^              value={vehicle.plate}$/", "language": "JavaScript", "kind": "field", "scope": "SubmitRequestPage.value", "scopeKind": "class"}, {"_type": "tag", "name": "vehicle", "path": "/home/kavia/workspace/code-generation/roadrescue-quickassist-platform-41193-41202/frontend_user_website/src/pages/SubmitRequestPage.js", "pattern": "/^              value={vehicle.year}$/", "language": "JavaScript", "kind": "field", "scope": "SubmitRequestPage.value", "scopeKind": "class"}], "hash": "21e8adcd405af5c621cc97acf347c0a5", "format-version": 4, "code-base-name": "frontend_user_website", "filename": "frontend_user_website/src/pages/SubmitRequestPage.js", "fields": [{"name": "rows={3}", "scope": "SubmitRequestPage.rows", "scopeKind": "class", "description": "unavailable"}, {"name": "rows={4}", "scope": "SubmitRequestPage.rows", "scopeKind": "class", "description": "unavailable"}, {"name": "value={address}", "scope": "SubmitRequestPage.value", "scopeKind": "class", "description": "unavailable"}, {"name": "value={contact.name}", "scope": "SubmitRequestPage.value", "scopeKind": "class", "description": "unavailable"}, {"name": "value={contact.phone}", "scope": "SubmitRequestPage.value", "scopeKind": "class", "description": "unavailable"}, {"name": "disabled={finding || busy}", "scope": "SubmitRequestPage.disabled", "scopeKind": "class", "description": "unavailable"}, {"name": "value={issueDescription}", "scope": "SubmitRequestPage.value", "scopeKind": "class", "description": "unavailable"}, {"name": "value={lat == null ? \"\" : formatCoord(lat)}", "scope": "SubmitRequestPage.value", "scopeKind": "class", "description": "unavailable"}, {"name": "value={lon == null ? \"\" : formatCoord(lon)}", "scope": "SubmitRequestPage.value", "scopeKind": "class", "description": "unavailable"}, {"name": "className={`textarea ${error && !address.trim() ? \"input-error\" : \"\"}`}", "scope": "SubmitRequestPage.className.textarea ${error && !address", "scopeKind": "class", "description": "unavailable"}, {"name": "className={`textarea ${error && !issueDescription.trim() ? \"input-error\" : \"\"}`}", "scope": "SubmitRequestPage.className.textarea ${error && !issueDescription", "scopeKind": "class", "description": "unavailable"}, {"name": "value={vehicle.make}", "scope": "SubmitRequestPage.value", "scopeKind": "class", "description": "unavailable"}, {"name": "value={vehicle.model}", "scope": "SubmitRequestPage.value", "scopeKind": "class", "description": "unavailable"}, {"name": "value={vehicle.plate}", "scope": "SubmitRequestPage.value", "scopeKind": "class", "description": "unavailable"}, {"name": "value={vehicle.year}", "scope": "SubmitRequestPage.value", "scopeKind": "class", "description": "unavailable"}]}