{"is_source_file": true, "format": "JavaScript (React JSX)", "description": "This file defines a React functional component 'Badge' that displays a styled badge element with different visual styles based on the 'kind' prop.", "external_files": ["react"], "external_methods": ["React"], "published": ["Badge"], "classes": [], "methods": [{"name": "getBadgeClass(kind)", "description": "Utility function that returns a CSS class string based on the badge 'kind' parameter.", "scope": "", "scopeKind": ""}, {"name": "Badge({ children, kind = \"info\", title })", "description": "React component that renders a styled span element with optional title and children elements, applying styles based on 'kind'.", "scope": "", "scopeKind": ""}], "calls": ["getBadgeClass"], "search-terms": ["Badge", "React", "component", "getBadgeClass", "ui", "style", "React JSX"], "state": 2, "file_id": 106, "knowledge_revision": 533, "git_revision": "9460f7d0c136032955309efdf7db8099b0ca36a0", "ctags": [{"_type": "tag", "name": "Badge", "path": "/home/kavia/workspace/code-generation/roadrescue-quickassist-platform-41193-41202/frontend_user_website/src/components/ui/Badge.js", "pattern": "/^export function Badge({ children, kind = \"info\", title }) {$/", "language": "JavaScript", "kind": "function", "signature": "({ children, kind = \"info\", title })"}, {"_type": "tag", "name": "getBadgeClass", "path": "/home/kavia/workspace/code-generation/roadrescue-quickassist-platform-41193-41202/frontend_user_website/src/components/ui/Badge.js", "pattern": "/^function getBadgeClass(kind) {$/", "language": "JavaScript", "kind": "function", "signature": "(kind)"}], "hash": "534588e390da0d0490d24cbd170a02e9", "format-version": 4, "code-base-name": "frontend_user_website", "filename": "frontend_user_website/src/components/ui/Badge.js", "revision_history": [{"533": "9460f7d0c136032955309efdf7db8099b0ca36a0"}]}