{"is_source_file": true, "format": "JavaScript (React JSX)", "description": "This is a React component defining the LoginPage for a web application, handling user login via email/password and Google OAuth", "external_files": ["../components/ui/Card", "../components/ui/Input", "../components/ui/Button", "../services/dataService", "react", "react-router-dom"], "external_methods": ["useNavigate", "dataService.login", "dataService.loginWithGoogle"], "published": ["LoginPage"], "classes": [], "methods": [{"name": "signInWithGoogle", "description": "Triggers Google OAuth login process using dataService"}, {"name": "LoginPage({ onAuthed, bootError = \"\" })", "scope": "", "scopeKind": "", "description": "unavailable"}], "calls": ["useNavigate()", "dataService.login(email.trim(), password)", "dataService.loginWithGoogle({ redirectTo: window.location.origin })", "onAuthed?.(u)", "navigate(\"/submit\")"], "search-terms": ["LoginPage", "React login component", "OAuth Google sign-in", "useNavigate", "dataService.login", "dataService.loginWithGoogle"], "state": 2, "file_id": 86, "knowledge_revision": 433, "git_revision": "fe63037cb13ed9778021272beaaedbedfeec96f2", "revision_history": [{"368": "15b5e00133c728e31f7cfdd11b3f578418e3e946"}, {"433": "fe63037cb13ed9778021272beaaedbedfeec96f2"}], "ctags": [{"_type": "tag", "name": "LoginPage", "path": "/home/kavia/workspace/code-generation/roadrescue-quickassist-platform-41193-41202/frontend_user_website/src/pages/LoginPage.js", "pattern": "/^export function LoginPage({ onAuthed, bootError = \"\" }) {$/", "language": "JavaScript", "kind": "function", "signature": "({ onAuthed, bootError = \"\" })"}, {"_type": "tag", "name": "oauthBusy", "path": "/home/kavia/workspace/code-generation/roadrescue-quickassist-platform-41193-41202/frontend_user_website/src/pages/LoginPage.js", "pattern": "/^            disabled={oauthBusy}$/", "language": "JavaScript", "kind": "field", "scope": "LoginPage.required", "scopeKind": "class"}, {"_type": "tag", "name": "password", "path": "/home/kavia/workspace/code-generation/roadrescue-quickassist-platform-41193-41202/frontend_user_website/src/pages/LoginPage.js", "pattern": "/^            value={password}$/", "language": "JavaScript", "kind": "field", "scope": "LoginPage.value", "scopeKind": "class"}], "hash": "a1c189a326fed18384238733fa340b3e", "format-version": 4, "code-base-name": "frontend_user_website", "filename": "frontend_user_website/src/pages/LoginPage.js", "fields": [{"name": "disabled={oauthBusy}", "scope": "LoginPage.required", "scopeKind": "class", "description": "unavailable"}, {"name": "value={password}", "scope": "LoginPage.value", "scopeKind": "class", "description": "unavailable"}]}