{"is_source_file": true, "file_id": 97, "git_revision": "", "state": 1, "description": "", "external_files": [], "external_methods": [], "published": [], "classes": [], "methods": [], "calls": [], "search-terms": [], "ctags": [{"_type": "tag", "name": "appConfig", "path": "/home/kavia/workspace/code-generation/roadrescue-quickassist-platform-41193-41202/frontend_user_website/src/config/appConfig.js", "pattern": "/^export const appConfig = {$/", "language": "JavaScript", "kind": "class"}, {"_type": "tag", "name": "isMockMode", "path": "/home/kavia/workspace/code-generation/roadrescue-quickassist-platform-41193-41202/frontend_user_website/src/config/appConfig.js", "pattern": "/^  isMockMode: parseBool(process.env.REACT_APP_USE_MOCKS),$/", "language": "JavaScript", "kind": "property", "scope": "appConfig", "scopeKind": "class"}, {"_type": "tag", "name": "mockModeLabel", "path": "/home/kavia/workspace/code-generation/roadrescue-quickassist-platform-41193-41202/frontend_user_website/src/config/appConfig.js", "pattern": "/^  mockModeLabel: process.env.REACT_APP_USE_MOCKS ? \"MOCK MODE\" : \"\",$/", "language": "JavaScript", "kind": "property", "scope": "appConfig", "scopeKind": "class"}, {"_type": "tag", "name": "parseBool", "path": "/home/kavia/workspace/code-generation/roadrescue-quickassist-platform-41193-41202/frontend_user_website/src/config/appConfig.js", "pattern": "/^function parseBool(v) {$/", "language": "JavaScript", "kind": "function", "signature": "(v)"}], "format": "JavaScript", "hash": "81523172fdf7bb32b69b4b448a1afbcf", "format-version": 4, "code-base-name": "frontend_user_website", "filename": "frontend_user_website/src/config/appConfig.js", "knowledge_revision": 417}