{"is_source_file": true, "format": "JavaScript (React JSX)", "description": "This file defines a React component for a 'How It Works' informational page, presenting a 4-step process flow with icons and descriptions.", "external_files": ["../components/ui/Card"], "external_methods": [], "published": ["HowItWorksPage"], "classes": [], "methods": [{"name": "HowItWorksPage()", "description": "React functional component returning a JSX layout for the 'How it works' page.", "scope": "", "scopeKind": ""}], "calls": ["React", "Card"], "search-terms": ["HowItWorksPage", "React", "Card", "Four-step flow", "UI", "Component", "JSX"], "state": 2, "file_id": 109, "knowledge_revision": 546, "git_revision": "e3932056a33468e189c82262e3518ef361ffdecb", "revision_history": [{"536": "9460f7d0c136032955309efdf7db8099b0ca36a0"}, {"546": "e3932056a33468e189c82262e3518ef361ffdecb"}], "ctags": [{"_type": "tag", "name": "HowItWorksPage", "path": "/home/kavia/workspace/code-generation/roadrescue-quickassist-platform-41193-41202/frontend_user_website/src/pages/HowItWorksPage.js", "pattern": "/^export function HowItWorksPage() {$/", "language": "JavaScript", "kind": "function", "signature": "()"}, {"_type": "tag", "name": "steps", "path": "/home/kavia/workspace/code-generation/roadrescue-quickassist-platform-41193-41202/frontend_user_website/src/pages/HowItWorksPage.js", "pattern": "/^const steps = [$/", "language": "JavaScript", "kind": "constant"}], "hash": "ac58495262dda63bf9db72823e268b96", "format-version": 4, "code-base-name": "frontend_user_website", "filename": "frontend_user_website/src/pages/HowItWorksPage.js"}