{"is_source_file": true, "format": "JavaScript", "description": "This file provides data service functionalities for both localStorage mock mode and Supabase backend integration. It includes user registration, login, request creation, status updates, and utility functions for localStorage management and external service interactions, specifically tailored for a vehicle roadside assistance platform.", "external_files": ["./statusUtils", "./supabaseClient"], "external_methods": ["normalizeStatus", "supabase", "isSupabaseConfigured as isSupabaseConfiguredClient"], "published": ["dataService"], "classes": [], "methods": [{"name": "register(email, password)", "description": "Registers a new user with email and password, either via Supabase auth or localStorage mock.", "scope": "dataService", "scopeKind": "class"}, {"name": "login(email, password)", "description": "Logs in a user with email and password, supports both Supabase and localStorage modes.", "scope": "dataService", "scopeKind": "class"}, {"name": "loginWithGoogle({ redirectTo } = {})", "description": "Initiates OAuth sign-in with Google through Supabase.", "scope": "dataService", "scopeKind": "class"}, {"name": "logout()", "description": "Logs out the current user, clears session in mock mode.", "scope": "dataService", "scopeKind": "class"}, {"name": "getCurrentUser()", "description": "Retrieves the current authenticated user, either via Supabase or localStorage.", "scope": "dataService", "scopeKind": "class"}, {"name": "subscribeToAuthChanges(onUserChanged)", "description": "Subscribes to authentication state changes; returns an unsubscribe function.", "scope": "dataService", "scopeKind": "class"}, {"name": "listRequests({ forUserId } = {})", "description": "Fetches list of all requests, optionally filtered by user ID, normalizes data for UI.", "scope": "dataService", "scopeKind": "class"}, {"name": "getRequestById(requestId)", "description": "Retrieves a specific request by its ID.", "scope": "dataService", "scopeKind": "class"}, {"name": "createRequest({ user, vehicle, issueDescription, contact, address, latitude, longitude, profiler } = {})", "description": "Creates a new service request, persists it in Supabase or localStorage based on configuration.", "scope": "dataService", "scopeKind": "class"}, {"name": "acceptRequestAtomic({ requestId, mechanicId })", "description": "Atomically accepts a request, transitioning it from 'open' to 'assigned'.", "scope": "dataService", "scopeKind": "class"}, {"name": "startRequestAtomic({ requestId, mechanicId })", "description": "Atomically updates a request from 'assigned' to 'in_progress'.", "scope": "dataService", "scopeKind": "class"}, {"name": "completeRequestAtomic({ requestId, mechanicId })", "description": "Atomically completes a request, updating status to 'completed'.", "scope": "dataService", "scopeKind": "class"}, {"name": "isSupabaseConfigured()", "description": "Checks whether Supabase configuration variables are set.", "scope": "", "scopeKind": ""}, {"name": "clearLocalSession()", "scope": "", "scopeKind": "", "description": "unavailable"}, {"name": "ensureSeedData()", "scope": "", "scopeKind": "", "description": "unavailable"}, {"name": "friendlySupabaseErrorMessage(err, fallback)", "scope": "", "scopeKind": "", "description": "unavailable"}, {"name": "getLocalRequests()", "scope": "", "scopeKind": "", "description": "unavailable"}, {"name": "getLocalSession()", "scope": "", "scopeKind": "", "description": "unavailable"}, {"name": "getLocalUsers()", "scope": "", "scopeKind": "", "description": "unavailable"}, {"name": "getSupabase()", "scope": "", "scopeKind": "", "description": "unavailable"}, {"name": "isMissingColumnError(err)", "scope": "", "scopeKind": "", "description": "unavailable"}, {"name": "readJson(key, fallback)", "scope": "", "scopeKind": "", "description": "unavailable"}, {"name": "setLocalRequests(reqs)", "scope": "", "scopeKind": "", "description": "unavailable"}, {"name": "setLocalSession(session)", "scope": "", "scopeKind": "", "description": "unavailable"}, {"name": "setLocalUsers(users)", "scope": "", "scopeKind": "", "description": "unavailable"}, {"name": "supaAtomicAcceptRequest(supa, { requestId, mechanicId, assignedAtIso })", "scope": "", "scopeKind": "", "description": "unavailable"}, {"name": "supaAtomicCompleteRequest(supa, { requestId, mechanicId, completedAtIso })", "scope": "", "scopeKind": "", "description": "unavailable"}, {"name": "supaAtomicStartRequest(supa, { requestId, mechanicId })", "scope": "", "scopeKind": "", "description": "unavailable"}, {"name": "supaGetUserRole(supa, userId, email)", "scope": "", "scopeKind": "", "description": "unavailable"}, {"name": "supaUserToAppUser(supaUser)", "scope": "", "scopeKind": "", "description": "unavailable"}, {"name": "uid(prefix = \"id\")", "scope": "", "scopeKind": "", "description": "unavailable"}, {"name": "writeJson(key, value)", "scope": "", "scopeKind": "", "description": "unavailable"}], "calls": ["supa.auth.signUp", "supa.auth.signInWithPassword", "supa.auth.signInWithOAuth", "supa.auth.signOut", "supa.auth.getUser", "supa.from", "supaGetUserRole", "supaAtomicAcceptRequest", "supaAtomicStartRequest", "supaAtomicCompleteRequest"], "search-terms": ["dataService", "localStorage mock", "supabase integration", "vehicle request", "status update", "user registration", "API", "auth", "atomic request workflow", "request creation"], "state": 2, "file_id": 73, "knowledge_revision": 405, "git_revision": "341cbb27a40d1b0c82ba7638561ac1764368f1c7", "revision_history": [{"352": "15b5e00133c728e31f7cfdd11b3f578418e3e946"}, {"384": "0ab7c8607a8f3e87f5d462faeb698639879485ab"}, {"393": "0ab7c8607a8f3e87f5d462faeb698639879485ab"}, {"405": "341cbb27a40d1b0c82ba7638561ac1764368f1c7"}], "ctags": [{"_type": "tag", "name": "LS_KEYS", "path": "/home/kavia/workspace/code-generation/roadrescue-quickassist-platform-41193-41202/frontend_user_website/src/services/dataService.js", "pattern": "/^const LS_KEYS = {$/", "language": "JavaScript", "kind": "class"}, {"_type": "tag", "name": "acceptRequestAtomic", "path": "/home/kavia/workspace/code-generation/roadrescue-quickassist-platform-41193-41202/frontend_user_website/src/services/dataService.js", "pattern": "/^  async acceptRequestAtomic({ requestId, mechanicId }) {$/", "language": "JavaScript", "kind": "method", "signature": "({ requestId, mechanicId })", "scope": "dataService", "scopeKind": "class"}, {"_type": "tag", "name": "address", "path": "/home/kavia/workspace/code-generation/roadrescue-quickassist-platform-41193-41202/frontend_user_website/src/services/dataService.js", "pattern": "/^        address: a,$/", "language": "JavaScript", "kind": "property", "scope": "dataService.createRequest.insertPayload", "scopeKind": "class"}, {"_type": "tag", "name": "address", "path": "/home/kavia/workspace/code-generation/roadrescue-quickassist-platform-41193-41202/frontend_user_website/src/services/dataService.js", "pattern": "/^      address: a,$/", "language": "JavaScript", "kind": "property", "scope": "dataService.createRequest.request", "scopeKind": "class"}, {"_type": "tag", "name": "assignedMechanicEmail", "path": "/home/kavia/workspace/code-generation/roadrescue-quickassist-platform-41193-41202/frontend_user_website/src/services/dataService.js", "pattern": "/^      assignedMechanicEmail: null,$/", "language": "JavaScript", "kind": "property", "scope": "dataService.createRequest.request", "scopeKind": "class"}, {"_type": "tag", "name": "assignedMechanicId", "path": "/home/kavia/workspace/code-generation/roadrescue-quickassist-platform-41193-41202/frontend_user_website/src/services/dataService.js", "pattern": "/^      assignedMechanicId: null,$/", "language": "JavaScript", "kind": "property", "scope": "dataService.createRequest.request", "scopeKind": "class"}, {"_type": "tag", "name": "assigned_mechanic_email", "path": "/home/kavia/workspace/code-generation/roadrescue-quickassist-platform-41193-41202/frontend_user_website/src/services/dataService.js", "pattern": "/^        assigned_mechanic_email: null,$/", "language": "JavaScript", "kind": "property", "scope": "dataService.createRequest.insertPayload", "scopeKind": "class"}, {"_type": "tag", "name": "assigned_mechanic_id", "path": "/home/kavia/workspace/code-generation/roadrescue-quickassist-platform-41193-41202/frontend_user_website/src/services/dataService.js", "pattern": "/^        assigned_mechanic_id: null,$/", "language": "JavaScript", "kind": "property", "scope": "dataService.createRequest.insertPayload", "scopeKind": "class"}, {"_type": "tag", "name": "clearLocalSession", "path": "/home/kavia/workspace/code-generation/roadrescue-quickassist-platform-41193-41202/frontend_user_website/src/services/dataService.js", "pattern": "/^function clearLocalSession() {$/", "language": "JavaScript", "kind": "function", "signature": "()"}, {"_type": "tag", "name": "completeRequestAtomic", "path": "/home/kavia/workspace/code-generation/roadrescue-quickassist-platform-41193-41202/frontend_user_website/src/services/dataService.js", "pattern": "/^  async completeRequestAtomic({ requestId, mechanicId }) {$/", "language": "JavaScript", "kind": "method", "signature": "({ requestId, mechanicId })", "scope": "dataService", "scopeKind": "class"}, {"_type": "tag", "name": "contact", "path": "/home/kavia/workspace/code-generation/roadrescue-quickassist-platform-41193-41202/frontend_user_website/src/services/dataService.js", "pattern": "/^        contact: safeContact,$/", "language": "JavaScript", "kind": "property", "scope": "dataService.createRequest.insertPayload", "scopeKind": "class"}, {"_type": "tag", "name": "contact", "path": "/home/kavia/workspace/code-generation/roadrescue-quickassist-platform-41193-41202/frontend_user_website/src/services/dataService.js", "pattern": "/^      contact: safeContact,$/", "language": "JavaScript", "kind": "property", "scope": "dataService.createRequest.request", "scopeKind": "class"}, {"_type": "tag", "name": "createRequest", "path": "/home/kavia/workspace/code-generation/roadrescue-quickassist-platform-41193-41202/frontend_user_website/src/services/dataService.js", "pattern": "/^  async createRequest({ user, vehicle, issueDescription, contact, address, latitude, longitude, /", "language": "JavaScript", "kind": "method", "signature": "({ user, vehicle, issueDescription, contact, address, latitude, longitude, profiler } = {})", "scope": "dataService", "scopeKind": "class"}, {"_type": "tag", "name": "createdAt", "path": "/home/kavia/workspace/code-generation/roadrescue-quickassist-platform-41193-41202/frontend_user_website/src/services/dataService.js", "pattern": "/^      createdAt: nowIso,$/", "language": "JavaScript", "kind": "property", "scope": "dataService.createRequest.request", "scopeKind": "class"}, {"_type": "tag", "name": "created_at", "path": "/home/kavia/workspace/code-generation/roadrescue-quickassist-platform-41193-41202/frontend_user_website/src/services/dataService.js", "pattern": "/^        created_at: nowIso,$/", "language": "JavaScript", "kind": "property", "scope": "dataService.createRequest.insertPayload", "scopeKind": "class"}, {"_type": "tag", "name": "dataService", "path": "/home/kavia/workspace/code-generation/roadrescue-quickassist-platform-41193-41202/frontend_user_website/src/services/dataService.js", "pattern": "/^export const dataService = {$/", "language": "JavaScript", "kind": "class"}, {"_type": "tag", "name": "email", "path": "/home/kavia/workspace/code-generation/roadrescue-quickassist-platform-41193-41202/frontend_user_website/src/services/dataService.js", "pattern": "/^    const user = { id: uid(\"u\"), email, password, role: \"user\", approved: true };$/", "language": "JavaScript", "kind": "field", "scope": "dataService.register.user", "scopeKind": "class"}, {"_type": "tag", "name": "ensureSeedData", "path": "/home/kavia/workspace/code-generation/roadrescue-quickassist-platform-41193-41202/frontend_user_website/src/services/dataService.js", "pattern": "/^function ensureSeedData() {$/", "language": "JavaScript", "kind": "function", "signature": "()"}, {"_type": "tag", "name": "fees", "path": "/home/kavia/workspace/code-generation/roadrescue-quickassist-platform-41193-41202/frontend_user_website/src/services/dataService.js", "pattern": "/^  fees: \"rrqa.fees\",$/", "language": "JavaScript", "kind": "property", "scope": "LS_KEYS", "scopeKind": "class"}, {"_type": "tag", "name": "friendlySupabaseErrorMessage", "path": "/home/kavia/workspace/code-generation/roadrescue-quickassist-platform-41193-41202/frontend_user_website/src/services/dataService.js", "pattern": "/^function friendlySupabaseErrorMessage(err, fallback) {$/", "language": "JavaScript", "kind": "function", "signature": "(err, fallback)"}, {"_type": "tag", "name": "getCurrentUser", "path": "/home/kavia/workspace/code-generation/roadrescue-quickassist-platform-41193-41202/frontend_user_website/src/services/dataService.js", "pattern": "/^  async getCurrentUser() {$/", "language": "JavaScript", "kind": "method", "signature": "()", "scope": "dataService", "scopeKind": "class"}, {"_type": "tag", "name": "getLocalRequests", "path": "/home/kavia/workspace/code-generation/roadrescue-quickassist-platform-41193-41202/frontend_user_website/src/services/dataService.js", "pattern": "/^function getLocalRequests() {$/", "language": "JavaScript", "kind": "function", "signature": "()"}, {"_type": "tag", "name": "getLocalSession", "path": "/home/kavia/workspace/code-generation/roadrescue-quickassist-platform-41193-41202/frontend_user_website/src/services/dataService.js", "pattern": "/^function getLocalSession() {$/", "language": "JavaScript", "kind": "function", "signature": "()"}, {"_type": "tag", "name": "getLocalUsers", "path": "/home/kavia/workspace/code-generation/roadrescue-quickassist-platform-41193-41202/frontend_user_website/src/services/dataService.js", "pattern": "/^function getLocalUsers() {$/", "language": "JavaScript", "kind": "function", "signature": "()"}, {"_type": "tag", "name": "getRequestById", "path": "/home/kavia/workspace/code-generation/roadrescue-quickassist-platform-41193-41202/frontend_user_website/src/services/dataService.js", "pattern": "/^  async getRequestById(requestId) {$/", "language": "JavaScript", "kind": "method", "signature": "(requestId)", "scope": "dataService", "scopeKind": "class"}, {"_type": "tag", "name": "getSupabase", "path": "/home/kavia/workspace/code-generation/roadrescue-quickassist-platform-41193-41202/frontend_user_website/src/services/dataService.js", "pattern": "/^function getSupabase() {$/", "language": "JavaScript", "kind": "function", "signature": "()"}, {"_type": "tag", "name": "id", "path": "/home/kavia/workspace/code-generation/roadrescue-quickassist-platform-41193-41202/frontend_user_website/src/services/dataService.js", "pattern": "/^      id: uid(\"req\"),$/", "language": "JavaScript", "kind": "property", "scope": "dataService.createRequest.request", "scopeKind": "class"}, {"_type": "tag", "name": "id", "path": "/home/kavia/workspace/code-generation/roadrescue-quickassist-platform-41193-41202/frontend_user_website/src/services/dataService.js", "pattern": "/^    const user = { id: uid(\"u\"), email, password, role: \"user\", approved: true };$/", "language": "JavaScript", "kind": "property", "scope": "dataService.register.user", "scopeKind": "class"}, {"_type": "tag", "name": "insertPayload", "path": "/home/kavia/workspace/code-generation/roadrescue-quickassist-platform-41193-41202/frontend_user_website/src/services/dataService.js", "pattern": "/^      const insertPayload = {$/", "language": "JavaScript", "kind": "class", "scope": "dataService.createRequest", "scopeKind": "class"}, {"_type": "tag", "name": "isMissingColumnError", "path": "/home/kavia/workspace/code-generation/roadrescue-quickassist-platform-41193-41202/frontend_user_website/src/services/dataService.js", "pattern": "/^function isMissingColumnError(err) {$/", "language": "JavaScript", "kind": "function", "signature": "(err)"}, {"_type": "tag", "name": "isSupabaseConfigured", "path": "/home/kavia/workspace/code-generation/roadrescue-quickassist-platform-41193-41202/frontend_user_website/src/services/dataService.js", "pattern": "/^  isSupabaseConfigured,$/", "language": "JavaScript", "kind": "field", "scope": "dataService", "scopeKind": "class"}, {"_type": "tag", "name": "isSupabaseConfigured", "path": "/home/kavia/workspace/code-generation/roadrescue-quickassist-platform-41193-41202/frontend_user_website/src/services/dataService.js", "pattern": "/^function isSupabaseConfigured() {$/", "language": "JavaScript", "kind": "function", "signature": "()"}, {"_type": "tag", "name": "issueDescription", "path": "/home/kavia/workspace/code-generation/roadrescue-quickassist-platform-41193-41202/frontend_user_website/src/services/dataService.js", "pattern": "/^      issueDescription: String(issueDescription),$/", "language": "JavaScript", "kind": "property", "scope": "dataService.createRequest.request", "scopeKind": "class"}, {"_type": "tag", "name": "issue_description", "path": "/home/kavia/workspace/code-generation/roadrescue-quickassist-platform-41193-41202/frontend_user_website/src/services/dataService.js", "pattern": "/^        issue_description: String(issueDescription),$/", "language": "JavaScript", "kind": "property", "scope": "dataService.createRequest.insertPayload", "scopeKind": "class"}, {"_type": "tag", "name": "latitude", "path": "/home/kavia/workspace/code-generation/roadrescue-quickassist-platform-41193-41202/frontend_user_website/src/services/dataService.js", "pattern": "/^        latitude: lat,$/", "language": "JavaScript", "kind": "property", "scope": "dataService.createRequest.insertPayload", "scopeKind": "class"}, {"_type": "tag", "name": "latitude", "path": "/home/kavia/workspace/code-generation/roadrescue-quickassist-platform-41193-41202/frontend_user_website/src/services/dataService.js", "pattern": "/^      latitude: lat,$/", "language": "JavaScript", "kind": "property", "scope": "dataService.createRequest.request", "scopeKind": "class"}, {"_type": "tag", "name": "listRequests", "path": "/home/kavia/workspace/code-generation/roadrescue-quickassist-platform-41193-41202/frontend_user_website/src/services/dataService.js", "pattern": "/^  async listRequests({ forUserId } = {}) {$/", "language": "JavaScript", "kind": "method", "signature": "({ forUserId } = {})", "scope": "dataService", "scopeKind": "class"}, {"_type": "tag", "name": "login", "path": "/home/kavia/workspace/code-generation/roadrescue-quickassist-platform-41193-41202/frontend_user_website/src/services/dataService.js", "pattern": "/^  async login(email, password) {$/", "language": "JavaScript", "kind": "method", "signature": "(email, password)", "scope": "dataService", "scopeKind": "class"}, {"_type": "tag", "name": "loginWithGoogle", "path": "/home/kavia/workspace/code-generation/roadrescue-quickassist-platform-41193-41202/frontend_user_website/src/services/dataService.js", "pattern": "/^  async loginWithGoogle({ redirectTo } = {}) {$/", "language": "JavaScript", "kind": "method", "signature": "({ redirectTo } = {})", "scope": "dataService", "scopeKind": "class"}, {"_type": "tag", "name": "logout", "path": "/home/kavia/workspace/code-generation/roadrescue-quickassist-platform-41193-41202/frontend_user_website/src/services/dataService.js", "pattern": "/^  async logout() {$/", "language": "JavaScript", "kind": "method", "signature": "()", "scope": "dataService", "scopeKind": "class"}, {"_type": "tag", "name": "longitude", "path": "/home/kavia/workspace/code-generation/roadrescue-quickassist-platform-41193-41202/frontend_user_website/src/services/dataService.js", "pattern": "/^        longitude: lng,$/", "language": "JavaScript", "kind": "property", "scope": "dataService.createRequest.insertPayload", "scopeKind": "class"}, {"_type": "tag", "name": "longitude", "path": "/home/kavia/workspace/code-generation/roadrescue-quickassist-platform-41193-41202/frontend_user_website/src/services/dataService.js", "pattern": "/^      longitude: lng,$/", "language": "JavaScript", "kind": "property", "scope": "dataService.createRequest.request", "scopeKind": "class"}, {"_type": "tag", "name": "make", "path": "/home/kavia/workspace/code-generation/roadrescue-quickassist-platform-41193-41202/frontend_user_website/src/services/dataService.js", "pattern": "/^        make: typeof vehicleObj.make === \"string\" ? vehicleObj.make : \"\",$/", "language": "JavaScript", "kind": "property", "scope": "dataService.createRequest.vehicleObj", "scopeKind": "class"}, {"_type": "tag", "name": "make", "path": "/home/kavia/workspace/code-generation/roadrescue-quickassist-platform-41193-41202/frontend_user_website/src/services/dataService.js", "pattern": "/^    const safeVehicle = { make, model }; \\/\\/ what the UI expects downstream$/", "language": "JavaScript", "kind": "field", "scope": "dataService.createRequest.safeVehicle", "scopeKind": "class"}, {"_type": "tag", "name": "model", "path": "/home/kavia/workspace/code-generation/roadrescue-quickassist-platform-41193-41202/frontend_user_website/src/services/dataService.js", "pattern": "/^        model: typeof vehicleObj.model === \"string\" ? vehicleObj.model : \"\",$/", "language": "JavaScript", "kind": "property", "scope": "dataService.createRequest.vehicleObj", "scopeKind": "class"}, {"_type": "tag", "name": "name", "path": "/home/kavia/workspace/code-generation/roadrescue-quickassist-platform-41193-41202/frontend_user_website/src/services/dataService.js", "pattern": "/^      name: String(contact?.name || \"\").trim(),$/", "language": "JavaScript", "kind": "property", "scope": "dataService.createRequest.safeContact", "scopeKind": "class"}, {"_type": "tag", "name": "notes", "path": "/home/kavia/workspace/code-generation/roadrescue-quickassist-platform-41193-41202/frontend_user_website/src/services/dataService.js", "pattern": "/^        notes: [],$/", "language": "JavaScript", "kind": "property", "scope": "dataService.createRequest.insertPayload", "scopeKind": "class"}, {"_type": "tag", "name": "notes", "path": "/home/kavia/workspace/code-generation/roadrescue-quickassist-platform-41193-41202/frontend_user_website/src/services/dataService.js", "pattern": "/^      notes: [],$/", "language": "JavaScript", "kind": "property", "scope": "dataService.createRequest.request", "scopeKind": "class"}, {"_type": "tag", "name": "phone", "path": "/home/kavia/workspace/code-generation/roadrescue-quickassist-platform-41193-41202/frontend_user_website/src/services/dataService.js", "pattern": "/^      phone: String(contact?.phone || \"\").trim(),$/", "language": "JavaScript", "kind": "property", "scope": "dataService.createRequest.safeContact", "scopeKind": "class"}, {"_type": "tag", "name": "readJson", "path": "/home/kavia/workspace/code-generation/roadrescue-quickassist-platform-41193-41202/frontend_user_website/src/services/dataService.js", "pattern": "/^function readJson(key, fallback) {$/", "language": "JavaScript", "kind": "function", "signature": "(key, fallback)"}, {"_type": "tag", "name": "register", "path": "/home/kavia/workspace/code-generation/roadrescue-quickassist-platform-41193-41202/frontend_user_website/src/services/dataService.js", "pattern": "/^  async register(email, password) {$/", "language": "JavaScript", "kind": "method", "signature": "(email, password)", "scope": "dataService", "scopeKind": "class"}, {"_type": "tag", "name": "request", "path": "/home/kavia/workspace/code-generation/roadrescue-quickassist-platform-41193-41202/frontend_user_website/src/services/dataService.js", "pattern": "/^    const request = {$/", "language": "JavaScript", "kind": "class", "scope": "dataService.createRequest", "scopeKind": "class"}, {"_type": "tag", "name": "requests", "path": "/home/kavia/workspace/code-generation/roadrescue-quickassist-platform-41193-41202/frontend_user_website/src/services/dataService.js", "pattern": "/^  requests: \"rrqa.requests\",$/", "language": "JavaScript", "kind": "property", "scope": "LS_KEYS", "scopeKind": "class"}, {"_type": "tag", "name": "safeContact", "path": "/home/kavia/workspace/code-generation/roadrescue-quickassist-platform-41193-41202/frontend_user_website/src/services/dataService.js", "pattern": "/^    const safeContact = {$/", "language": "JavaScript", "kind": "class", "scope": "dataService.createRequest", "scopeKind": "class"}, {"_type": "tag", "name": "seeded", "path": "/home/kavia/workspace/code-generation/roadrescue-quickassist-platform-41193-41202/frontend_user_website/src/services/dataService.js", "pattern": "/^  seeded: \"rrqa.seeded\",$/", "language": "JavaScript", "kind": "property", "scope": "LS_KEYS", "scopeKind": "class"}, {"_type": "tag", "name": "session", "path": "/home/kavia/workspace/code-generation/roadrescue-quickassist-platform-41193-41202/frontend_user_website/src/services/dataService.js", "pattern": "/^  session: \"rrqa.session\",$/", "language": "JavaScript", "kind": "property", "scope": "LS_KEYS", "scopeKind": "class"}, {"_type": "tag", "name": "setLocalRequests", "path": "/home/kavia/workspace/code-generation/roadrescue-quickassist-platform-41193-41202/frontend_user_website/src/services/dataService.js", "pattern": "/^function setLocalRequests(reqs) {$/", "language": "JavaScript", "kind": "function", "signature": "(reqs)"}, {"_type": "tag", "name": "setLocalSession", "path": "/home/kavia/workspace/code-generation/roadrescue-quickassist-platform-41193-41202/frontend_user_website/src/services/dataService.js", "pattern": "/^function setLocalSession(session) {$/", "language": "JavaScript", "kind": "function", "signature": "(session)"}, {"_type": "tag", "name": "setLocalUsers", "path": "/home/kavia/workspace/code-generation/roadrescue-quickassist-platform-41193-41202/frontend_user_website/src/services/dataService.js", "pattern": "/^function setLocalUsers(users) {$/", "language": "JavaScript", "kind": "function", "signature": "(users)"}, {"_type": "tag", "name": "startRequestAtomic", "path": "/home/kavia/workspace/code-generation/roadrescue-quickassist-platform-41193-41202/frontend_user_website/src/services/dataService.js", "pattern": "/^  async startRequestAtomic({ requestId, mechanicId }) {$/", "language": "JavaScript", "kind": "method", "signature": "({ requestId, mechanicId })", "scope": "dataService", "scopeKind": "class"}, {"_type": "tag", "name": "status", "path": "/home/kavia/workspace/code-generation/roadrescue-quickassist-platform-41193-41202/frontend_user_website/src/services/dataService.js", "pattern": "/^        status: \"open\",$/", "language": "JavaScript", "kind": "property", "scope": "dataService.createRequest.insertPayload", "scopeKind": "class"}, {"_type": "tag", "name": "status", "path": "/home/kavia/workspace/code-generation/roadrescue-quickassist-platform-41193-41202/frontend_user_website/src/services/dataService.js", "pattern": "/^      status: \"Submitted\",$/", "language": "JavaScript", "kind": "property", "scope": "dataService.createRequest.request", "scopeKind": "class"}, {"_type": "tag", "name": "subscribeToAuthChanges", "path": "/home/kavia/workspace/code-generation/roadrescue-quickassist-platform-41193-41202/frontend_user_website/src/services/dataService.js", "pattern": "/^  subscribeToAuthChanges(onUserChanged) {$/", "language": "JavaScript", "kind": "method", "signature": "(onUserChanged)", "scope": "dataService", "scopeKind": "class"}, {"_type": "tag", "name": "supaAtomicAcceptRequest", "path": "/home/kavia/workspace/code-generation/roadrescue-quickassist-platform-41193-41202/frontend_user_website/src/services/dataService.js", "pattern": "/^async function supaAtomicAcceptRequest(supa, { requestId, mechanicId, assignedAtIso }) {$/", "language": "JavaScript", "kind": "function", "signature": "(supa, { requestId, mechanicId, assignedAtIso })"}, {"_type": "tag", "name": "supaAtomicCompleteRequest", "path": "/home/kavia/workspace/code-generation/roadrescue-quickassist-platform-41193-41202/frontend_user_website/src/services/dataService.js", "pattern": "/^async function supaAtomicCompleteRequest(supa, { requestId, mechanicId, completedAtIso }) {$/", "language": "JavaScript", "kind": "function", "signature": "(supa, { requestId, mechanicId, completedAtIso })"}, {"_type": "tag", "name": "supaAtomicStartRequest", "path": "/home/kavia/workspace/code-generation/roadrescue-quickassist-platform-41193-41202/frontend_user_website/src/services/dataService.js", "pattern": "/^async function supaAtomicStartRequest(supa, { requestId, mechanicId }) {$/", "language": "JavaScript", "kind": "function", "signature": "(supa, { requestId, mechanicId })"}, {"_type": "tag", "name": "supaGetUserRole", "path": "/home/kavia/workspace/code-generation/roadrescue-quickassist-platform-41193-41202/frontend_user_website/src/services/dataService.js", "pattern": "/^async function supaGetUserRole(supa, userId, email) {$/", "language": "JavaScript", "kind": "function", "signature": "(supa, userId, email)"}, {"_type": "tag", "name": "supaUserToAppUser", "path": "/home/kavia/workspace/code-generation/roadrescue-quickassist-platform-41193-41202/frontend_user_website/src/services/dataService.js", "pattern": "/^async function supaUserToAppUser(supaUser) {$/", "language": "JavaScript", "kind": "function", "signature": "(supaUser)"}, {"_type": "tag", "name": "uid", "path": "/home/kavia/workspace/code-generation/roadrescue-quickassist-platform-41193-41202/frontend_user_website/src/services/dataService.js", "pattern": "/^function uid(prefix = \"id\") {$/", "language": "JavaScript", "kind": "function", "signature": "(prefix = \"id\")"}, {"_type": "tag", "name": "user", "path": "/home/kavia/workspace/code-generation/roadrescue-quickassist-platform-41193-41202/frontend_user_website/src/services/dataService.js", "pattern": "/^    const user = { id: uid(\"u\"), email, password, role: \"user\", approved: true };$/", "language": "JavaScript", "kind": "class", "scope": "dataService.register", "scopeKind": "class"}, {"_type": "tag", "name": "userEmail", "path": "/home/kavia/workspace/code-generation/roadrescue-quickassist-platform-41193-41202/frontend_user_website/src/services/dataService.js", "pattern": "/^      userEmail: user.email,$/", "language": "JavaScript", "kind": "property", "scope": "dataService.createRequest.request", "scopeKind": "class"}, {"_type": "tag", "name": "userId", "path": "/home/kavia/workspace/code-generation/roadrescue-quickassist-platform-41193-41202/frontend_user_website/src/services/dataService.js", "pattern": "/^      userId: user.id,$/", "language": "JavaScript", "kind": "property", "scope": "dataService.createRequest.request", "scopeKind": "class"}, {"_type": "tag", "name": "user_email", "path": "/home/kavia/workspace/code-generation/roadrescue-quickassist-platform-41193-41202/frontend_user_website/src/services/dataService.js", "pattern": "/^        user_email: user.email,$/", "language": "JavaScript", "kind": "property", "scope": "dataService.createRequest.insertPayload", "scopeKind": "class"}, {"_type": "tag", "name": "user_id", "path": "/home/kavia/workspace/code-generation/roadrescue-quickassist-platform-41193-41202/frontend_user_website/src/services/dataService.js", "pattern": "/^        user_id: user.id,$/", "language": "JavaScript", "kind": "property", "scope": "dataService.createRequest.insertPayload", "scopeKind": "class"}, {"_type": "tag", "name": "users", "path": "/home/kavia/workspace/code-generation/roadrescue-quickassist-platform-41193-41202/frontend_user_website/src/services/dataService.js", "pattern": "/^  users: \"rrqa.users\",$/", "language": "JavaScript", "kind": "property", "scope": "LS_KEYS", "scopeKind": "class"}, {"_type": "tag", "name": "vehicle", "path": "/home/kavia/workspace/code-generation/roadrescue-quickassist-platform-41193-41202/frontend_user_website/src/services/dataService.js", "pattern": "/^        vehicle: safeVehicle,$/", "language": "JavaScript", "kind": "property", "scope": "dataService.createRequest.insertPayload", "scopeKind": "class"}, {"_type": "tag", "name": "vehicle", "path": "/home/kavia/workspace/code-generation/roadrescue-quickassist-platform-41193-41202/frontend_user_website/src/services/dataService.js", "pattern": "/^      vehicle: safeVehicle,$/", "language": "JavaScript", "kind": "property", "scope": "dataService.createRequest.request", "scopeKind": "class"}, {"_type": "tag", "name": "vehicleObj", "path": "/home/kavia/workspace/code-generation/roadrescue-quickassist-platform-41193-41202/frontend_user_website/src/services/dataService.js", "pattern": "/^      vehicleObj = {$/", "language": "JavaScript", "kind": "class", "scope": "dataService.createRequest", "scopeKind": "class"}, {"_type": "tag", "name": "vehicle_make", "path": "/home/kavia/workspace/code-generation/roadrescue-quickassist-platform-41193-41202/frontend_user_website/src/services/dataService.js", "pattern": "/^        vehicle_make: make || null,$/", "language": "JavaScript", "kind": "property", "scope": "dataService.createRequest.insertPayload", "scopeKind": "class"}, {"_type": "tag", "name": "vehicle_model", "path": "/home/kavia/workspace/code-generation/roadrescue-quickassist-platform-41193-41202/frontend_user_website/src/services/dataService.js", "pattern": "/^        vehicle_model: model || null,$/", "language": "JavaScript", "kind": "property", "scope": "dataService.createRequest.insertPayload", "scopeKind": "class"}, {"_type": "tag", "name": "vehicle_plate", "path": "/home/kavia/workspace/code-generation/roadrescue-quickassist-platform-41193-41202/frontend_user_website/src/services/dataService.js", "pattern": "/^        vehicle_plate: plate || null,$/", "language": "JavaScript", "kind": "property", "scope": "dataService.createRequest.insertPayload", "scopeKind": "class"}, {"_type": "tag", "name": "vehicle_year", "path": "/home/kavia/workspace/code-generation/roadrescue-quickassist-platform-41193-41202/frontend_user_website/src/services/dataService.js", "pattern": "/^        vehicle_year: Number.isFinite(yearInt) ? yearInt : null,$/", "language": "JavaScript", "kind": "property", "scope": "dataService.createRequest.insertPayload", "scopeKind": "class"}, {"_type": "tag", "name": "writeJson", "path": "/home/kavia/workspace/code-generation/roadrescue-quickassist-platform-41193-41202/frontend_user_website/src/services/dataService.js", "pattern": "/^function writeJson(key, value) {$/", "language": "JavaScript", "kind": "function", "signature": "(key, value)"}], "hash": "94e73bd8ef8616ba1f73d80ce450e79d", "format-version": 4, "code-base-name": "frontend_user_website", "filename": "frontend_user_website/src/services/dataService.js", "fields": [{"name": "address: a,", "scope": "dataService.createRequest.insertPayload", "scopeKind": "class", "description": "unavailable"}, {"name": "assignedMechanicEmail: null,", "scope": "dataService.createRequest.request", "scopeKind": "class", "description": "unavailable"}, {"name": "assignedMechanicId: null,", "scope": "dataService.createRequest.request", "scopeKind": "class", "description": "unavailable"}, {"name": "assigned_mechanic_email: null,", "scope": "dataService.createRequest.insertPayload", "scopeKind": "class", "description": "unavailable"}, {"name": "assigned_mechanic_id: null,", "scope": "dataService.createRequest.insertPayload", "scopeKind": "class", "description": "unavailable"}, {"name": "contact: safeContact,", "scope": "dataService.createRequest.insertPayload", "scopeKind": "class", "description": "unavailable"}, {"name": "createdAt: nowIso,", "scope": "dataService.createRequest.request", "scopeKind": "class", "description": "unavailable"}, {"name": "created_at: nowIso,", "scope": "dataService.createRequest.insertPayload", "scopeKind": "class", "description": "unavailable"}, {"name": "const user = { id: uid(\"u\"), email, password, role: \"user\", approved: true };", "scope": "dataService.register.user", "scopeKind": "class", "description": "unavailable"}, {"name": "fees: \"rrqa.fees\",", "scope": "LS_KEYS", "scopeKind": "class", "description": "unavailable"}, {"name": "id: uid(\"req\"),", "scope": "dataService.createRequest.request", "scopeKind": "class", "description": "unavailable"}, {"name": "isSupabaseConfigured,", "scope": "dataService", "scopeKind": "class", "description": "unavailable"}, {"name": "issueDescription: String(issueDescription),", "scope": "dataService.createRequest.request", "scopeKind": "class", "description": "unavailable"}, {"name": "issue_description: String(issueDescription),", "scope": "dataService.createRequest.insertPayload", "scopeKind": "class", "description": "unavailable"}, {"name": "latitude: lat,", "scope": "dataService.createRequest.insertPayload", "scopeKind": "class", "description": "unavailable"}, {"name": "longitude: lng,", "scope": "dataService.createRequest.insertPayload", "scopeKind": "class", "description": "unavailable"}, {"name": "make: typeof vehicleObj.make === \"string\" ? vehicleObj.make : \"\",", "scope": "dataService.createRequest.vehicleObj", "scopeKind": "class", "description": "unavailable"}, {"name": "const safeVehicle = { make, model }; \\/\\/ what the UI expects downstream", "scope": "dataService.createRequest.safeVehicle", "scopeKind": "class", "description": "unavailable"}, {"name": "model: typeof vehicleObj.model === \"string\" ? vehicleObj.model : \"\",", "scope": "dataService.createRequest.vehicleObj", "scopeKind": "class", "description": "unavailable"}, {"name": "name: String(contact?.name || \"\").trim(),", "scope": "dataService.createRequest.safeContact", "scopeKind": "class", "description": "unavailable"}, {"name": "notes: [],", "scope": "dataService.createRequest.insertPayload", "scopeKind": "class", "description": "unavailable"}, {"name": "phone: String(contact?.phone || \"\").trim(),", "scope": "dataService.createRequest.safeContact", "scopeKind": "class", "description": "unavailable"}, {"name": "requests: \"rrqa.requests\",", "scope": "LS_KEYS", "scopeKind": "class", "description": "unavailable"}, {"name": "seeded: \"rrqa.seeded\",", "scope": "LS_KEYS", "scopeKind": "class", "description": "unavailable"}, {"name": "session: \"rrqa.session\",", "scope": "LS_KEYS", "scopeKind": "class", "description": "unavailable"}, {"name": "status: \"open\",", "scope": "dataService.createRequest.insertPayload", "scopeKind": "class", "description": "unavailable"}, {"name": "status: \"Submitted\",", "scope": "dataService.createRequest.request", "scopeKind": "class", "description": "unavailable"}, {"name": "userEmail: user.email,", "scope": "dataService.createRequest.request", "scopeKind": "class", "description": "unavailable"}, {"name": "userId: user.id,", "scope": "dataService.createRequest.request", "scopeKind": "class", "description": "unavailable"}, {"name": "user_email: user.email,", "scope": "dataService.createRequest.insertPayload", "scopeKind": "class", "description": "unavailable"}, {"name": "user_id: user.id,", "scope": "dataService.createRequest.insertPayload", "scopeKind": "class", "description": "unavailable"}, {"name": "users: \"rrqa.users\",", "scope": "LS_KEYS", "scopeKind": "class", "description": "unavailable"}, {"name": "vehicle: safeVehicle,", "scope": "dataService.createRequest.insertPayload", "scopeKind": "class", "description": "unavailable"}, {"name": "vehicle_make: make || null,", "scope": "dataService.createRequest.insertPayload", "scopeKind": "class", "description": "unavailable"}, {"name": "vehicle_model: model || null,", "scope": "dataService.createRequest.insertPayload", "scopeKind": "class", "description": "unavailable"}, {"name": "vehicle_plate: plate || null,", "scope": "dataService.createRequest.insertPayload", "scopeKind": "class", "description": "unavailable"}, {"name": "vehicle_year: Number.isFinite(yearInt) ? yearInt : null,", "scope": "dataService.createRequest.insertPayload", "scopeKind": "class", "description": "unavailable"}]}