{"is_source_file": false, "format": "", "description": "", "external_files": [], "external_methods": [], "published": [], "classes": [], "methods": [], "calls": [], "search-terms": [], "state": 2, "file_id": 69, "knowledge_revision": 574, "git_revision": "544c6a9c5f8417983aeccd078d78989cbda23136", "revision_history": [{"375": "d7094c8bb3d5eeb9c23cb2ddab9b21d37ee8dfc5"}, {"450": "f4f353c6c2a7e959dc97c16c3a142856210321dc"}, {"491": "aa7b96cf8e27c0882bd83c9d4ee4055036daa406"}, {"529": "9460f7d0c136032955309efdf7db8099b0ca36a0"}, {"551": "e3932056a33468e189c82262e3518ef361ffdecb"}, {"562": "e3932056a33468e189c82262e3518ef361ffdecb"}, {"563": "a5fda051fbb5eb3f2a7b70f23adb6caa69702118"}, {"569": "fd6e4120680b0f4ef05fd305c785af6eeba34339"}, {"571": "fd6e4120680b0f4ef05fd305c785af6eeba34339"}, {"574": "544c6a9c5f8417983aeccd078d78989cbda23136"}], "hash": "d0107627ede3d8a05aa57519f8a7be85", "format-version": 4, "code-base-name": "frontend_user_website", "filename": "frontend_user_website/src/App.css"}