{"is_source_file": true, "format": "JavaScript", "description": "This file defines a React component called Navbar which implements a responsive, role-based navigation bar for a web application. It includes logic for displaying different links depending on authentication state and user role, as well as handling navigation and logout functionality.", "external_files": ["../ui/Button", "../../context/AuthContext", "react", "react-router-dom"], "external_methods": ["useAuth", "useNavigate", "Link", "NavLink", "useState", "useMemo"], "published": ["Navbar"], "classes": [], "methods": [{"name": "navLinkClass({ isActive })", "description": "Determines CSS class for navigation link based on whether it is active.", "scope": "", "scopeKind": ""}, {"name": "onLogout", "description": "Handles user logout by calling the logout function, closing the menu, and navigating to home."}, {"name": "Navbar()", "scope": "", "scopeKind": "", "description": "unavailable"}], "calls": ["useNavigate()", "useAuth()", "useState()", "useMemo()", "logout()", "navigate()", "setOpen()"], "search-terms": ["React Navbar component", "role-based links", "authentication links", "mobile menu toggle", "logout handling", "react-router-dom navigation"], "state": 2, "file_id": 78, "knowledge_revision": 554, "git_revision": "d2f7cd26a55e78651fb2479bac9182162217b451", "revision_history": [{"361": "0c3d79b311925402e0dd354a955e3011ebb3a8e0"}, {"518": "9460f7d0c136032955309efdf7db8099b0ca36a0"}, {"541": "e3932056a33468e189c82262e3518ef361ffdecb"}, {"553": "e3932056a33468e189c82262e3518ef361ffdecb"}, {"554": "d2f7cd26a55e78651fb2479bac9182162217b451"}], "ctags": [{"_type": "tag", "name": "Navbar", "path": "/home/kavia/workspace/code-generation/roadrescue-quickassist-platform-41193-41202/frontend_user_website/src/components/layout/Navbar.js", "pattern": "/^export function Navbar() {$/", "language": "JavaScript", "kind": "function", "signature": "()"}, {"_type": "tag", "name": "navLinkClass", "path": "/home/kavia/workspace/code-generation/roadrescue-quickassist-platform-41193-41202/frontend_user_website/src/components/layout/Navbar.js", "pattern": "/^function navLinkClass({ isActive }) {$/", "language": "JavaScript", "kind": "function", "signature": "({ isActive })"}, {"_type": "tag", "name": "open", "path": "/home/kavia/workspace/code-generation/roadrescue-quickassist-platform-41193-41202/frontend_user_website/src/components/layout/Navbar.js", "pattern": "/^            aria-expanded={open ? \"true\" : \"false\"}$/", "language": "JavaScript", "kind": "field", "scope": "aria", "scopeKind": "class"}, {"_type": "tag", "name": "open", "path": "/home/kavia/workspace/code-generation/roadrescue-quickassist-platform-41193-41202/frontend_user_website/src/components/layout/Navbar.js", "pattern": "/^            aria-label={open ? \"Close menu\" : \"Open menu\"}$/", "language": "JavaScript", "kind": "field", "scope": "aria", "scopeKind": "class"}], "hash": "294f6956eb622ae9b186b4a86f506a4d", "format-version": 4, "code-base-name": "frontend_user_website", "filename": "frontend_user_website/src/components/layout/Navbar.js", "fields": [{"name": "aria-expanded={open ? \"true\" : \"false\"}", "scope": "aria", "scopeKind": "class", "description": "unavailable"}, {"name": "aria-label={open ? \"Close menu\" : \"Open menu\"}", "scope": "aria", "scopeKind": "class", "description": "unavailable"}]}