{"is_source_file": true, "format": "JavaScript (React JSX)", "description": "This file defines a React component called RequireAuth that serves as a route guard, redirecting unauthenticated users to the login page.", "external_files": ["react", "react-router-dom"], "external_methods": ["useLocation", "Navigate"], "published": ["RequireAuth"], "classes": [], "methods": [{"name": "RequireAuth({ user, children })", "description": "React functional component that renders children if user is authenticated, otherwise redirects to login.", "scope": "", "scopeKind": ""}], "calls": ["useLocation()", "Navigate"], "search-terms": ["RequireAuth", "auth", "route guard", "react-router-dom", "authentication", "redirect"], "state": 2, "file_id": 85, "knowledge_revision": 461, "git_revision": "aa7b96cf8e27c0882bd83c9d4ee4055036daa406", "revision_history": [{"364": "d7094c8bb3d5eeb9c23cb2ddab9b21d37ee8dfc5"}, {"453": "aa7b96cf8e27c0882bd83c9d4ee4055036daa406"}, {"461": "aa7b96cf8e27c0882bd83c9d4ee4055036daa406"}], "ctags": [{"_type": "tag", "name": "RequireAuth", "path": "/home/kavia/workspace/code-generation/roadrescue-quickassist-platform-41193-41202/frontend_user_website/src/routes/RequireAuth.js", "pattern": "/^export function RequireAuth({ user, children }) {$/", "language": "JavaScript", "kind": "function", "signature": "({ user, children })"}], "hash": "4fbf475928fd5d490231bb76e249d982", "format-version": 4, "code-base-name": "frontend_user_website", "filename": "frontend_user_website/src/routes/RequireAuth.js"}