{"is_source_file": true, "format": "JavaScript", "description": "This file defines a React hook 'useUserRequests' that manages user request data stored in localStorage, including functions to add requests, update status, and clear all requests.", "external_files": [], "external_methods": ["useCallback", "useEffect", "useMemo", "useState"], "published": ["useUserRequests"], "classes": [], "methods": [{"name": "safeReadRequests()", "description": "Reads and parses user requests from localStorage, returning an array.", "scope": "", "scopeKind": ""}, {"name": "safeWriteRequests(list)", "description": "Serializes and writes the requests array to localStorage.", "scope": "", "scopeKind": ""}, {"name": "makeId()", "description": "Generates a human-friendly unique identifier for a request.", "scope": "", "scopeKind": ""}, {"name": "normalizeStatus(status)", "description": "Normalizes input status string to a consistent format ('Accepted', 'Completed', 'Pending').", "scope": "", "scopeKind": ""}, {"name": "useUserRequests()", "description": "Custom React hook that manages user request state, provides methods to add requests, update their status, and clear all.", "scope": "", "scopeKind": ""}], "calls": ["window.localStorage.getItem", "window.localStorage.setItem", "JSON.parse", "JSON.stringify", "Date.now", "Math.random", "setRequests"], "search-terms": ["useUserRequests", "localStorage", "request management", "React hook", "vehicle request"], "state": 2, "file_id": 105, "knowledge_revision": 532, "git_revision": "9460f7d0c136032955309efdf7db8099b0ca36a0", "ctags": [{"_type": "tag", "name": "REQUESTS_KEY", "path": "/home/kavia/workspace/code-generation/roadrescue-quickassist-platform-41193-41202/frontend_user_website/src/hooks/useUserRequests.js", "pattern": "/^const REQUESTS_KEY = \"rrq_user_requests\";$/", "language": "JavaScript", "kind": "constant"}, {"_type": "tag", "name": "makeId", "path": "/home/kavia/workspace/code-generation/roadrescue-quickassist-platform-41193-41202/frontend_user_website/src/hooks/useUserRequests.js", "pattern": "/^function makeId() {$/", "language": "JavaScript", "kind": "function", "signature": "()"}, {"_type": "tag", "name": "normalizeStatus", "path": "/home/kavia/workspace/code-generation/roadrescue-quickassist-platform-41193-41202/frontend_user_website/src/hooks/useUserRequests.js", "pattern": "/^function normalizeStatus(status) {$/", "language": "JavaScript", "kind": "function", "signature": "(status)"}, {"_type": "tag", "name": "safeReadRequests", "path": "/home/kavia/workspace/code-generation/roadrescue-quickassist-platform-41193-41202/frontend_user_website/src/hooks/useUserRequests.js", "pattern": "/^function safeReadRequests() {$/", "language": "JavaScript", "kind": "function", "signature": "()"}, {"_type": "tag", "name": "safeWriteRequests", "path": "/home/kavia/workspace/code-generation/roadrescue-quickassist-platform-41193-41202/frontend_user_website/src/hooks/useUserRequests.js", "pattern": "/^function safeWriteRequests(list) {$/", "language": "JavaScript", "kind": "function", "signature": "(list)"}, {"_type": "tag", "name": "useUserRequests", "path": "/home/kavia/workspace/code-generation/roadrescue-quickassist-platform-41193-41202/frontend_user_website/src/hooks/useUserRequests.js", "pattern": "/^export function useUserRequests() {$/", "language": "JavaScript", "kind": "function", "signature": "()"}], "hash": "c1ea4840b89eb54f882930e897265560", "format-version": 4, "code-base-name": "frontend_user_website", "filename": "frontend_user_website/src/hooks/useUserRequests.js", "revision_history": [{"532": "9460f7d0c136032955309efdf7db8099b0ca36a0"}]}