{"is_source_file": true, "format": "JavaScript", "description": "React component for rendering a location map with Leaflet and react-leaflet, including icon setup and a LocationMap functional component that displays a map centered on provided latitude and longitude, with an optional address label.", "external_files": ["react", "react-leaflet", "leaflet", "leaflet/dist/images/marker-icon-2x.png", "leaflet/dist/images/marker-icon.png", "leaflet/dist/images/marker-shadow.png"], "external_methods": ["L.Icon.Default.mergeOptions", "L.Icon.Default.prototype._getIconUrl", "L.Icon.Default.mergeOptions"], "published": ["LocationMap"], "classes": [], "methods": [{"name": "clampLat(lat)", "description": "Clamps latitude to the range [-90, 90], returns null if input is invalid.", "scope": "", "scopeKind": ""}, {"name": "clampLon(lon)", "description": "Normalizes longitude to the range [-180, 180], returns null if input is invalid.", "scope": "", "scopeKind": ""}, {"name": "LocationMap({ lat, lon, address = \"\", height = 300 })", "scope": "", "scopeKind": "", "description": "unavailable"}, {"name": "delete L.Icon.Default.prototype._getIconUrl; _getIconUrl", "scope": "delete.Icon.Default", "scopeKind": "class", "description": "unavailable"}], "calls": ["React.useMemo", "React.useState", "React.useEffect", "window.setTimeout", "window.clearTimeout"], "search-terms": ["LocationMap React component", "react-leaflet map", "leaflet icon path fix", "Chennai center coordinates", "map marker icon setup"], "state": 2, "file_id": 103, "knowledge_revision": 478, "git_revision": "8b4d24fafbfedd6f4dc2cb39cdee70064c415bba", "revision_history": [{"473": "4df64072ecff4147ced1d3bd08d6f9db6d098f5b"}, {"475": "4df64072ecff4147ced1d3bd08d6f9db6d098f5b"}, {"477": "8a3ba84987e3e9fb63948630fc35f44224568d3a"}, {"478": "8b4d24fafbfedd6f4dc2cb39cdee70064c415bba"}], "ctags": [{"_type": "tag", "name": "15", "path": "/home/kavia/workspace/code-generation/roadrescue-quickassist-platform-41193-41202/frontend_user_website/src/components/LocationMap.jsx", "pattern": "/^          zoom={15}$/", "language": "JavaScript", "kind": "field", "scope": "LocationMap.zoom", "scopeKind": "class"}, {"_type": "tag", "name": "CHENNAI_CENTER", "path": "/home/kavia/workspace/code-generation/roadrescue-quickassist-platform-41193-41202/frontend_user_website/src/components/LocationMap.jsx", "pattern": "/^const CHENNAI_CENTER = { lat: 13.0827, lon: 80.2707 };$/", "language": "JavaScript", "kind": "class"}, {"_type": "tag", "name": "Default", "path": "/home/kavia/workspace/code-generation/roadrescue-quickassist-platform-41193-41202/frontend_user_website/src/components/LocationMap.jsx", "pattern": "/^delete L.Icon.Default.prototype._getIconUrl;$/", "language": "JavaScript", "kind": "class", "scope": "delete.Icon", "scopeKind": "class"}, {"_type": "tag", "name": "LocationMap", "path": "/home/kavia/workspace/code-generation/roadrescue-quickassist-platform-41193-41202/frontend_user_website/src/components/LocationMap.jsx", "pattern": "/^export function LocationMap({ lat, lon, address = \"\", height = 300 }) {$/", "language": "JavaScript", "kind": "function", "signature": "({ lat, lon, address = \"\", height = 300 })"}, {"_type": "tag", "name": "_getIconUrl", "path": "/home/kavia/workspace/code-generation/roadrescue-quickassist-platform-41193-41202/frontend_user_website/src/components/LocationMap.jsx", "pattern": "/^delete L.Icon.Default.prototype._getIconUrl;$/", "language": "JavaScript", "kind": "method", "scope": "delete.Icon.Default", "scopeKind": "class"}, {"_type": "tag", "name": "center", "path": "/home/kavia/workspace/code-generation/roadrescue-quickassist-platform-41193-41202/frontend_user_website/src/components/LocationMap.jsx", "pattern": "/^          center={center || [CHENNAI_CENTER.lat, CHENNAI_CENTER.lon]}$/", "language": "JavaScript", "kind": "field", "scope": "LocationMap.center", "scopeKind": "class"}, {"_type": "tag", "name": "clampLat", "path": "/home/kavia/workspace/code-generation/roadrescue-quickassist-platform-41193-41202/frontend_user_website/src/components/LocationMap.jsx", "pattern": "/^function clampLat(lat) {$/", "language": "JavaScript", "kind": "function", "signature": "(lat)"}, {"_type": "tag", "name": "clampLon", "path": "/home/kavia/workspace/code-generation/roadrescue-quickassist-platform-41193-41202/frontend_user_website/src/components/LocationMap.jsx", "pattern": "/^function clampLon(lon) {$/", "language": "JavaScript", "kind": "function", "signature": "(lon)"}, {"_type": "tag", "name": "lat", "path": "/home/kavia/workspace/code-generation/roadrescue-quickassist-platform-41193-41202/frontend_user_website/src/components/LocationMap.jsx", "pattern": "/^const CHENNAI_CENTER = { lat: 13.0827, lon: 80.2707 };$/", "language": "JavaScript", "kind": "property", "scope": "CHENNAI_CENTER", "scopeKind": "class"}, {"_type": "tag", "name": "lon", "path": "/home/kavia/workspace/code-generation/roadrescue-quickassist-platform-41193-41202/frontend_user_website/src/components/LocationMap.jsx", "pattern": "/^const CHENNAI_CENTER = { lat: 13.0827, lon: 80.2707 };$/", "language": "JavaScript", "kind": "property", "scope": "CHENNAI_CENTER", "scopeKind": "class"}, {"_type": "tag", "name": "lon}", "path": "/home/kavia/workspace/code-generation/roadrescue-quickassist-platform-41193-41202/frontend_user_website/src/components/LocationMap.jsx", "pattern": "/^          key={`${safe.lat},${safe.lon}`}$/", "language": "JavaScript", "kind": "field", "scope": "LocationMap.key.${safe.lat},${safe", "scopeKind": "class"}, {"_type": "tag", "name": "setMap", "path": "/home/kavia/workspace/code-generation/roadrescue-quickassist-platform-41193-41202/frontend_user_website/src/components/LocationMap.jsx", "pattern": "/^          whenCreated={setMap}$/", "language": "JavaScript", "kind": "field", "scope": "whenCreated", "scopeKind": "class"}, {"_type": "tag", "name": "true", "path": "/home/kavia/workspace/code-generation/roadrescue-quickassist-platform-41193-41202/frontend_user_website/src/components/LocationMap.jsx", "pattern": "/^          doubleClickZoom={true}$/", "language": "JavaScript", "kind": "field", "scope": "doubleClickZoom", "scopeKind": "class"}, {"_type": "tag", "name": "true", "path": "/home/kavia/workspace/code-generation/roadrescue-quickassist-platform-41193-41202/frontend_user_website/src/components/LocationMap.jsx", "pattern": "/^          dragging={true}$/", "language": "JavaScript", "kind": "field", "scope": "dragging", "scopeKind": "class"}, {"_type": "tag", "name": "true", "path": "/home/kavia/workspace/code-generation/roadrescue-quickassist-platform-41193-41202/frontend_user_website/src/components/LocationMap.jsx", "pattern": "/^          scrollWheelZoom={true}$/", "language": "JavaScript", "kind": "field", "scope": "scrollWheelZoom", "scopeKind": "class"}, {"_type": "tag", "name": "true", "path": "/home/kavia/workspace/code-generation/roadrescue-quickassist-platform-41193-41202/frontend_user_website/src/components/LocationMap.jsx", "pattern": "/^          touchZoom={true}$/", "language": "JavaScript", "kind": "field", "scope": "touchZoom", "scopeKind": "class"}, {"_type": "tag", "name": "true", "path": "/home/kavia/workspace/code-generation/roadrescue-quickassist-platform-41193-41202/frontend_user_website/src/components/LocationMap.jsx", "pattern": "/^          zoomControl={true}$/", "language": "JavaScript", "kind": "field", "scope": "zoomControl", "scopeKind": "class"}], "hash": "d8c8d85bd786493b6143c5eb06fc4c7a", "format-version": 4, "code-base-name": "frontend_user_website", "filename": "frontend_user_website/src/components/LocationMap.jsx", "fields": [{"name": "zoom={15}", "scope": "LocationMap.zoom", "scopeKind": "class", "description": "unavailable"}, {"name": "center={center || [CHENNAI_CENTER.lat, CHENNAI_CENTER.lon]}", "scope": "LocationMap.center", "scopeKind": "class", "description": "unavailable"}, {"name": "const CHENNAI_CENTER = { lat: 13.0827, lon: 80.2707 };", "scope": "CHENNAI_CENTER", "scopeKind": "class", "description": "unavailable"}, {"name": "key={`${safe.lat},${safe.lon}`}", "scope": "LocationMap.key.${safe.lat},${safe", "scopeKind": "class", "description": "unavailable"}, {"name": "whenCreated={setMap}", "scope": "whenCreated", "scopeKind": "class", "description": "unavailable"}, {"name": "doubleClickZoom={true}", "scope": "doubleClickZoom", "scopeKind": "class", "description": "unavailable"}, {"name": "dragging={true}", "scope": "dragging", "scopeKind": "class", "description": "unavailable"}, {"name": "scrollWheelZoom={true}", "scope": "scrollWheelZoom", "scopeKind": "class", "description": "unavailable"}, {"name": "touchZoom={true}", "scope": "touchZoom", "scopeKind": "class", "description": "unavailable"}, {"name": "zoomControl={true}", "scope": "zoomControl", "scopeKind": "class", "description": "unavailable"}]}