{"is_source_file": true, "format": "JavaScript", "description": "React component for the About page of the RoadRescue QuickAssist platform, providing information about the service's mission and MVP scope.", "external_files": ["../components/ui/Card"], "external_methods": [], "published": ["AboutPage"], "classes": [], "methods": [{"name": "AboutPage()", "description": "React functional component rendering information about RoadRescue QuickAssist.", "scope": "", "scopeKind": ""}], "calls": ["React", "Card"], "search-terms": ["AboutPage", "RoadRescue", "QuickAssist", "React component", "MVP scope", "UI", "Roadside support"], "state": 2, "file_id": 87, "knowledge_revision": 524, "git_revision": "9460f7d0c136032955309efdf7db8099b0ca36a0", "revision_history": [{"369": "d7094c8bb3d5eeb9c23cb2ddab9b21d37ee8dfc5"}, {"496": "7066161a9c2ce915109ac9413e83d53395dd4a5b"}, {"524": "9460f7d0c136032955309efdf7db8099b0ca36a0"}], "ctags": [{"_type": "tag", "name": "AboutPage", "path": "/home/kavia/workspace/code-generation/roadrescue-quickassist-platform-41193-41202/frontend_user_website/src/pages/AboutPage.js", "pattern": "/^export function AboutPage() {$/", "language": "JavaScript", "kind": "function", "signature": "()"}], "hash": "88399b738597d7d910bfc925c6103fbd", "format-version": 4, "code-base-name": "frontend_user_website", "filename": "frontend_user_website/src/pages/AboutPage.js"}