{"is_source_file": true, "file_id": 100, "git_revision": "", "state": 1, "description": "", "external_files": [], "external_methods": [], "published": [], "classes": [], "methods": [], "calls": [], "search-terms": [], "ctags": [{"_type": "tag", "name": "withTimeout", "path": "/home/kavia/workspace/code-generation/roadrescue-quickassist-platform-41193-41202/frontend_user_website/src/utils/withTimeout.js", "pattern": "/^export function withTimeout(promise, ms, label = \"operation\") {$/", "language": "JavaScript", "kind": "function", "signature": "(promise, ms, label = \"operation\")"}], "format": "JavaScript", "hash": "46183887c5c644456855ee7a54e628a9", "format-version": 4, "code-base-name": "frontend_user_website", "filename": "frontend_user_website/src/utils/withTimeout.js", "knowledge_revision": 439}