{"is_source_file": true, "format": "JavaScript", "description": "This file is a JavaScript module defining a data service for interacting with a Supabase backend in a web application. It includes functions for user authentication, request creation, data normalization, and handling external references like the Supabase client and utility functions.", "external_files": ["./statusUtils", "./supabaseClient", "../config/appConfig", "../utils/withTimeout"], "external_methods": ["normalizeStatus", "getSupabase", "withTimeout"], "published": ["dataService"], "classes": [], "methods": [{"name": "supaUserToAppUser(supaUser)", "description": "Converts a Supabase user object into a minimal application-specific user object, including fetching profile data for role and approval status.", "scope": "", "scopeKind": ""}, {"name": "normalizeVehicle(vehicle, row)", "description": "Normalizes a vehicle object or string representation from database rows into an object with make and model.", "scope": "", "scopeKind": ""}, {"name": "normalizeContact(contact, row)", "description": "Normalizes contact information from database rows into an object with name and phone.", "scope": "", "scopeKind": ""}, {"name": "forceUserCreateStatusOpen(payload)", "description": "Prepares request payloads by stripping caller-provided status and setting a default 'pending' status, ensuring compliance with database constraints.", "scope": "", "scopeKind": ""}, {"name": "normalizeSupabaseAuthError(err)", "description": "Converts various Supabase auth errors into user-friendly error messages.", "scope": "", "scopeKind": ""}, {"name": "register(email, password)", "description": "Registers a new user with email and password via Supabase.", "scope": "dataService", "scopeKind": "class"}, {"name": "login(email, password)", "description": "Logs in a user with email and password via Supabase.", "scope": "dataService", "scopeKind": "class"}, {"name": "loginWithGoogle({ redirectTo } = {})", "description": "Initiates OAuth login flow with Google.", "scope": "dataService", "scopeKind": "class"}, {"name": "logout()", "description": "Signs out the current user.", "scope": "dataService", "scopeKind": "class"}, {"name": "getUserFromSession()", "description": "Gets the current session's user, attempting to resolve user info quickly.", "scope": "dataService", "scopeKind": "class"}, {"name": "getCurrentUser()", "description": "Returns the current authenticated user object.", "scope": "dataService", "scopeKind": "class"}, {"name": "subscribeToAuthChanges(onUserChanged)", "description": "Subscribes to authentication state changes, providing a callback with user info.", "scope": "dataService", "scopeKind": "class"}, {"name": "getProfile(userId)", "description": "Fetches user profile data from the 'profiles' table.", "scope": "dataService", "scopeKind": "class"}, {"name": "listRequests({ forUserId } = {})", "description": "Lists requests, optionally filtered by user ID.", "scope": "dataService", "scopeKind": "class"}, {"name": "getRequestById(requestId)", "description": "Fetches a request record by its ID.", "scope": "dataService", "scopeKind": "class"}, {"name": "createRequest({ vehicleType, issueDescription, address, latitude, longitude } = {})", "description": "Creates a new request entry attached to the currently authenticated user.", "scope": "dataService", "scopeKind": "class"}, {"name": "isSupabaseConfigured()", "description": "Checks if environment variables for Supabase are configured; always returns true in this stub.", "scope": "dataService", "scopeKind": "class"}], "calls": ["getSupabase", "withTimeout", "normalizeStatus", "supaUserToAppUser", "normalizeVehicle", "normalizeContact", "normalizeSupabaseAuthError", "supabase.auth.signUp", "supabase.auth.signInWithPassword", "supabase.auth.signInWithOAuth", "supabase.auth.signOut", "supabase.auth.getSession", "supabase.auth.getUser", "supabase.from", "supabase.auth.getUser", "supabase.auth.getSession"], "search-terms": ["dataService", "supabase", "request creation", "user authentication", "profile normalization", "vehicle normalization", "request list", "request fetch", "Supabase auth", "OAuth", "request creation method"], "state": 2, "file_id": 73, "knowledge_revision": 515, "git_revision": "a9b36582a1494d451bc12a19488e542cd64add93", "revision_history": [{"352": "15b5e00133c728e31f7cfdd11b3f578418e3e946"}, {"498": "4df64072ecff4147ced1d3bd08d6f9db6d098f5b"}, {"502": "40fbc15814f3eb78e86fa58f45962c80516c6a2f"}, {"506": "40fbc15814f3eb78e86fa58f45962c80516c6a2f"}, {"507": "858bd544d4145b53d875745a371f7d93eb79e402"}, {"508": "6975d6bdc8fdcedd670d3c075567e32ed6853ff4"}, {"510": "ce807ae69b7652497756a309ba3b8200602259df"}, {"515": "a9b36582a1494d451bc12a19488e542cd64add93"}], "ctags": [{"_type": "tag", "name": "createRequest", "path": "/home/kavia/workspace/code-generation/roadrescue-quickassist-platform-41193-41202/frontend_user_website/src/services/dataService.js", "pattern": "/^  async createRequest({ vehicleType, issueDescription, address, latitude, longitude } = {}) {$/", "language": "JavaScript", "kind": "method", "signature": "({ vehicleType, issueDescription, address, latitude, longitude } = {})", "scope": "dataService", "scopeKind": "class"}, {"_type": "tag", "name": "dataService", "path": "/home/kavia/workspace/code-generation/roadrescue-quickassist-platform-41193-41202/frontend_user_website/src/services/dataService.js", "pattern": "/^export const dataService = {$/", "language": "JavaScript", "kind": "class"}, {"_type": "tag", "name": "forceUserCreateStatusOpen", "path": "/home/kavia/workspace/code-generation/roadrescue-quickassist-platform-41193-41202/frontend_user_website/src/services/dataService.js", "pattern": "/^function forceUserCreateStatusOpen(payload) {$/", "language": "JavaScript", "kind": "function", "signature": "(payload)"}, {"_type": "tag", "name": "getCurrentUser", "path": "/home/kavia/workspace/code-generation/roadrescue-quickassist-platform-41193-41202/frontend_user_website/src/services/dataService.js", "pattern": "/^  async getCurrentUser() {$/", "language": "JavaScript", "kind": "method", "signature": "()", "scope": "dataService", "scopeKind": "class"}, {"_type": "tag", "name": "getProfile", "path": "/home/kavia/workspace/code-generation/roadrescue-quickassist-platform-41193-41202/frontend_user_website/src/services/dataService.js", "pattern": "/^  async getProfile(userId) {$/", "language": "JavaScript", "kind": "method", "signature": "(userId)", "scope": "dataService", "scopeKind": "class"}, {"_type": "tag", "name": "getRequestById", "path": "/home/kavia/workspace/code-generation/roadrescue-quickassist-platform-41193-41202/frontend_user_website/src/services/dataService.js", "pattern": "/^  async getRequestById(requestId) {$/", "language": "JavaScript", "kind": "method", "signature": "(requestId)", "scope": "dataService", "scopeKind": "class"}, {"_type": "tag", "name": "getUserFromSession", "path": "/home/kavia/workspace/code-generation/roadrescue-quickassist-platform-41193-41202/frontend_user_website/src/services/dataService.js", "pattern": "/^  async getUserFromSession() {$/", "language": "JavaScript", "kind": "method", "signature": "()", "scope": "dataService", "scopeKind": "class"}, {"_type": "tag", "name": "isSupabaseConfigured", "path": "/home/kavia/workspace/code-generation/roadrescue-quickassist-platform-41193-41202/frontend_user_website/src/services/dataService.js", "pattern": "/^  isSupabaseConfigured() {$/", "language": "JavaScript", "kind": "method", "signature": "()", "scope": "dataService", "scopeKind": "class"}, {"_type": "tag", "name": "listRequests", "path": "/home/kavia/workspace/code-generation/roadrescue-quickassist-platform-41193-41202/frontend_user_website/src/services/dataService.js", "pattern": "/^  async listRequests({ forUserId } = {}) {$/", "language": "JavaScript", "kind": "method", "signature": "({ forUserId } = {})", "scope": "dataService", "scopeKind": "class"}, {"_type": "tag", "name": "login", "path": "/home/kavia/workspace/code-generation/roadrescue-quickassist-platform-41193-41202/frontend_user_website/src/services/dataService.js", "pattern": "/^  async login(email, password) {$/", "language": "JavaScript", "kind": "method", "signature": "(email, password)", "scope": "dataService", "scopeKind": "class"}, {"_type": "tag", "name": "loginWithGoogle", "path": "/home/kavia/workspace/code-generation/roadrescue-quickassist-platform-41193-41202/frontend_user_website/src/services/dataService.js", "pattern": "/^  async loginWithGoogle({ redirectTo } = {}) {$/", "language": "JavaScript", "kind": "method", "signature": "({ redirectTo } = {})", "scope": "dataService", "scopeKind": "class"}, {"_type": "tag", "name": "logout", "path": "/home/kavia/workspace/code-generation/roadrescue-quickassist-platform-41193-41202/frontend_user_website/src/services/dataService.js", "pattern": "/^  async logout() {$/", "language": "JavaScript", "kind": "method", "signature": "()", "scope": "dataService", "scopeKind": "class"}, {"_type": "tag", "name": "normalizeContact", "path": "/home/kavia/workspace/code-generation/roadrescue-quickassist-platform-41193-41202/frontend_user_website/src/services/dataService.js", "pattern": "/^function normalizeContact(contact, row) {$/", "language": "JavaScript", "kind": "function", "signature": "(contact, row)"}, {"_type": "tag", "name": "normalizeSupabaseAuthError", "path": "/home/kavia/workspace/code-generation/roadrescue-quickassist-platform-41193-41202/frontend_user_website/src/services/dataService.js", "pattern": "/^function normalizeSupabaseAuthError(err) {$/", "language": "JavaScript", "kind": "function", "signature": "(err)"}, {"_type": "tag", "name": "normalizeVehicle", "path": "/home/kavia/workspace/code-generation/roadrescue-quickassist-platform-41193-41202/frontend_user_website/src/services/dataService.js", "pattern": "/^function normalizeVehicle(vehicle, row) {$/", "language": "JavaScript", "kind": "function", "signature": "(vehicle, row)"}, {"_type": "tag", "name": "register", "path": "/home/kavia/workspace/code-generation/roadrescue-quickassist-platform-41193-41202/frontend_user_website/src/services/dataService.js", "pattern": "/^  async register(email, password) {$/", "language": "JavaScript", "kind": "method", "signature": "(email, password)", "scope": "dataService", "scopeKind": "class"}, {"_type": "tag", "name": "subscribeToAuthChanges", "path": "/home/kavia/workspace/code-generation/roadrescue-quickassist-platform-41193-41202/frontend_user_website/src/services/dataService.js", "pattern": "/^  subscribeToAuthChanges(onUserChanged) {$/", "language": "JavaScript", "kind": "method", "signature": "(onUserChanged)", "scope": "dataService", "scopeKind": "class"}, {"_type": "tag", "name": "supaUserToAppUser", "path": "/home/kavia/workspace/code-generation/roadrescue-quickassist-platform-41193-41202/frontend_user_website/src/services/dataService.js", "pattern": "/^async function supaUserToAppUser(supaUser) {$/", "language": "JavaScript", "kind": "function", "signature": "(supaUser)"}], "hash": "fc0cdea24cf6b75436570f4df766b97b", "format-version": 4, "code-base-name": "frontend_user_website", "filename": "frontend_user_website/src/services/dataService.js"}