{"is_source_file": true, "format": "JavaScript", "description": "This file defines a React functional component named 'Button' that renders a customizable button with various variants, sizes, and styles, intended for use within a UI library.", "external_files": [], "external_methods": [], "published": ["Button"], "classes": [], "methods": [{"name": "Button({ children, variant = \"primary\", size = \"md\", type = \"button\", disabled, onClick, style, })", "description": "React functional component rendering a button with configurable properties such as variant, size, type, disabled, onClick, and style.", "scope": "", "scopeKind": ""}], "calls": ["React.createElement"], "search-terms": ["React", "Button component", "UI button", "variant", "size", "style", "jsx"], "state": 2, "file_id": 83, "knowledge_revision": 362, "git_revision": "d7094c8bb3d5eeb9c23cb2ddab9b21d37ee8dfc5", "ctags": [{"_type": "tag", "name": "Button", "path": "/home/kavia/workspace/code-generation/roadrescue-quickassist-platform-41193-41202/frontend_user_website/src/components/ui/Button.js", "pattern": "/^export function Button({$/", "language": "JavaScript", "kind": "function", "signature": "({ children, variant = \"primary\", size = \"md\", type = \"button\", disabled, onClick, style, })"}, {"_type": "tag", "name": "className", "path": "/home/kavia/workspace/code-generation/roadrescue-quickassist-platform-41193-41202/frontend_user_website/src/components/ui/Button.js", "pattern": "/^      className={className}$/", "language": "JavaScript", "kind": "field", "scope": "Button.className", "scopeKind": "class"}, {"_type": "tag", "name": "disabled", "path": "/home/kavia/workspace/code-generation/roadrescue-quickassist-platform-41193-41202/frontend_user_website/src/components/ui/Button.js", "pattern": "/^      disabled={disabled}$/", "language": "JavaScript", "kind": "field", "scope": "Button.disabled", "scopeKind": "class"}, {"_type": "tag", "name": "onClick", "path": "/home/kavia/workspace/code-generation/roadrescue-quickassist-platform-41193-41202/frontend_user_website/src/components/ui/Button.js", "pattern": "/^      onClick={onClick}$/", "language": "JavaScript", "kind": "field", "scope": "Button.onClick", "scopeKind": "class"}, {"_type": "tag", "name": "style", "path": "/home/kavia/workspace/code-generation/roadrescue-quickassist-platform-41193-41202/frontend_user_website/src/components/ui/Button.js", "pattern": "/^      style={style}$/", "language": "JavaScript", "kind": "field", "scope": "Button.style", "scopeKind": "class"}, {"_type": "tag", "name": "type", "path": "/home/kavia/workspace/code-generation/roadrescue-quickassist-platform-41193-41202/frontend_user_website/src/components/ui/Button.js", "pattern": "/^      type={type}$/", "language": "JavaScript", "kind": "field", "scope": "Button.type", "scopeKind": "class"}], "hash": "19bc28371b11aee575ab1536533ba0d6", "format-version": 4, "code-base-name": "frontend_user_website", "filename": "frontend_user_website/src/components/ui/Button.js", "fields": [{"name": "className={className}", "scope": "Button.className", "scopeKind": "class", "description": "unavailable"}, {"name": "disabled={disabled}", "scope": "Button.disabled", "scopeKind": "class", "description": "unavailable"}, {"name": "onClick={onClick}", "scope": "Button.onClick", "scopeKind": "class", "description": "unavailable"}, {"name": "style={style}", "scope": "Button.style", "scopeKind": "class", "description": "unavailable"}, {"name": "type={type}", "scope": "Button.type", "scopeKind": "class", "description": "unavailable"}], "revision_history": [{"362": "d7094c8bb3d5eeb9c23cb2ddab9b21d37ee8dfc5"}]}