{"is_source_file": true, "format": "JavaScript", "description": "This file defines a React hook 'useUserRequests' that manages user requests stored persistently in localStorage. It provides functionalities to add new requests, clear all requests, and handle request data normalization and storage operations.", "external_files": [], "external_methods": ["useCallback", "useEffect", "useMemo", "useState"], "published": ["useUserRequests"], "classes": [], "methods": [{"name": "useUserRequests()", "description": "React hook that manages user requests stored in localStorage, providing methods to add requests and clear all requests.", "scope": "", "scopeKind": ""}, {"name": "makeId()", "scope": "", "scopeKind": "", "description": "unavailable"}, {"name": "normalizeStatus(status)", "scope": "", "scopeKind": "", "description": "unavailable"}, {"name": "safeReadRequests()", "scope": "", "scopeKind": "", "description": "unavailable"}, {"name": "safeWriteRequests(list)", "scope": "", "scopeKind": "", "description": "unavailable"}], "calls": ["useCallback", "useEffect", "useMemo", "useState", "safeReadRequests", "safeWriteRequests", "makeId", "String", "JSON.parse", "JSON.stringify", "Date.now", "Math.random"], "search-terms": ["useUserRequests", "localStorage", "requests", "addRequest", "clearAll", "vehicle", "problemDescription", "location", "contactPhone", "React hook"], "state": 2, "file_id": 105, "knowledge_revision": 607, "git_revision": "9460f7d0c136032955309efdf7db8099b0ca36a0", "revision_history": [{"532": "9460f7d0c136032955309efdf7db8099b0ca36a0"}, {"607": "9460f7d0c136032955309efdf7db8099b0ca36a0"}], "ctags": [{"_type": "tag", "name": "REQUESTS_KEY", "path": "/home/kavia/workspace/code-generation/roadrescue-quickassist-platform-41193-41202/frontend_user_website/src/hooks/useUserRequests.js", "pattern": "/^const REQUESTS_KEY = \"rrq_user_requests\";$/", "language": "JavaScript", "kind": "constant"}, {"_type": "tag", "name": "makeId", "path": "/home/kavia/workspace/code-generation/roadrescue-quickassist-platform-41193-41202/frontend_user_website/src/hooks/useUserRequests.js", "pattern": "/^function makeId() {$/", "language": "JavaScript", "kind": "function", "signature": "()"}, {"_type": "tag", "name": "normalizeStatus", "path": "/home/kavia/workspace/code-generation/roadrescue-quickassist-platform-41193-41202/frontend_user_website/src/hooks/useUserRequests.js", "pattern": "/^function normalizeStatus(status) {$/", "language": "JavaScript", "kind": "function", "signature": "(status)"}, {"_type": "tag", "name": "safeReadRequests", "path": "/home/kavia/workspace/code-generation/roadrescue-quickassist-platform-41193-41202/frontend_user_website/src/hooks/useUserRequests.js", "pattern": "/^function safeReadRequests() {$/", "language": "JavaScript", "kind": "function", "signature": "()"}, {"_type": "tag", "name": "safeWriteRequests", "path": "/home/kavia/workspace/code-generation/roadrescue-quickassist-platform-41193-41202/frontend_user_website/src/hooks/useUserRequests.js", "pattern": "/^function safeWriteRequests(list) {$/", "language": "JavaScript", "kind": "function", "signature": "(list)"}, {"_type": "tag", "name": "useUserRequests", "path": "/home/kavia/workspace/code-generation/roadrescue-quickassist-platform-41193-41202/frontend_user_website/src/hooks/useUserRequests.js", "pattern": "/^export function useUserRequests() {$/", "language": "JavaScript", "kind": "function", "signature": "()"}], "hash": "b0337dd420e32553bf10e30266a5eaf7", "format-version": 4, "code-base-name": "frontend_user_website", "filename": "frontend_user_website/src/hooks/useUserRequests.js"}