{"is_source_file": true, "format": "JavaScript", "description": "A JavaScript module exporting data service functions for interacting with a Supabase backend in a vehicle rescue platform. Provides user authentication, profile management, and request handling, including normalization of data structures.", "external_files": ["./statusUtils", "./supabaseClient", "../config/appConfig", "../utils/withTimeout"], "external_methods": ["normalizeStatus"], "published": ["dataService"], "classes": [], "methods": [{"name": "supaUserToAppUser(supaUser)", "description": "Converts a Supabase user object into a simplified app user object, including profile info and approval status.", "scope": "", "scopeKind": ""}, {"name": "normalizeVehicle(vehicle, row)", "description": "Normalizes vehicle data from various input formats into a standard {make, model} structure.", "scope": "", "scopeKind": ""}, {"name": "normalizeContact(contact, row)", "description": "Normalizes contact data from various input formats into a standard {name, phone} structure.", "scope": "", "scopeKind": ""}, {"name": "normalizeSupabaseAuthError(err)", "description": "Converts generic Supabase auth errors into user-friendly messages.", "scope": "", "scopeKind": ""}, {"name": "createRequest({ user, vehicle, issueDescription, contact, location } = {})", "scope": "dataService", "scopeKind": "class", "description": "unavailable"}, {"name": "getCurrentUser()", "scope": "dataService", "scopeKind": "class", "description": "unavailable"}, {"name": "getProfile(userId)", "scope": "dataService", "scopeKind": "class", "description": "unavailable"}, {"name": "getRequestById(requestId)", "scope": "dataService", "scopeKind": "class", "description": "unavailable"}, {"name": "getUserFromSession()", "scope": "dataService", "scopeKind": "class", "description": "unavailable"}, {"name": "isSupabaseConfigured()", "scope": "dataService", "scopeKind": "class", "description": "unavailable"}, {"name": "listRequests({ forUserId } = {})", "scope": "dataService", "scopeKind": "class", "description": "unavailable"}, {"name": "login(email, password)", "scope": "dataService", "scopeKind": "class", "description": "unavailable"}, {"name": "loginWithGoogle({ redirectTo } = {})", "scope": "dataService", "scopeKind": "class", "description": "unavailable"}, {"name": "logout()", "scope": "dataService", "scopeKind": "class", "description": "unavailable"}, {"name": "register(email, password)", "scope": "dataService", "scopeKind": "class", "description": "unavailable"}, {"name": "subscribeToAuthChanges(onUserChanged)", "scope": "dataService", "scopeKind": "class", "description": "unavailable"}], "calls": ["getSupabase()", "supabase.auth.signUp()", "supabase.auth.signInWithPassword()", "supabase.auth.signInWithOAuth()", "supabase.auth.signOut()", "supabase.auth.getSession()", "supabase.auth.getUser()", "supabase.from().select()", "supabase.from().insert()", "supabase.from().maybeSingle()", "withTimeout()"], "search-terms": ["supaUserToAppUser", "normalizeVehicle", "normalizeContact", "requests", "profiles", "auth", "signUp", "signInWithPassword", "signInWithOAuth", "getUserFromSession", "createRequest", "listRequests", "getRequestById", "register", "login", "logout"], "state": 2, "file_id": 73, "knowledge_revision": 469, "git_revision": "4df64072ecff4147ced1d3bd08d6f9db6d098f5b", "revision_history": [{"352": "15b5e00133c728e31f7cfdd11b3f578418e3e946"}, {"420": "adddec63496c05acbad8f707fc07bd60b2d8ca52"}, {"430": "fe63037cb13ed9778021272beaaedbedfeec96f2"}, {"440": "fe63037cb13ed9778021272beaaedbedfeec96f2"}, {"457": "21c90acbee21bc1eaecca96350a00fd5e6389cbd"}, {"462": "c4fd42ce8ff2f60d249df1558a3c0c0865f108b7"}, {"463": "c4fd42ce8ff2f60d249df1558a3c0c0865f108b7"}, {"469": "4df64072ecff4147ced1d3bd08d6f9db6d098f5b"}], "ctags": [{"_type": "tag", "name": "address", "path": "/home/kavia/workspace/code-generation/roadrescue-quickassist-platform-41193-41202/frontend_user_website/src/services/dataService.js", "pattern": "/^      address: safeAddress,$/", "language": "JavaScript", "kind": "property", "scope": "dataService.createRequest.insertPayload", "scopeKind": "class"}, {"_type": "tag", "name": "assigned_mechanic_email", "path": "/home/kavia/workspace/code-generation/roadrescue-quickassist-platform-41193-41202/frontend_user_website/src/services/dataService.js", "pattern": "/^      assigned_mechanic_email: null,$/", "language": "JavaScript", "kind": "property", "scope": "dataService.createRequest.insertPayload", "scopeKind": "class"}, {"_type": "tag", "name": "assigned_mechanic_id", "path": "/home/kavia/workspace/code-generation/roadrescue-quickassist-platform-41193-41202/frontend_user_website/src/services/dataService.js", "pattern": "/^      assigned_mechanic_id: null,$/", "language": "JavaScript", "kind": "property", "scope": "dataService.createRequest.insertPayload", "scopeKind": "class"}, {"_type": "tag", "name": "contact", "path": "/home/kavia/workspace/code-generation/roadrescue-quickassist-platform-41193-41202/frontend_user_website/src/services/dataService.js", "pattern": "/^      contact: safeContact,$/", "language": "JavaScript", "kind": "property", "scope": "dataService.createRequest.insertPayload", "scopeKind": "class"}, {"_type": "tag", "name": "createRequest", "path": "/home/kavia/workspace/code-generation/roadrescue-quickassist-platform-41193-41202/frontend_user_website/src/services/dataService.js", "pattern": "/^  async createRequest({ user, vehicle, issueDescription, contact, location } = {}) {$/", "language": "JavaScript", "kind": "method", "signature": "({ user, vehicle, issueDescription, contact, location } = {})", "scope": "dataService", "scopeKind": "class"}, {"_type": "tag", "name": "created_at", "path": "/home/kavia/workspace/code-generation/roadrescue-quickassist-platform-41193-41202/frontend_user_website/src/services/dataService.js", "pattern": "/^      created_at: nowIso,$/", "language": "JavaScript", "kind": "property", "scope": "dataService.createRequest.insertPayload", "scopeKind": "class"}, {"_type": "tag", "name": "dataService", "path": "/home/kavia/workspace/code-generation/roadrescue-quickassist-platform-41193-41202/frontend_user_website/src/services/dataService.js", "pattern": "/^export const dataService = {$/", "language": "JavaScript", "kind": "class"}, {"_type": "tag", "name": "getCurrentUser", "path": "/home/kavia/workspace/code-generation/roadrescue-quickassist-platform-41193-41202/frontend_user_website/src/services/dataService.js", "pattern": "/^  async getCurrentUser() {$/", "language": "JavaScript", "kind": "method", "signature": "()", "scope": "dataService", "scopeKind": "class"}, {"_type": "tag", "name": "getProfile", "path": "/home/kavia/workspace/code-generation/roadrescue-quickassist-platform-41193-41202/frontend_user_website/src/services/dataService.js", "pattern": "/^  async getProfile(userId) {$/", "language": "JavaScript", "kind": "method", "signature": "(userId)", "scope": "dataService", "scopeKind": "class"}, {"_type": "tag", "name": "getRequestById", "path": "/home/kavia/workspace/code-generation/roadrescue-quickassist-platform-41193-41202/frontend_user_website/src/services/dataService.js", "pattern": "/^  async getRequestById(requestId) {$/", "language": "JavaScript", "kind": "method", "signature": "(requestId)", "scope": "dataService", "scopeKind": "class"}, {"_type": "tag", "name": "getUserFromSession", "path": "/home/kavia/workspace/code-generation/roadrescue-quickassist-platform-41193-41202/frontend_user_website/src/services/dataService.js", "pattern": "/^  async getUserFromSession() {$/", "language": "JavaScript", "kind": "method", "signature": "()", "scope": "dataService", "scopeKind": "class"}, {"_type": "tag", "name": "insertPayload", "path": "/home/kavia/workspace/code-generation/roadrescue-quickassist-platform-41193-41202/frontend_user_website/src/services/dataService.js", "pattern": "/^    const insertPayload = {$/", "language": "JavaScript", "kind": "class", "scope": "dataService.createRequest", "scopeKind": "class"}, {"_type": "tag", "name": "isSupabaseConfigured", "path": "/home/kavia/workspace/code-generation/roadrescue-quickassist-platform-41193-41202/frontend_user_website/src/services/dataService.js", "pattern": "/^  isSupabaseConfigured() {$/", "language": "JavaScript", "kind": "method", "signature": "()", "scope": "dataService", "scopeKind": "class"}, {"_type": "tag", "name": "issue_description", "path": "/home/kavia/workspace/code-generation/roadrescue-quickassist-platform-41193-41202/frontend_user_website/src/services/dataService.js", "pattern": "/^      issue_description: issueDescription,$/", "language": "JavaScript", "kind": "property", "scope": "dataService.createRequest.insertPayload", "scopeKind": "class"}, {"_type": "tag", "name": "lat", "path": "/home/kavia/workspace/code-generation/roadrescue-quickassist-platform-41193-41202/frontend_user_website/src/services/dataService.js", "pattern": "/^      lat: safeLat,$/", "language": "JavaScript", "kind": "property", "scope": "dataService.createRequest.insertPayload", "scopeKind": "class"}, {"_type": "tag", "name": "listRequests", "path": "/home/kavia/workspace/code-generation/roadrescue-quickassist-platform-41193-41202/frontend_user_website/src/services/dataService.js", "pattern": "/^  async listRequests({ forUserId } = {}) {$/", "language": "JavaScript", "kind": "method", "signature": "({ forUserId } = {})", "scope": "dataService", "scopeKind": "class"}, {"_type": "tag", "name": "login", "path": "/home/kavia/workspace/code-generation/roadrescue-quickassist-platform-41193-41202/frontend_user_website/src/services/dataService.js", "pattern": "/^  async login(email, password) {$/", "language": "JavaScript", "kind": "method", "signature": "(email, password)", "scope": "dataService", "scopeKind": "class"}, {"_type": "tag", "name": "loginWithGoogle", "path": "/home/kavia/workspace/code-generation/roadrescue-quickassist-platform-41193-41202/frontend_user_website/src/services/dataService.js", "pattern": "/^  async loginWithGoogle({ redirectTo } = {}) {$/", "language": "JavaScript", "kind": "method", "signature": "({ redirectTo } = {})", "scope": "dataService", "scopeKind": "class"}, {"_type": "tag", "name": "logout", "path": "/home/kavia/workspace/code-generation/roadrescue-quickassist-platform-41193-41202/frontend_user_website/src/services/dataService.js", "pattern": "/^  async logout() {$/", "language": "JavaScript", "kind": "method", "signature": "()", "scope": "dataService", "scopeKind": "class"}, {"_type": "tag", "name": "lon", "path": "/home/kavia/workspace/code-generation/roadrescue-quickassist-platform-41193-41202/frontend_user_website/src/services/dataService.js", "pattern": "/^      lon: safeLon,$/", "language": "JavaScript", "kind": "property", "scope": "dataService.createRequest.insertPayload", "scopeKind": "class"}, {"_type": "tag", "name": "make", "path": "/home/kavia/workspace/code-generation/roadrescue-quickassist-platform-41193-41202/frontend_user_website/src/services/dataService.js", "pattern": "/^      make: vehicle && typeof vehicle.make === \"string\" ? vehicle.make : \"\",$/", "language": "JavaScript", "kind": "property", "scope": "dataService.createRequest.safeVehicle", "scopeKind": "class"}, {"_type": "tag", "name": "model", "path": "/home/kavia/workspace/code-generation/roadrescue-quickassist-platform-41193-41202/frontend_user_website/src/services/dataService.js", "pattern": "/^      model: vehicle && typeof vehicle.model === \"string\" ? vehicle.model : \"\",$/", "language": "JavaScript", "kind": "property", "scope": "dataService.createRequest.safeVehicle", "scopeKind": "class"}, {"_type": "tag", "name": "name", "path": "/home/kavia/workspace/code-generation/roadrescue-quickassist-platform-41193-41202/frontend_user_website/src/services/dataService.js", "pattern": "/^      name: contact?.name || \"\",$/", "language": "JavaScript", "kind": "property", "scope": "dataService.createRequest.safeContact", "scopeKind": "class"}, {"_type": "tag", "name": "normalizeContact", "path": "/home/kavia/workspace/code-generation/roadrescue-quickassist-platform-41193-41202/frontend_user_website/src/services/dataService.js", "pattern": "/^function normalizeContact(contact, row) {$/", "language": "JavaScript", "kind": "function", "signature": "(contact, row)"}, {"_type": "tag", "name": "normalizeSupabaseAuthError", "path": "/home/kavia/workspace/code-generation/roadrescue-quickassist-platform-41193-41202/frontend_user_website/src/services/dataService.js", "pattern": "/^function normalizeSupabaseAuthError(err) {$/", "language": "JavaScript", "kind": "function", "signature": "(err)"}, {"_type": "tag", "name": "normalizeVehicle", "path": "/home/kavia/workspace/code-generation/roadrescue-quickassist-platform-41193-41202/frontend_user_website/src/services/dataService.js", "pattern": "/^function normalizeVehicle(vehicle, row) {$/", "language": "JavaScript", "kind": "function", "signature": "(vehicle, row)"}, {"_type": "tag", "name": "notes", "path": "/home/kavia/workspace/code-generation/roadrescue-quickassist-platform-41193-41202/frontend_user_website/src/services/dataService.js", "pattern": "/^      notes: [],$/", "language": "JavaScript", "kind": "property", "scope": "dataService.createRequest.insertPayload", "scopeKind": "class"}, {"_type": "tag", "name": "phone", "path": "/home/kavia/workspace/code-generation/roadrescue-quickassist-platform-41193-41202/frontend_user_website/src/services/dataService.js", "pattern": "/^      phone: contact?.phone || \"\",$/", "language": "JavaScript", "kind": "property", "scope": "dataService.createRequest.safeContact", "scopeKind": "class"}, {"_type": "tag", "name": "register", "path": "/home/kavia/workspace/code-generation/roadrescue-quickassist-platform-41193-41202/frontend_user_website/src/services/dataService.js", "pattern": "/^  async register(email, password) {$/", "language": "JavaScript", "kind": "method", "signature": "(email, password)", "scope": "dataService", "scopeKind": "class"}, {"_type": "tag", "name": "safeContact", "path": "/home/kavia/workspace/code-generation/roadrescue-quickassist-platform-41193-41202/frontend_user_website/src/services/dataService.js", "pattern": "/^    const safeContact = {$/", "language": "JavaScript", "kind": "class", "scope": "dataService.createRequest", "scopeKind": "class"}, {"_type": "tag", "name": "safeVehicle", "path": "/home/kavia/workspace/code-generation/roadrescue-quickassist-platform-41193-41202/frontend_user_website/src/services/dataService.js", "pattern": "/^    const safeVehicle = {$/", "language": "JavaScript", "kind": "class", "scope": "dataService.createRequest", "scopeKind": "class"}, {"_type": "tag", "name": "status", "path": "/home/kavia/workspace/code-generation/roadrescue-quickassist-platform-41193-41202/frontend_user_website/src/services/dataService.js", "pattern": "/^      status: \"open\",$/", "language": "JavaScript", "kind": "property", "scope": "dataService.createRequest.insertPayload", "scopeKind": "class"}, {"_type": "tag", "name": "subscribeToAuthChanges", "path": "/home/kavia/workspace/code-generation/roadrescue-quickassist-platform-41193-41202/frontend_user_website/src/services/dataService.js", "pattern": "/^  subscribeToAuthChanges(onUserChanged) {$/", "language": "JavaScript", "kind": "method", "signature": "(onUserChanged)", "scope": "dataService", "scopeKind": "class"}, {"_type": "tag", "name": "supaUserToAppUser", "path": "/home/kavia/workspace/code-generation/roadrescue-quickassist-platform-41193-41202/frontend_user_website/src/services/dataService.js", "pattern": "/^async function supaUserToAppUser(supaUser) {$/", "language": "JavaScript", "kind": "function", "signature": "(supaUser)"}, {"_type": "tag", "name": "user_email", "path": "/home/kavia/workspace/code-generation/roadrescue-quickassist-platform-41193-41202/frontend_user_website/src/services/dataService.js", "pattern": "/^      user_email: user.email,$/", "language": "JavaScript", "kind": "property", "scope": "dataService.createRequest.insertPayload", "scopeKind": "class"}, {"_type": "tag", "name": "user_id", "path": "/home/kavia/workspace/code-generation/roadrescue-quickassist-platform-41193-41202/frontend_user_website/src/services/dataService.js", "pattern": "/^      user_id: user.id,$/", "language": "JavaScript", "kind": "property", "scope": "dataService.createRequest.insertPayload", "scopeKind": "class"}, {"_type": "tag", "name": "vehicle", "path": "/home/kavia/workspace/code-generation/roadrescue-quickassist-platform-41193-41202/frontend_user_website/src/services/dataService.js", "pattern": "/^      vehicle: safeVehicle,$/", "language": "JavaScript", "kind": "property", "scope": "dataService.createRequest.insertPayload", "scopeKind": "class"}], "hash": "380ffd583bc45b143a032206a9d9a302", "format-version": 4, "code-base-name": "frontend_user_website", "filename": "frontend_user_website/src/services/dataService.js", "fields": [{"name": "address: safeAddress,", "scope": "dataService.createRequest.insertPayload", "scopeKind": "class", "description": "unavailable"}, {"name": "assigned_mechanic_email: null,", "scope": "dataService.createRequest.insertPayload", "scopeKind": "class", "description": "unavailable"}, {"name": "assigned_mechanic_id: null,", "scope": "dataService.createRequest.insertPayload", "scopeKind": "class", "description": "unavailable"}, {"name": "contact: safeContact,", "scope": "dataService.createRequest.insertPayload", "scopeKind": "class", "description": "unavailable"}, {"name": "created_at: nowIso,", "scope": "dataService.createRequest.insertPayload", "scopeKind": "class", "description": "unavailable"}, {"name": "issue_description: issueDescription,", "scope": "dataService.createRequest.insertPayload", "scopeKind": "class", "description": "unavailable"}, {"name": "lat: safeLat,", "scope": "dataService.createRequest.insertPayload", "scopeKind": "class", "description": "unavailable"}, {"name": "lon: safeLon,", "scope": "dataService.createRequest.insertPayload", "scopeKind": "class", "description": "unavailable"}, {"name": "make: vehicle && typeof vehicle.make === \"string\" ? vehicle.make : \"\",", "scope": "dataService.createRequest.safeVehicle", "scopeKind": "class", "description": "unavailable"}, {"name": "model: vehicle && typeof vehicle.model === \"string\" ? vehicle.model : \"\",", "scope": "dataService.createRequest.safeVehicle", "scopeKind": "class", "description": "unavailable"}, {"name": "name: contact?.name || \"\",", "scope": "dataService.createRequest.safeContact", "scopeKind": "class", "description": "unavailable"}, {"name": "notes: [],", "scope": "dataService.createRequest.insertPayload", "scopeKind": "class", "description": "unavailable"}, {"name": "phone: contact?.phone || \"\",", "scope": "dataService.createRequest.safeContact", "scopeKind": "class", "description": "unavailable"}, {"name": "status: \"open\",", "scope": "dataService.createRequest.insertPayload", "scopeKind": "class", "description": "unavailable"}, {"name": "user_email: user.email,", "scope": "dataService.createRequest.insertPayload", "scopeKind": "class", "description": "unavailable"}, {"name": "user_id: user.id,", "scope": "dataService.createRequest.insertPayload", "scopeKind": "class", "description": "unavailable"}, {"name": "vehicle: safeVehicle,", "scope": "dataService.createRequest.insertPayload", "scopeKind": "class", "description": "unavailable"}]}