{"is_source_file": true, "format": "JavaScript", "description": "React component for a responsive, role-based navigation bar with mobile support.", "external_files": ["../ui/Button", "../../context/AuthContext", "react", "react-router-dom"], "external_methods": ["useNavigate", "useAuth", "Link", "NavLink"], "published": ["Navbar"], "classes": [], "methods": [{"name": "navLinkClass({ isActive })", "description": "Determines the CSS class for NavLink based on whether it is active.", "scope": "", "scopeKind": ""}, {"name": "Navbar()", "description": "Main functional component returning the navigation bar UI.", "scope": "", "scopeKind": ""}, {"name": "onLogout", "description": "Handles user logout, navigation, and state update."}], "calls": ["useNavigate()", "useAuth()", "logout()", "setOpen()", "navigate()", "useMemo()", "map()", "setOpen()", "navigate()"], "search-terms": ["Navbar component", "role-based links", "responsive navigation", "mobile menu", "auth links", "React Router NavLink", "AuthContext", "open state"], "state": 2, "file_id": 78, "knowledge_revision": 558, "git_revision": "7ed81e5e8f60d8809b9a7e26bcba2cb3ee689aab", "revision_history": [{"361": "0c3d79b311925402e0dd354a955e3011ebb3a8e0"}, {"518": "9460f7d0c136032955309efdf7db8099b0ca36a0"}, {"541": "e3932056a33468e189c82262e3518ef361ffdecb"}, {"553": "e3932056a33468e189c82262e3518ef361ffdecb"}, {"554": "d2f7cd26a55e78651fb2479bac9182162217b451"}, {"555": "2dfd3e6f3ad87167c3379d1b386bc7a276d460ac"}, {"556": "17f770753df0a9e7325f0905dddd4ab9c1d4ffee"}, {"557": "494b220c8c91a565826839d6261b290b7ca40300"}, {"558": "7ed81e5e8f60d8809b9a7e26bcba2cb3ee689aab"}], "ctags": [{"_type": "tag", "name": "Navbar", "path": "/home/kavia/workspace/code-generation/roadrescue-quickassist-platform-41193-41202/frontend_user_website/src/components/layout/Navbar.js", "pattern": "/^export function Navbar() {$/", "language": "JavaScript", "kind": "function", "signature": "()"}, {"_type": "tag", "name": "navLinkClass", "path": "/home/kavia/workspace/code-generation/roadrescue-quickassist-platform-41193-41202/frontend_user_website/src/components/layout/Navbar.js", "pattern": "/^function navLinkClass({ isActive }) {$/", "language": "JavaScript", "kind": "function", "signature": "({ isActive })"}, {"_type": "tag", "name": "open", "path": "/home/kavia/workspace/code-generation/roadrescue-quickassist-platform-41193-41202/frontend_user_website/src/components/layout/Navbar.js", "pattern": "/^            aria-expanded={open ? \"true\" : \"false\"}$/", "language": "JavaScript", "kind": "field", "scope": "aria", "scopeKind": "class"}, {"_type": "tag", "name": "open", "path": "/home/kavia/workspace/code-generation/roadrescue-quickassist-platform-41193-41202/frontend_user_website/src/components/layout/Navbar.js", "pattern": "/^            aria-label={open ? \"Close menu\" : \"Open menu\"}$/", "language": "JavaScript", "kind": "field", "scope": "aria", "scopeKind": "class"}], "hash": "94263c8bcd96465158ca24cf81aa782b", "format-version": 4, "code-base-name": "frontend_user_website", "filename": "frontend_user_website/src/components/layout/Navbar.js", "fields": [{"name": "aria-expanded={open ? \"true\" : \"false\"}", "scope": "aria", "scopeKind": "class", "description": "unavailable"}, {"name": "aria-label={open ? \"Close menu\" : \"Open menu\"}", "scope": "aria", "scopeKind": "class", "description": "unavailable"}]}