{"is_source_file": true, "format": "JavaScript (React JSX)", "description": "React component for a 'Submit Breakdown Request' page allowing users to input vehicle and issue details, with form validation, local state management, and local storage persistence via custom hook.", "external_files": ["../components/ui/Card", "../components/ui/Input", "../components/ui/Button", "../hooks/useUserRequests", "../components/layout/UserShell", "react", "react-router-dom"], "external_methods": ["useNavigate", "useUserRequests", "React.useState", "React.useMemo"], "published": ["SubmitRequestPage"], "classes": [], "methods": [{"name": "clearForm", "description": "Resets all form input states and errors to initial empty values."}, {"name": "onSubmit", "description": "Handles form submission: validates input, persists request via hook, displays success message, and clears form."}, {"name": "onFindLocation", "description": "Handles 'Find Location' button click; in this MVP, it simply shows an info message."}, {"name": "SubmitRequestPage()", "scope": "", "scopeKind": "", "description": "unavailable"}], "calls": ["useNavigate()", "useUserRequests()", "addRequest()", "setVehicleMake()", "setVehicleModel()", "setVehicleYear()", "setLicensePlate()", "setIssueDescription()", "setContactName()", "setContactPhone()", "setBreakdownAddress()", "setLat()", "setLon()", "setStatus()", "setErrors()", "validate()", "clearForm()"], "search-terms": ["SubmitRequestPage", "React", "useUserRequests", "Vehicle Make", "Vehicle Model", "Breakdown Address", "Form Validation", "Local Storage Request", "Request Submission"], "state": 2, "file_id": 89, "knowledge_revision": 591, "git_revision": "f1c49b791ad6fde03f57fc3f5daee8748836dd05", "revision_history": [{"370": "d7094c8bb3d5eeb9c23cb2ddab9b21d37ee8dfc5"}, {"376": "d7094c8bb3d5eeb9c23cb2ddab9b21d37ee8dfc5"}, {"416": "f4f353c6c2a7e959dc97c16c3a142856210321dc"}, {"421": "adddec63496c05acbad8f707fc07bd60b2d8ca52"}, {"465": "adddec63496c05acbad8f707fc07bd60b2d8ca52"}, {"468": "849d76d5285484cd9aa5186f31e89c89753edfc4"}, {"479": "4df64072ecff4147ced1d3bd08d6f9db6d098f5b"}, {"487": "ccd5eab631449c0f19d901fb57d943cf2829df73"}, {"509": "ccd5eab631449c0f19d901fb57d943cf2829df73"}, {"511": "ce807ae69b7652497756a309ba3b8200602259df"}, {"527": "9460f7d0c136032955309efdf7db8099b0ca36a0"}, {"542": "e3932056a33468e189c82262e3518ef361ffdecb"}, {"588": "e3932056a33468e189c82262e3518ef361ffdecb"}, {"591": "f1c49b791ad6fde03f57fc3f5daee8748836dd05"}], "ctags": [{"_type": "tag", "name": "4", "path": "/home/kavia/workspace/code-generation/roadrescue-quickassist-platform-41193-41202/frontend_user_website/src/pages/SubmitRequestPage.js", "pattern": "/^                    rows={4}$/", "language": "JavaScript", "kind": "field", "scope": "SubmitRequestPage.rows", "scopeKind": "class"}, {"_type": "tag", "name": "SubmitRequestPage", "path": "/home/kavia/workspace/code-generation/roadrescue-quickassist-platform-41193-41202/frontend_user_website/src/pages/SubmitRequestPage.js", "pattern": "/^export function SubmitRequestPage() {$/", "language": "JavaScript", "kind": "function", "signature": "()"}, {"_type": "tag", "name": "breakdownAddress ? \"input-error\" : \"\"}", "path": "/home/kavia/workspace/code-generation/roadrescue-quickassist-platform-41193-41202/frontend_user_website/src/pages/SubmitRequestPage.js", "pattern": "/^                      className={`input ${errors.breakdownAddress ? \"input-error\" : \"\"}`}$/", "language": "JavaScript", "kind": "field", "scope": "SubmitRequestPage.className.input ${errors", "scopeKind": "class"}, {"_type": "tag", "name": "breakdownAddress", "path": "/home/kavia/workspace/code-generation/roadrescue-quickassist-platform-41193-41202/frontend_user_website/src/pages/SubmitRequestPage.js", "pattern": "/^                      value={breakdownAddress}$/", "language": "JavaScript", "kind": "field", "scope": "SubmitRequestPage.value", "scopeKind": "class"}, {"_type": "tag", "name": "contactName", "path": "/home/kavia/workspace/code-generation/roadrescue-quickassist-platform-41193-41202/frontend_user_website/src/pages/SubmitRequestPage.js", "pattern": "/^                  value={contactName}$/", "language": "JavaScript", "kind": "field", "scope": "SubmitRequestPage.value", "scopeKind": "class"}, {"_type": "tag", "name": "contactPhone", "path": "/home/kavia/workspace/code-generation/roadrescue-quickassist-platform-41193-41202/frontend_user_website/src/pages/SubmitRequestPage.js", "pattern": "/^                  value={contactPhone}$/", "language": "JavaScript", "kind": "field", "scope": "SubmitRequestPage.value", "scopeKind": "class"}, {"_type": "tag", "name": "errors", "path": "/home/kavia/workspace/code-generation/roadrescue-quickassist-platform-41193-41202/frontend_user_website/src/pages/SubmitRequestPage.js", "pattern": "/^                  error={errors.contactName}$/", "language": "JavaScript", "kind": "field", "scope": "SubmitRequestPage.required", "scopeKind": "class"}, {"_type": "tag", "name": "errors", "path": "/home/kavia/workspace/code-generation/roadrescue-quickassist-platform-41193-41202/frontend_user_website/src/pages/SubmitRequestPage.js", "pattern": "/^                  error={errors.contactPhone}$/", "language": "JavaScript", "kind": "field", "scope": "SubmitRequestPage.required", "scopeKind": "class"}, {"_type": "tag", "name": "errors", "path": "/home/kavia/workspace/code-generation/roadrescue-quickassist-platform-41193-41202/frontend_user_website/src/pages/SubmitRequestPage.js", "pattern": "/^                  error={errors.vehicleMake}$/", "language": "JavaScript", "kind": "field", "scope": "SubmitRequestPage.required", "scopeKind": "class"}, {"_type": "tag", "name": "errors", "path": "/home/kavia/workspace/code-generation/roadrescue-quickassist-platform-41193-41202/frontend_user_website/src/pages/SubmitRequestPage.js", "pattern": "/^                  error={errors.vehicleModel}$/", "language": "JavaScript", "kind": "field", "scope": "SubmitRequestPage.required", "scopeKind": "class"}, {"_type": "tag", "name": "issueDescription ? \"input-error\" : \"\"}", "path": "/home/kavia/workspace/code-generation/roadrescue-quickassist-platform-41193-41202/frontend_user_website/src/pages/SubmitRequestPage.js", "pattern": "/^                    className={`textarea ${errors.issueDescription ? \"input-error\" : \"\"}`}$/", "language": "JavaScript", "kind": "field", "scope": "SubmitRequestPage.className.textarea ${errors", "scopeKind": "class"}, {"_type": "tag", "name": "issueDescription", "path": "/home/kavia/workspace/code-generation/roadrescue-quickassist-platform-41193-41202/frontend_user_website/src/pages/SubmitRequestPage.js", "pattern": "/^                    value={issueDescription}$/", "language": "JavaScript", "kind": "field", "scope": "SubmitRequestPage.value", "scopeKind": "class"}, {"_type": "tag", "name": "licensePlate", "path": "/home/kavia/workspace/code-generation/roadrescue-quickassist-platform-41193-41202/frontend_user_website/src/pages/SubmitRequestPage.js", "pattern": "/^                  value={licensePlate}$/", "language": "JavaScript", "kind": "field", "scope": "SubmitRequestPage.value", "scopeKind": "class"}, {"_type": "tag", "name": "vehicleMake", "path": "/home/kavia/workspace/code-generation/roadrescue-quickassist-platform-41193-41202/frontend_user_website/src/pages/SubmitRequestPage.js", "pattern": "/^                  value={vehicleMake}$/", "language": "JavaScript", "kind": "field", "scope": "SubmitRequestPage.value", "scopeKind": "class"}, {"_type": "tag", "name": "vehicleModel", "path": "/home/kavia/workspace/code-generation/roadrescue-quickassist-platform-41193-41202/frontend_user_website/src/pages/SubmitRequestPage.js", "pattern": "/^                  value={vehicleModel}$/", "language": "JavaScript", "kind": "field", "scope": "SubmitRequestPage.value", "scopeKind": "class"}, {"_type": "tag", "name": "vehicleYear", "path": "/home/kavia/workspace/code-generation/roadrescue-quickassist-platform-41193-41202/frontend_user_website/src/pages/SubmitRequestPage.js", "pattern": "/^                  value={vehicleYear}$/", "language": "JavaScript", "kind": "field", "scope": "SubmitRequestPage.value", "scopeKind": "class"}], "hash": "dba32c94df6e9d559aefda1f926fdc04", "format-version": 4, "code-base-name": "frontend_user_website", "filename": "frontend_user_website/src/pages/SubmitRequestPage.js", "fields": [{"name": "rows={4}", "scope": "SubmitRequestPage.rows", "scopeKind": "class", "description": "unavailable"}, {"name": "className={`input ${errors.breakdownAddress ? \"input-error\" : \"\"}`}", "scope": "SubmitRequestPage.className.input ${errors", "scopeKind": "class", "description": "unavailable"}, {"name": "value={breakdownAddress}", "scope": "SubmitRequestPage.value", "scopeKind": "class", "description": "unavailable"}, {"name": "value={contactName}", "scope": "SubmitRequestPage.value", "scopeKind": "class", "description": "unavailable"}, {"name": "value={contactPhone}", "scope": "SubmitRequestPage.value", "scopeKind": "class", "description": "unavailable"}, {"name": "error={errors.contactName}", "scope": "SubmitRequestPage.required", "scopeKind": "class", "description": "unavailable"}, {"name": "error={errors.contactPhone}", "scope": "SubmitRequestPage.required", "scopeKind": "class", "description": "unavailable"}, {"name": "error={errors.vehicleMake}", "scope": "SubmitRequestPage.required", "scopeKind": "class", "description": "unavailable"}, {"name": "error={errors.vehicleModel}", "scope": "SubmitRequestPage.required", "scopeKind": "class", "description": "unavailable"}, {"name": "className={`textarea ${errors.issueDescription ? \"input-error\" : \"\"}`}", "scope": "SubmitRequestPage.className.textarea ${errors", "scopeKind": "class", "description": "unavailable"}, {"name": "value={issueDescription}", "scope": "SubmitRequestPage.value", "scopeKind": "class", "description": "unavailable"}, {"name": "value={licensePlate}", "scope": "SubmitRequestPage.value", "scopeKind": "class", "description": "unavailable"}, {"name": "value={vehicleMake}", "scope": "SubmitRequestPage.value", "scopeKind": "class", "description": "unavailable"}, {"name": "value={vehicleModel}", "scope": "SubmitRequestPage.value", "scopeKind": "class", "description": "unavailable"}, {"name": "value={vehicleYear}", "scope": "SubmitRequestPage.value", "scopeKind": "class", "description": "unavailable"}]}