{"is_source_file": false, "format": "", "description": "", "external_files": [], "external_methods": [], "published": [], "classes": [], "methods": [], "calls": [], "search-terms": [], "state": 2, "file_id": 69, "knowledge_revision": 397, "git_revision": "e4e7f1ee6009c98efc79b4924fc167becd561331", "revision_history": [{"375": "d7094c8bb3d5eeb9c23cb2ddab9b21d37ee8dfc5"}, {"394": "f4f353c6c2a7e959dc97c16c3a142856210321dc"}, {"397": "e4e7f1ee6009c98efc79b4924fc167becd561331"}], "hash": "8aac2fbf291e3a12f5466ac59987ea88", "format-version": 4, "code-base-name": "frontend_user_website", "filename": "frontend_user_website/src/App.css"}