{"is_source_file": true, "format": "JavaScript (React)", "description": "This file defines a React functional component named UserShell that provides a layout with a header, quick navigation links, and a collapsible sidebar for authenticated user pages.", "external_files": ["../ui/Container", "../ui/Button", "react", "react-router-dom"], "external_methods": ["useState", "useMemo", "NavLink"], "published": ["UserShell"], "classes": [], "methods": [{"name": "shellNavLinkClass({ isActive })", "description": "Returns className string based on whether the NavLink is active.", "scope": "", "scopeKind": ""}, {"name": "UserShell({ title, subtitle, children })", "scope": "", "scopeKind": "", "description": "unavailable"}], "calls": ["useState", "useMemo", "NavLink", "shellNavLinkClass"], "search-terms": ["UserShell", "collapsible sidebar", "React component", "authenticated layout", "User quick navigation"], "state": 2, "file_id": 111, "knowledge_revision": 547, "git_revision": "e3932056a33468e189c82262e3518ef361ffdecb", "ctags": [{"_type": "tag", "name": "UserShell", "path": "/home/kavia/workspace/code-generation/roadrescue-quickassist-platform-41193-41202/frontend_user_website/src/components/layout/UserShell.js", "pattern": "/^export function UserShell({ title, subtitle, children }) {$/", "language": "JavaScript", "kind": "function", "signature": "({ title, subtitle, children })"}, {"_type": "tag", "name": "shellNavLinkClass", "path": "/home/kavia/workspace/code-generation/roadrescue-quickassist-platform-41193-41202/frontend_user_website/src/components/layout/UserShell.js", "pattern": "/^function shellNavLinkClass({ isActive }) {$/", "language": "JavaScript", "kind": "function", "signature": "({ isActive })"}, {"_type": "tag", "name": "sidebarOpen", "path": "/home/kavia/workspace/code-generation/roadrescue-quickassist-platform-41193-41202/frontend_user_website/src/components/layout/UserShell.js", "pattern": "/^                aria-expanded={sidebarOpen ? \"true\" : \"false\"}$/", "language": "JavaScript", "kind": "field", "scope": "UserShell.aria", "scopeKind": "class"}, {"_type": "tag", "name": "sidebarOpen", "path": "/home/kavia/workspace/code-generation/roadrescue-quickassist-platform-41193-41202/frontend_user_website/src/components/layout/UserShell.js", "pattern": "/^              className={sidebarOpen ? \"user-shell__sidebar user-shell__sidebar--open\" : \"user-s/", "language": "JavaScript", "kind": "field", "scope": "UserShell.className", "scopeKind": "class"}], "hash": "e20eb8b0c71399ccd4452f79f7462cb7", "format-version": 4, "code-base-name": "frontend_user_website", "filename": "frontend_user_website/src/components/layout/UserShell.js", "fields": [{"name": "aria-expanded={sidebarOpen ? \"true\" : \"false\"}", "scope": "UserShell.aria", "scopeKind": "class", "description": "unavailable"}, {"name": "className={sidebarOpen ? \"user-shell__sidebar user-shell__sidebar--open\" : \"user-s/", "scope": "UserShell.className", "scopeKind": "class", "description": "unavailable"}], "revision_history": [{"547": "e3932056a33468e189c82262e3518ef361ffdecb"}]}