{"is_source_file": true, "format": "JavaScript (React JSX)", "description": "Source code for the HomePage component of a React-based frontend website for RoadRescue QuickAssist, including UI components, layout, and navigation logic.", "external_files": ["../components/ui/Button", "../components/ui/Card", "../components/ui/Container", "../context/AuthContext", "react", "react-router-dom"], "external_methods": ["useNavigate", "useAuth"], "published": ["HomePage"], "classes": [], "methods": [{"name": "StatPill({ icon, label })", "description": "A small UI component displaying an icon and a label, representing social proof highlights.", "scope": "", "scopeKind": ""}, {"name": "StepCard({ icon, title, text })", "description": "A UI component displaying an icon, title, and descriptive text, used to illustrate the steps in the 'How it works' section.", "scope": "", "scopeKind": ""}, {"name": "HomePage()", "description": "Main React functional component rendering the public landing page for RoadRescue QuickAssist.", "scope": "", "scopeKind": ""}, {"name": "onGetHelpNow", "description": "Event handler that navigates users to either '/submit' or '/login' based on authentication status."}], "calls": ["useNavigate()", "useAuth()", "navigate('/submit')", "navigate('/login')", "navigate('/how-it-works')", "onGetHelpNow()"], "search-terms": ["HomePage React component", "RoadRescue QuickAssist UI", "roadside assistance frontend", "useAuth context", "navigation buttons", "request flow steps"], "state": 2, "file_id": 108, "knowledge_revision": 565, "git_revision": "a5fda051fbb5eb3f2a7b70f23adb6caa69702118", "revision_history": [{"535": "9460f7d0c136032955309efdf7db8099b0ca36a0"}, {"544": "e3932056a33468e189c82262e3518ef361ffdecb"}, {"561": "e3932056a33468e189c82262e3518ef361ffdecb"}, {"564": "a5fda051fbb5eb3f2a7b70f23adb6caa69702118"}, {"565": "a5fda051fbb5eb3f2a7b70f23adb6caa69702118"}], "ctags": [{"_type": "tag", "name": "HomePage", "path": "/home/kavia/workspace/code-generation/roadrescue-quickassist-platform-41193-41202/frontend_user_website/src/pages/HomePage.js", "pattern": "/^export function HomePage() {$/", "language": "JavaScript", "kind": "function", "signature": "()"}, {"_type": "tag", "name": "StatPill", "path": "/home/kavia/workspace/code-generation/roadrescue-quickassist-platform-41193-41202/frontend_user_website/src/pages/HomePage.js", "pattern": "/^function StatPill({ icon, label }) {$/", "language": "JavaScript", "kind": "function", "signature": "({ icon, label })"}, {"_type": "tag", "name": "StepCard", "path": "/home/kavia/workspace/code-generation/roadrescue-quickassist-platform-41193-41202/frontend_user_website/src/pages/HomePage.js", "pattern": "/^function StepCard({ icon, title, text }) {$/", "language": "JavaScript", "kind": "function", "signature": "({ icon, title, text })"}], "hash": "22392c224e2390d2b6478bd2d981574a", "format-version": 4, "code-base-name": "frontend_user_website", "filename": "frontend_user_website/src/pages/HomePage.js"}