{"is_source_file": false, "format": "", "description": "", "external_files": [], "external_methods": [], "published": [], "classes": [], "methods": [], "calls": [], "search-terms": [], "state": 2, "file_id": 95, "knowledge_revision": 466, "git_revision": "d7094c8bb3d5eeb9c23cb2ddab9b21d37ee8dfc5", "hash": "4763c70f89c79dd3d5097210e8a0aa3f", "format-version": 4, "code-base-name": "frontend_user_website", "filename": "frontend_user_website/package.json", "revision_history": [{"466": "d7094c8bb3d5eeb9c23cb2ddab9b21d37ee8dfc5"}]}