{"is_source_file": true, "format": "JavaScript", "description": "This file defines a React component named RequireAuth that enforces user authentication by checking for an active user session and redirecting unauthenticated users to the login page.", "external_files": ["react", "react-router-dom"], "external_methods": ["useLocation", "Navigate"], "published": ["RequireAuth"], "classes": [], "methods": [{"name": "RequireAuth({ user, children })", "description": "A React component that renders its children if the user is authenticated; otherwise, redirects to the login page.", "scope": "", "scopeKind": ""}], "calls": ["useLocation", "Navigate"], "search-terms": ["RequireAuth", "react-router-dom", "authentication", "React component", "redirect"], "state": 2, "file_id": 85, "knowledge_revision": 364, "git_revision": "d7094c8bb3d5eeb9c23cb2ddab9b21d37ee8dfc5", "ctags": [{"_type": "tag", "name": "RequireAuth", "path": "/home/kavia/workspace/code-generation/roadrescue-quickassist-platform-41193-41202/frontend_user_website/src/routes/RequireAuth.js", "pattern": "/^export function RequireAuth({ user, children }) {$/", "language": "JavaScript", "kind": "function", "signature": "({ user, children })"}], "hash": "a69d8f75d400960f97d650e985838610", "format-version": 4, "code-base-name": "frontend_user_website", "filename": "frontend_user_website/src/routes/RequireAuth.js", "revision_history": [{"364": "d7094c8bb3d5eeb9c23cb2ddab9b21d37ee8dfc5"}]}