{"is_source_file": true, "format": "JavaScript", "description": "This file is a JavaScript module that manages the initialization and configuration status of a Supabase client instance within a frontend application. It includes functions for checking configuration, logging errors, and lazily creating the Supabase client.", "external_files": ["@supabase/supabase-js", "../config/appConfig"], "external_methods": ["createClient"], "published": ["getSupabaseInitState", "isSupabaseConfigured", "getSupabase"], "classes": [], "methods": [{"name": "getSupabaseConfigStatus()", "description": "Checks whether the required environment variables for Supabase are set and returns an object indicating configuration status and messages.", "scope": "", "scopeKind": ""}, {"name": "logSupabaseConfigErrorOnce(status)", "description": "Logs an error message about missing configuration variables, but only once during the runtime.", "scope": "", "scopeKind": ""}, {"name": "getSupabaseInitState()", "description": "Public method that returns the current configuration status of the Supabase setup, invoking internal status check and logging errors if needed.", "scope": "", "scopeKind": ""}, {"name": "isSupabaseConfigured()", "description": "Returns true if the required environment variables are present and non-empty, indicating that Supabase is configured.", "scope": "", "scopeKind": ""}, {"name": "getSupabase()", "description": "Lazily initializes and returns a singleton instance of the Supabase client; throws an error if configuration is missing.", "scope": "", "scopeKind": ""}], "calls": ["getSupabaseConfigStatus", "logSupabaseConfigErrorOnce", "createClient"], "search-terms": ["supabaseClient", "lazy initialization", "configuration status", "handle missing env vars", "Supabase singleton"], "state": 2, "file_id": 72, "knowledge_revision": 456, "git_revision": "7066161a9c2ce915109ac9413e83d53395dd4a5b", "revision_history": [{"349": "15b5e00133c728e31f7cfdd11b3f578418e3e946"}, {"429": "15b5e00133c728e31f7cfdd11b3f578418e3e946"}, {"443": "fe63037cb13ed9778021272beaaedbedfeec96f2"}, {"456": "7066161a9c2ce915109ac9413e83d53395dd4a5b"}], "ctags": [{"_type": "tag", "name": "_didLogConfigError", "path": "/home/kavia/workspace/code-generation/roadrescue-quickassist-platform-41193-41202/frontend_user_website/src/services/supabaseClient.js", "pattern": "/^let _didLogConfigError = false;$/", "language": "JavaScript", "kind": "variable"}, {"_type": "tag", "name": "_supabase", "path": "/home/kavia/workspace/code-generation/roadrescue-quickassist-platform-41193-41202/frontend_user_website/src/services/supabaseClient.js", "pattern": "/^let _supabase = null;$/", "language": "JavaScript", "kind": "variable"}, {"_type": "tag", "name": "getSupabase", "path": "/home/kavia/workspace/code-generation/roadrescue-quickassist-platform-41193-41202/frontend_user_website/src/services/supabaseClient.js", "pattern": "/^export function getSupabase() {$/", "language": "JavaScript", "kind": "function", "signature": "()"}, {"_type": "tag", "name": "getSupabaseConfigStatus", "path": "/home/kavia/workspace/code-generation/roadrescue-quickassist-platform-41193-41202/frontend_user_website/src/services/supabaseClient.js", "pattern": "/^function getSupabaseConfigStatus() {$/", "language": "JavaScript", "kind": "function", "signature": "()"}, {"_type": "tag", "name": "getSupabaseInitState", "path": "/home/kavia/workspace/code-generation/roadrescue-quickassist-platform-41193-41202/frontend_user_website/src/services/supabaseClient.js", "pattern": "/^export function getSupabaseInitState() {$/", "language": "JavaScript", "kind": "function", "signature": "()"}, {"_type": "tag", "name": "isSupabaseConfigured", "path": "/home/kavia/workspace/code-generation/roadrescue-quickassist-platform-41193-41202/frontend_user_website/src/services/supabaseClient.js", "pattern": "/^export function isSupabaseConfigured() {$/", "language": "JavaScript", "kind": "function", "signature": "()"}, {"_type": "tag", "name": "logSupabaseConfigErrorOnce", "path": "/home/kavia/workspace/code-generation/roadrescue-quickassist-platform-41193-41202/frontend_user_website/src/services/supabaseClient.js", "pattern": "/^function logSupabaseConfigErrorOnce(status) {$/", "language": "JavaScript", "kind": "function", "signature": "(status)"}], "hash": "e75992e4054da9620a249f7e935c855a", "format-version": 4, "code-base-name": "frontend_user_website", "filename": "frontend_user_website/src/services/supabaseClient.js", "fields": [{"name": "let _didLogConfigError = false;", "scope": "", "scopeKind": "", "description": "unavailable"}, {"name": "let _supabase = null;", "scope": "", "scopeKind": "", "description": "unavailable"}]}