{"is_source_file": true, "format": "JavaScript (React)", "description": "This file defines a React component named RequireAuth that acts as a route guard, redirecting unauthenticated users to the login page.", "external_files": ["react", "react-router-dom", "../context/AuthContext"], "external_methods": ["useAuth", "Navigate", "useLocation"], "published": ["RequireAuth"], "classes": [], "methods": [{"name": "RequireAuth({ children })", "description": "A React component that enforces authentication for routing, redirecting unauthenticated users to the login page.", "scope": "", "scopeKind": ""}], "calls": ["useAuth", "useLocation", "Navigate"], "search-terms": ["RequireAuth", "route guard", "authentication", "react-router", "redirect", "React"], "state": 2, "file_id": 85, "knowledge_revision": 517, "git_revision": "9460f7d0c136032955309efdf7db8099b0ca36a0", "revision_history": [{"364": "d7094c8bb3d5eeb9c23cb2ddab9b21d37ee8dfc5"}, {"497": "c4fd42ce8ff2f60d249df1558a3c0c0865f108b7"}, {"517": "9460f7d0c136032955309efdf7db8099b0ca36a0"}], "ctags": [{"_type": "tag", "name": "RequireAuth", "path": "/home/kavia/workspace/code-generation/roadrescue-quickassist-platform-41193-41202/frontend_user_website/src/routes/RequireAuth.js", "pattern": "/^export function RequireAuth({ children }) {$/", "language": "JavaScript", "kind": "function", "signature": "({ children })"}], "hash": "f079528eee0f570e3c91efd5c0b44769", "format-version": 4, "code-base-name": "frontend_user_website", "filename": "frontend_user_website/src/routes/RequireAuth.js"}