{"is_source_file": true, "format": "JavaScript", "description": "This is a React component page named RequestDetailPage.js that displays detailed information about a specific request, including vehicle details, contact information, an address, and a map. It fetches request data from a data service and handles loading and error states.", "external_files": ["../components/ui/Card", "../services/dataService", "../services/statusUtils", "../components/LocationMap", "react", "react-router-dom"], "external_methods": ["dataService.getRequestById", "statusLabel", "useParams", "Link"], "published": ["RequestDetailPage"], "classes": [], "methods": [{"name": "isValidCoord(n, min, max)", "description": "Utility function to validate if a coordinate is a finite number within specified bounds.", "scope": "", "scopeKind": ""}, {"name": "RequestDetailPage({ user })", "scope": "", "scopeKind": "", "description": "unavailable"}], "calls": ["dataService.getRequestById", "statusLabel", "useParams", "useEffect", "useMemo", "useState", "setReq", "setError", "new Date", "toLocaleString", "LocationMap"], "search-terms": ["RequestDetailPage", "location map", "request details", "vehicle info", "request ID"], "state": 2, "file_id": 90, "knowledge_revision": 480, "git_revision": "ccd5eab631449c0f19d901fb57d943cf2829df73", "revision_history": [{"371": "ca09881e92259bc04b5062fe7eafb5aba25ec941"}, {"470": "4df64072ecff4147ced1d3bd08d6f9db6d098f5b"}, {"480": "ccd5eab631449c0f19d901fb57d943cf2829df73"}], "ctags": [{"_type": "tag", "name": "RequestDetailPage", "path": "/home/kavia/workspace/code-generation/roadrescue-quickassist-platform-41193-41202/frontend_user_website/src/pages/RequestDetailPage.js", "pattern": "/^export function RequestDetailPage({ user }) {$/", "language": "JavaScript", "kind": "function", "signature": "({ user })"}, {"_type": "tag", "name": "isValidCoord", "path": "/home/kavia/workspace/code-generation/roadrescue-quickassist-platform-41193-41202/frontend_user_website/src/pages/RequestDetailPage.js", "pattern": "/^function isValidCoord(n, min, max) {$/", "language": "JavaScript", "kind": "function", "signature": "(n, min, max)"}], "hash": "a5873cfc964449f1442ef25d920ddeae", "format-version": 4, "code-base-name": "frontend_user_website", "filename": "frontend_user_website/src/pages/RequestDetailPage.js"}