{"is_source_file": true, "format": "JavaScript", "description": "This file defines a React component named TwilioSmsDemoCard which provides a user interface to send SMS messages via Twilio's REST API directly from the browser, primarily for demo purposes. It includes functions to retrieve Twilio configuration from environment variables, validate phone numbers, handle API responses, and manage component state.", "external_files": ["../ui/Card", "../ui/Input", "../ui/Button"], "external_methods": [], "published": ["TwilioSmsDemoCard"], "classes": [], "methods": [{"name": "getTwilioConfig()", "description": "Retrieves Twilio configuration details (account SID, auth token, messaging service SID, from number) from environment variables.", "scope": "", "scopeKind": ""}, {"name": "isLikelyE164(phone)", "description": "Performs minimal validation to check if a phone number string conforms to E.164 format.", "scope": "", "scopeKind": ""}, {"name": "parseTwilioError(response)", "description": "Parses the response from Twilio API for errors, trying JSON body first, then fallback to text.", "scope": "", "scopeKind": ""}, {"name": "TwilioSmsDemoCard({ title = \"SMS Demo\", defaultTo = \"\" })", "scope": "", "scopeKind": "", "description": "unavailable"}], "calls": ["React.useMemo", "React.useState", "fetch", "btoa"], "search-terms": ["TwilioSmsDemoCard", "React component", "send SMS", "Twilio API", "demo-only warning", "phone number validation", "environment variables", "Twilio credentials"], "state": 2, "file_id": 77, "knowledge_revision": 438, "git_revision": "fe63037cb13ed9778021272beaaedbedfeec96f2", "revision_history": [{"360": "0c3d79b311925402e0dd354a955e3011ebb3a8e0"}, {"424": "adddec63496c05acbad8f707fc07bd60b2d8ca52"}, {"438": "fe63037cb13ed9778021272beaaedbedfeec96f2"}], "ctags": [{"_type": "tag", "name": "TwilioSmsDemoCard", "path": "/home/kavia/workspace/code-generation/roadrescue-quickassist-platform-41193-41202/frontend_user_website/src/components/demo/TwilioSmsDemoCard.js", "pattern": "/^export function TwilioSmsDemoCard({ title = \"SMS Demo\", defaultTo = \"\" }) {$/", "language": "JavaScript", "kind": "function", "signature": "({ title = \"SMS Demo\", defaultTo = \"\" })"}, {"_type": "tag", "name": "getTwilioConfig", "path": "/home/kavia/workspace/code-generation/roadrescue-quickassist-platform-41193-41202/frontend_user_website/src/components/demo/TwilioSmsDemoCard.js", "pattern": "/^function getTwilioConfig() {$/", "language": "JavaScript", "kind": "function", "signature": "()"}, {"_type": "tag", "name": "isLikelyE164", "path": "/home/kavia/workspace/code-generation/roadrescue-quickassist-platform-41193-41202/frontend_user_website/src/components/demo/TwilioSmsDemoCard.js", "pattern": "/^function isLikelyE164(phone) {$/", "language": "JavaScript", "kind": "function", "signature": "(phone)"}, {"_type": "tag", "name": "loading", "path": "/home/kavia/workspace/code-generation/roadrescue-quickassist-platform-41193-41202/frontend_user_website/src/components/demo/TwilioSmsDemoCard.js", "pattern": "/^          disabled={loading}$/", "language": "JavaScript", "kind": "field", "scope": "disabled", "scopeKind": "class"}, {"_type": "tag", "name": "parseTwilioError", "path": "/home/kavia/workspace/code-generation/roadrescue-quickassist-platform-41193-41202/frontend_user_website/src/components/demo/TwilioSmsDemoCard.js", "pattern": "/^async function parseTwilioError(response) {$/", "language": "JavaScript", "kind": "function", "signature": "(response)"}, {"_type": "tag", "name": "title", "path": "/home/kavia/workspace/code-generation/roadrescue-quickassist-platform-41193-41202/frontend_user_website/src/components/demo/TwilioSmsDemoCard.js", "pattern": "/^    <Card title={title} subtitle=\"Demo-only: Simulates \u2018Mechanic accepts job\u2019 by sending an /", "language": "JavaScript", "kind": "field", "scope": "TwilioSmsDemoCard.AnonymousClassc65cc0a00101", "scopeKind": "class"}], "hash": "4bd0062d0a03a030356d2cd94bb5d025", "format-version": 4, "code-base-name": "frontend_user_website", "filename": "frontend_user_website/src/components/demo/TwilioSmsDemoCard.js", "fields": [{"name": "disabled={loading}", "scope": "disabled", "scopeKind": "class", "description": "unavailable"}, {"name": "<Card title={title} subtitle=\"Demo-only: Simulates \u2018Mechanic accepts job\u2019 by sending an /", "scope": "TwilioSmsDemoCard.AnonymousClassc65cc0a00101", "scopeKind": "class", "description": "unavailable"}]}