{"is_source_file": true, "format": "JavaScript (React JSX)", "description": "This file defines the HomePage React component for the frontend user website, providing a landing page with multiple sections including hero, features, how-it-works steps, and call-to-action. It imports React, routing hooks, custom UI components, and authentication context.", "external_files": ["../components/ui/Button", "../components/ui/Card", "../context/AuthContext"], "external_methods": ["useNavigate", "useAuth"], "published": ["HomePage"], "classes": [], "methods": [{"name": "onGetHelp", "description": "Handles click event for the 'Get Started' button, navigating to either '/submit' or '/login' based on user's authentication state."}, {"name": "HomePage()", "scope": "", "scopeKind": "", "description": "unavailable"}], "calls": ["useNavigate", "useAuth", "navigate", "Button", "Card"], "search-terms": ["HomePage React component", "landing page JSX", "React hooks routing", "AuthContext usage", "UI components", "Featured sections", "Navigation logic"], "state": 2, "file_id": 108, "knowledge_revision": 564, "git_revision": "a5fda051fbb5eb3f2a7b70f23adb6caa69702118", "revision_history": [{"535": "9460f7d0c136032955309efdf7db8099b0ca36a0"}, {"544": "e3932056a33468e189c82262e3518ef361ffdecb"}, {"561": "e3932056a33468e189c82262e3518ef361ffdecb"}, {"564": "a5fda051fbb5eb3f2a7b70f23adb6caa69702118"}], "ctags": [{"_type": "tag", "name": "HomePage", "path": "/home/kavia/workspace/code-generation/roadrescue-quickassist-platform-41193-41202/frontend_user_website/src/pages/HomePage.js", "pattern": "/^export function HomePage() {$/", "language": "JavaScript", "kind": "function", "signature": "()"}], "hash": "9f22f571988290cd72b62dbbefe2cac0", "format-version": 4, "code-base-name": "frontend_user_website", "filename": "frontend_user_website/src/pages/HomePage.js"}