{"is_source_file": true, "format": "JavaScript (React component)", "description": "This file defines a React UI component 'Button' with various styling and behavior options, including different variants and sizes.", "external_files": ["react"], "external_methods": ["React"], "published": ["Button"], "classes": [], "methods": [{"name": "cx(...parts)", "description": "Utility function to join classNames safely.", "scope": "", "scopeKind": ""}, {"name": "normalizeVariant(variant)", "description": "Maps legacy or string variant inputs to a standardized set of style variants.", "scope": "", "scopeKind": ""}, {"name": "normalizeSize(size)", "description": "Normalizes size inputs to predefined size classes.", "scope": "", "scopeKind": ""}, {"name": "Button({ children, variant = \"primary\", size = \"md\", type = \"button\", disabled, onClick, style, className, as: As = \"button\", href, to,  ...rest })", "description": "React functional component that renders a styled button or link with different variants and sizes.", "scope": "", "scopeKind": ""}], "calls": ["normalizeVariant(variant)", "normalizeSize(size)"], "search-terms": ["React Button component", "variant normalization", "UI button", "classNames utility", "customizable button React"], "state": 2, "file_id": 83, "knowledge_revision": 539, "git_revision": "d7094c8bb3d5eeb9c23cb2ddab9b21d37ee8dfc5", "revision_history": [{"362": "d7094c8bb3d5eeb9c23cb2ddab9b21d37ee8dfc5"}, {"539": "d7094c8bb3d5eeb9c23cb2ddab9b21d37ee8dfc5"}], "ctags": [{"_type": "tag", "name": "Button", "path": "/home/kavia/workspace/code-generation/roadrescue-quickassist-platform-41193-41202/frontend_user_website/src/components/ui/Button.js", "pattern": "/^export function Button({$/", "language": "JavaScript", "kind": "function", "signature": "({ children, variant = \"primary\", size = \"md\", type = \"button\", disabled, onClick, style, className, as: As = \"button\", href, to,  ...rest })"}, {"_type": "tag", "name": "classes", "path": "/home/kavia/workspace/code-generation/roadrescue-quickassist-platform-41193-41202/frontend_user_website/src/components/ui/Button.js", "pattern": "/^        className={classes}$/", "language": "JavaScript", "kind": "field", "scope": "Button.className", "scopeKind": "class"}, {"_type": "tag", "name": "cx", "path": "/home/kavia/workspace/code-generation/roadrescue-quickassist-platform-41193-41202/frontend_user_website/src/components/ui/Button.js", "pattern": "/^function cx(...parts) {$/", "language": "JavaScript", "kind": "function", "signature": "(...parts)"}, {"_type": "tag", "name": "disabled", "path": "/home/kavia/workspace/code-generation/roadrescue-quickassist-platform-41193-41202/frontend_user_website/src/components/ui/Button.js", "pattern": "/^        aria-disabled={disabled ? \"true\" : \"false\"}$/", "language": "JavaScript", "kind": "field", "scope": "Button.aria", "scopeKind": "class"}, {"_type": "tag", "name": "disabled", "path": "/home/kavia/workspace/code-generation/roadrescue-quickassist-platform-41193-41202/frontend_user_website/src/components/ui/Button.js", "pattern": "/^        tabIndex={disabled ? -1 : 0}$/", "language": "JavaScript", "kind": "field", "scope": "Button.tabIndex", "scopeKind": "class"}, {"_type": "tag", "name": "href", "path": "/home/kavia/workspace/code-generation/roadrescue-quickassist-platform-41193-41202/frontend_user_website/src/components/ui/Button.js", "pattern": "/^        href={href}$/", "language": "JavaScript", "kind": "field", "scope": "Button.href", "scopeKind": "class"}, {"_type": "tag", "name": "normalizeSize", "path": "/home/kavia/workspace/code-generation/roadrescue-quickassist-platform-41193-41202/frontend_user_website/src/components/ui/Button.js", "pattern": "/^function normalizeSize(size) {$/", "language": "JavaScript", "kind": "function", "signature": "(size)"}, {"_type": "tag", "name": "normalizeVariant", "path": "/home/kavia/workspace/code-generation/roadrescue-quickassist-platform-41193-41202/frontend_user_website/src/components/ui/Button.js", "pattern": "/^function normalizeVariant(variant) {$/", "language": "JavaScript", "kind": "function", "signature": "(variant)"}, {"_type": "tag", "name": "onClick", "path": "/home/kavia/workspace/code-generation/roadrescue-quickassist-platform-41193-41202/frontend_user_website/src/components/ui/Button.js", "pattern": "/^        onClick={onClick}$/", "language": "JavaScript", "kind": "field", "scope": "Button.onClick", "scopeKind": "class"}, {"_type": "tag", "name": "style", "path": "/home/kavia/workspace/code-generation/roadrescue-quickassist-platform-41193-41202/frontend_user_website/src/components/ui/Button.js", "pattern": "/^        style={style}$/", "language": "JavaScript", "kind": "field", "scope": "Button.style", "scopeKind": "class"}, {"_type": "tag", "name": "type", "path": "/home/kavia/workspace/code-generation/roadrescue-quickassist-platform-41193-41202/frontend_user_website/src/components/ui/Button.js", "pattern": "/^    <button type={type} className={classes} disabled={disabled} onClick={onClick} style={style} /", "language": "JavaScript", "kind": "field", "scope": "Button.AnonymousClassa4edaccb0101", "scopeKind": "class"}], "hash": "0ba8fd5f4b678b7572a9c70c051ab766", "format-version": 4, "code-base-name": "frontend_user_website", "filename": "frontend_user_website/src/components/ui/Button.js", "fields": [{"name": "className={classes}", "scope": "Button.className", "scopeKind": "class", "description": "unavailable"}, {"name": "aria-disabled={disabled ? \"true\" : \"false\"}", "scope": "Button.aria", "scopeKind": "class", "description": "unavailable"}, {"name": "tabIndex={disabled ? -1 : 0}", "scope": "Button.tabIndex", "scopeKind": "class", "description": "unavailable"}, {"name": "href={href}", "scope": "Button.href", "scopeKind": "class", "description": "unavailable"}, {"name": "onClick={onClick}", "scope": "Button.onClick", "scopeKind": "class", "description": "unavailable"}, {"name": "style={style}", "scope": "Button.style", "scopeKind": "class", "description": "unavailable"}, {"name": "<button type={type} className={classes} disabled={disabled} onClick={onClick} style={style} /", "scope": "Button.AnonymousClassa4edaccb0101", "scopeKind": "class", "description": "unavailable"}]}