{"is_source_file": true, "format": "JavaScript", "description": "This file provides data service functions interfacing with a Supabase backend, including user authentication, profile management, and request handling. It includes utility functions for normalizing data structures and handling errors, as well as core API methods for registration, login, request CRUD operations, and subscription management.", "external_files": ["./statusUtils", "./supabaseClient", "../config/appConfig", "../utils/withTimeout"], "external_methods": ["getSupabase", "normalizeStatus", "withTimeout"], "published": ["dataService"], "classes": [], "methods": [{"name": "supaUserToAppUser(supaUser)", "description": "Converts a Supabase auth user object into a minimal application user object, attempting to fetch additional role/approved info from the public profiles table.", "scope": "", "scopeKind": ""}, {"name": "normalizeVehicle(vehicle, row)", "description": "Normalizes raw vehicle data from database rows into a consistent {make, model} object.", "scope": "", "scopeKind": ""}, {"name": "normalizeContact(contact, row)", "description": "Normalizes raw contact information from database rows into a consistent {name, phone} object.", "scope": "", "scopeKind": ""}, {"name": "forceUserCreateStatusOpen(payload)", "description": "Sanitizes request payloads to ensure the 'status' field is set to 'open' and prevents caller-injected statuses.", "scope": "", "scopeKind": ""}, {"name": "normalizeSupabaseAuthError(err)", "description": "Converts various Supabase auth error messages into user-friendly strings.", "scope": "", "scopeKind": ""}, {"name": "createRequest({ user, vehicle, issueDescription, contact, location, status } = {})", "scope": "dataService", "scopeKind": "class", "description": "unavailable"}, {"name": "getCurrentUser()", "scope": "dataService", "scopeKind": "class", "description": "unavailable"}, {"name": "getProfile(userId)", "scope": "dataService", "scopeKind": "class", "description": "unavailable"}, {"name": "getRequestById(requestId)", "scope": "dataService", "scopeKind": "class", "description": "unavailable"}, {"name": "getUserFromSession()", "scope": "dataService", "scopeKind": "class", "description": "unavailable"}, {"name": "isSupabaseConfigured()", "scope": "dataService", "scopeKind": "class", "description": "unavailable"}, {"name": "listRequests({ forUserId } = {})", "scope": "dataService", "scopeKind": "class", "description": "unavailable"}, {"name": "login(email, password)", "scope": "dataService", "scopeKind": "class", "description": "unavailable"}, {"name": "loginWithGoogle({ redirectTo } = {})", "scope": "dataService", "scopeKind": "class", "description": "unavailable"}, {"name": "logout()", "scope": "dataService", "scopeKind": "class", "description": "unavailable"}, {"name": "register(email, password)", "scope": "dataService", "scopeKind": "class", "description": "unavailable"}, {"name": "subscribeToAuthChanges(onUserChanged)", "scope": "dataService", "scopeKind": "class", "description": "unavailable"}], "calls": ["getSupabase()", "normalizeStatus()", "withTimeout()", "supabase.auth.signUp()", "supabase.auth.signInWithPassword()", "supabase.auth.signInWithOAuth()", "supabase.auth.signOut()", "supabase.auth.getSession()", "supabase.auth.getUser()", "supabase.from('profiles').select()", "supabase.from('profiles').insert()", "supabase.from('requests').select()", "supabase.from('requests').insert()"], "search-terms": ["supabaseUserToAppUser", "normalizeVehicle", "normalizeContact", "forceUserCreateStatusOpen", "dataService", "register", "login", "logout", "subscribeToAuthChanges", "listRequests", "createRequest", "getRequestById", "getProfile"], "state": 2, "file_id": 73, "knowledge_revision": 507, "git_revision": "858bd544d4145b53d875745a371f7d93eb79e402", "revision_history": [{"352": "15b5e00133c728e31f7cfdd11b3f578418e3e946"}, {"498": "4df64072ecff4147ced1d3bd08d6f9db6d098f5b"}, {"502": "40fbc15814f3eb78e86fa58f45962c80516c6a2f"}, {"506": "40fbc15814f3eb78e86fa58f45962c80516c6a2f"}, {"507": "858bd544d4145b53d875745a371f7d93eb79e402"}], "ctags": [{"_type": "tag", "name": "createRequest", "path": "/home/kavia/workspace/code-generation/roadrescue-quickassist-platform-41193-41202/frontend_user_website/src/services/dataService.js", "pattern": "/^  async createRequest({ user, vehicle, issueDescription, contact, location, status } = {}) {$/", "language": "JavaScript", "kind": "method", "signature": "({ user, vehicle, issueDescription, contact, location, status } = {})", "scope": "dataService", "scopeKind": "class"}, {"_type": "tag", "name": "dataService", "path": "/home/kavia/workspace/code-generation/roadrescue-quickassist-platform-41193-41202/frontend_user_website/src/services/dataService.js", "pattern": "/^export const dataService = {$/", "language": "JavaScript", "kind": "class"}, {"_type": "tag", "name": "forceUserCreateStatusOpen", "path": "/home/kavia/workspace/code-generation/roadrescue-quickassist-platform-41193-41202/frontend_user_website/src/services/dataService.js", "pattern": "/^function forceUserCreateStatusOpen(payload) {$/", "language": "JavaScript", "kind": "function", "signature": "(payload)"}, {"_type": "tag", "name": "getCurrentUser", "path": "/home/kavia/workspace/code-generation/roadrescue-quickassist-platform-41193-41202/frontend_user_website/src/services/dataService.js", "pattern": "/^  async getCurrentUser() {$/", "language": "JavaScript", "kind": "method", "signature": "()", "scope": "dataService", "scopeKind": "class"}, {"_type": "tag", "name": "getProfile", "path": "/home/kavia/workspace/code-generation/roadrescue-quickassist-platform-41193-41202/frontend_user_website/src/services/dataService.js", "pattern": "/^  async getProfile(userId) {$/", "language": "JavaScript", "kind": "method", "signature": "(userId)", "scope": "dataService", "scopeKind": "class"}, {"_type": "tag", "name": "getRequestById", "path": "/home/kavia/workspace/code-generation/roadrescue-quickassist-platform-41193-41202/frontend_user_website/src/services/dataService.js", "pattern": "/^  async getRequestById(requestId) {$/", "language": "JavaScript", "kind": "method", "signature": "(requestId)", "scope": "dataService", "scopeKind": "class"}, {"_type": "tag", "name": "getUserFromSession", "path": "/home/kavia/workspace/code-generation/roadrescue-quickassist-platform-41193-41202/frontend_user_website/src/services/dataService.js", "pattern": "/^  async getUserFromSession() {$/", "language": "JavaScript", "kind": "method", "signature": "()", "scope": "dataService", "scopeKind": "class"}, {"_type": "tag", "name": "isSupabaseConfigured", "path": "/home/kavia/workspace/code-generation/roadrescue-quickassist-platform-41193-41202/frontend_user_website/src/services/dataService.js", "pattern": "/^  isSupabaseConfigured() {$/", "language": "JavaScript", "kind": "method", "signature": "()", "scope": "dataService", "scopeKind": "class"}, {"_type": "tag", "name": "listRequests", "path": "/home/kavia/workspace/code-generation/roadrescue-quickassist-platform-41193-41202/frontend_user_website/src/services/dataService.js", "pattern": "/^  async listRequests({ forUserId } = {}) {$/", "language": "JavaScript", "kind": "method", "signature": "({ forUserId } = {})", "scope": "dataService", "scopeKind": "class"}, {"_type": "tag", "name": "login", "path": "/home/kavia/workspace/code-generation/roadrescue-quickassist-platform-41193-41202/frontend_user_website/src/services/dataService.js", "pattern": "/^  async login(email, password) {$/", "language": "JavaScript", "kind": "method", "signature": "(email, password)", "scope": "dataService", "scopeKind": "class"}, {"_type": "tag", "name": "loginWithGoogle", "path": "/home/kavia/workspace/code-generation/roadrescue-quickassist-platform-41193-41202/frontend_user_website/src/services/dataService.js", "pattern": "/^  async loginWithGoogle({ redirectTo } = {}) {$/", "language": "JavaScript", "kind": "method", "signature": "({ redirectTo } = {})", "scope": "dataService", "scopeKind": "class"}, {"_type": "tag", "name": "logout", "path": "/home/kavia/workspace/code-generation/roadrescue-quickassist-platform-41193-41202/frontend_user_website/src/services/dataService.js", "pattern": "/^  async logout() {$/", "language": "JavaScript", "kind": "method", "signature": "()", "scope": "dataService", "scopeKind": "class"}, {"_type": "tag", "name": "make", "path": "/home/kavia/workspace/code-generation/roadrescue-quickassist-platform-41193-41202/frontend_user_website/src/services/dataService.js", "pattern": "/^      make: vehicle && typeof vehicle.make === \"string\" ? vehicle.make : \"\",$/", "language": "JavaScript", "kind": "property", "scope": "dataService.createRequest.safeVehicle", "scopeKind": "class"}, {"_type": "tag", "name": "model", "path": "/home/kavia/workspace/code-generation/roadrescue-quickassist-platform-41193-41202/frontend_user_website/src/services/dataService.js", "pattern": "/^      model: vehicle && typeof vehicle.model === \"string\" ? vehicle.model : \"\",$/", "language": "JavaScript", "kind": "property", "scope": "dataService.createRequest.safeVehicle", "scopeKind": "class"}, {"_type": "tag", "name": "name", "path": "/home/kavia/workspace/code-generation/roadrescue-quickassist-platform-41193-41202/frontend_user_website/src/services/dataService.js", "pattern": "/^      name: contact?.name || \"\",$/", "language": "JavaScript", "kind": "property", "scope": "dataService.createRequest.safeContact", "scopeKind": "class"}, {"_type": "tag", "name": "normalizeContact", "path": "/home/kavia/workspace/code-generation/roadrescue-quickassist-platform-41193-41202/frontend_user_website/src/services/dataService.js", "pattern": "/^function normalizeContact(contact, row) {$/", "language": "JavaScript", "kind": "function", "signature": "(contact, row)"}, {"_type": "tag", "name": "normalizeSupabaseAuthError", "path": "/home/kavia/workspace/code-generation/roadrescue-quickassist-platform-41193-41202/frontend_user_website/src/services/dataService.js", "pattern": "/^function normalizeSupabaseAuthError(err) {$/", "language": "JavaScript", "kind": "function", "signature": "(err)"}, {"_type": "tag", "name": "normalizeVehicle", "path": "/home/kavia/workspace/code-generation/roadrescue-quickassist-platform-41193-41202/frontend_user_website/src/services/dataService.js", "pattern": "/^function normalizeVehicle(vehicle, row) {$/", "language": "JavaScript", "kind": "function", "signature": "(vehicle, row)"}, {"_type": "tag", "name": "phone", "path": "/home/kavia/workspace/code-generation/roadrescue-quickassist-platform-41193-41202/frontend_user_website/src/services/dataService.js", "pattern": "/^      phone: contact?.phone || \"\",$/", "language": "JavaScript", "kind": "property", "scope": "dataService.createRequest.safeContact", "scopeKind": "class"}, {"_type": "tag", "name": "register", "path": "/home/kavia/workspace/code-generation/roadrescue-quickassist-platform-41193-41202/frontend_user_website/src/services/dataService.js", "pattern": "/^  async register(email, password) {$/", "language": "JavaScript", "kind": "method", "signature": "(email, password)", "scope": "dataService", "scopeKind": "class"}, {"_type": "tag", "name": "safeContact", "path": "/home/kavia/workspace/code-generation/roadrescue-quickassist-platform-41193-41202/frontend_user_website/src/services/dataService.js", "pattern": "/^    const safeContact = {$/", "language": "JavaScript", "kind": "class", "scope": "dataService.createRequest", "scopeKind": "class"}, {"_type": "tag", "name": "safeVehicle", "path": "/home/kavia/workspace/code-generation/roadrescue-quickassist-platform-41193-41202/frontend_user_website/src/services/dataService.js", "pattern": "/^    const safeVehicle = {$/", "language": "JavaScript", "kind": "class", "scope": "dataService.createRequest", "scopeKind": "class"}, {"_type": "tag", "name": "subscribeToAuthChanges", "path": "/home/kavia/workspace/code-generation/roadrescue-quickassist-platform-41193-41202/frontend_user_website/src/services/dataService.js", "pattern": "/^  subscribeToAuthChanges(onUserChanged) {$/", "language": "JavaScript", "kind": "method", "signature": "(onUserChanged)", "scope": "dataService", "scopeKind": "class"}, {"_type": "tag", "name": "supaUserToAppUser", "path": "/home/kavia/workspace/code-generation/roadrescue-quickassist-platform-41193-41202/frontend_user_website/src/services/dataService.js", "pattern": "/^async function supaUserToAppUser(supaUser) {$/", "language": "JavaScript", "kind": "function", "signature": "(supaUser)"}], "hash": "a121e4a2c28722f186c8672bd83af722", "format-version": 4, "code-base-name": "frontend_user_website", "filename": "frontend_user_website/src/services/dataService.js", "fields": [{"name": "make: vehicle && typeof vehicle.make === \"string\" ? vehicle.make : \"\",", "scope": "dataService.createRequest.safeVehicle", "scopeKind": "class", "description": "unavailable"}, {"name": "model: vehicle && typeof vehicle.model === \"string\" ? vehicle.model : \"\",", "scope": "dataService.createRequest.safeVehicle", "scopeKind": "class", "description": "unavailable"}, {"name": "name: contact?.name || \"\",", "scope": "dataService.createRequest.safeContact", "scopeKind": "class", "description": "unavailable"}, {"name": "phone: contact?.phone || \"\",", "scope": "dataService.createRequest.safeContact", "scopeKind": "class", "description": "unavailable"}]}