{"is_source_file": true, "format": "JavaScript (React)", "description": "This file defines a React functional component 'AboutPage' that displays information about the QuickAssist MVP, including authentication mode details and configuration instructions.", "external_files": ["../components/ui/Card", "../theme"], "external_methods": ["isSupabaseConfigured"], "published": ["AboutPage"], "classes": [], "methods": [{"name": "AboutPage()", "description": "React functional component rendering an informational page about the QuickAssist MVP and authentication modes.", "scope": "", "scopeKind": ""}], "calls": ["React", "isSupabaseConfigured"], "search-terms": ["AboutPage", "Supabase", "React", "quickassist", "authentication", "UI component", "configuration"], "state": 2, "file_id": 87, "knowledge_revision": 369, "git_revision": "d7094c8bb3d5eeb9c23cb2ddab9b21d37ee8dfc5", "ctags": [{"_type": "tag", "name": "AboutPage", "path": "/home/kavia/workspace/code-generation/roadrescue-quickassist-platform-41193-41202/frontend_user_website/src/pages/AboutPage.js", "pattern": "/^export function AboutPage() {$/", "language": "JavaScript", "kind": "function", "signature": "()"}], "hash": "b8059f75b4070017f78a9407b2835f63", "format-version": 4, "code-base-name": "frontend_user_website", "filename": "frontend_user_website/src/pages/AboutPage.js", "revision_history": [{"369": "d7094c8bb3d5eeb9c23cb2ddab9b21d37ee8dfc5"}]}