{"is_source_file": true, "format": "JavaScript", "description": "This file defines a theme object with color, radius, and shadow properties for styling purposes, and exports a function to check if Supabase is configured via environment variables.", "external_files": [], "external_methods": ["process.env"], "published": ["theme", "isSupabaseConfigured"], "classes": [], "methods": [{"name": "isSupabaseConfigured()", "description": "Checks if the REACT_APP_SUPABASE_URL and REACT_APP_SUPABASE_KEY environment variables are set and non-empty, indicating Supabase is configured.", "scope": "", "scopeKind": ""}], "calls": ["Boolean", "process.env.REACT_APP_SUPABASE_URL", "process.env.REACT_APP_SUPABASE_KEY"], "search-terms": ["theme", "colors", "radius", "shadow", "isSupabaseConfigured", "environment variables", "styling", "React"], "state": 2, "file_id": 70, "knowledge_revision": 350, "git_revision": "d7094c8bb3d5eeb9c23cb2ddab9b21d37ee8dfc5", "ctags": [{"_type": "tag", "name": "background", "path": "/home/kavia/workspace/code-generation/roadrescue-quickassist-platform-41193-41202/frontend_user_website/src/theme.js", "pattern": "/^    background: \"#f9fafb\",$/", "language": "JavaScript", "kind": "property", "scope": "theme.colors", "scopeKind": "class"}, {"_type": "tag", "name": "border", "path": "/home/kavia/workspace/code-generation/roadrescue-quickassist-platform-41193-41202/frontend_user_website/src/theme.js", "pattern": "/^    border: \"#E5E7EB\",$/", "language": "JavaScript", "kind": "property", "scope": "theme.colors", "scopeKind": "class"}, {"_type": "tag", "name": "colors", "path": "/home/kavia/workspace/code-generation/roadrescue-quickassist-platform-41193-41202/frontend_user_website/src/theme.js", "pattern": "/^  colors: {$/", "language": "JavaScript", "kind": "class", "scope": "theme", "scopeKind": "class"}, {"_type": "tag", "name": "error", "path": "/home/kavia/workspace/code-generation/roadrescue-quickassist-platform-41193-41202/frontend_user_website/src/theme.js", "pattern": "/^    error: \"#EF4444\",$/", "language": "JavaScript", "kind": "property", "scope": "theme.colors", "scopeKind": "class"}, {"_type": "tag", "name": "isSupabaseConfigured", "path": "/home/kavia/workspace/code-generation/roadrescue-quickassist-platform-41193-41202/frontend_user_website/src/theme.js", "pattern": "/^export function isSupabaseConfigured() {$/", "language": "JavaScript", "kind": "function", "signature": "()"}, {"_type": "tag", "name": "lg", "path": "/home/kavia/workspace/code-generation/roadrescue-quickassist-platform-41193-41202/frontend_user_website/src/theme.js", "pattern": "/^    lg: \"18px\",$/", "language": "JavaScript", "kind": "property", "scope": "theme.radius", "scopeKind": "class"}, {"_type": "tag", "name": "md", "path": "/home/kavia/workspace/code-generation/roadrescue-quickassist-platform-41193-41202/frontend_user_website/src/theme.js", "pattern": "/^    md: \"0 10px 25px rgba(17,24,39,0.10)\",$/", "language": "JavaScript", "kind": "property", "scope": "theme.shadow", "scopeKind": "class"}, {"_type": "tag", "name": "md", "path": "/home/kavia/workspace/code-generation/roadrescue-quickassist-platform-41193-41202/frontend_user_website/src/theme.js", "pattern": "/^    md: \"14px\",$/", "language": "JavaScript", "kind": "property", "scope": "theme.radius", "scopeKind": "class"}, {"_type": "tag", "name": "mutedText", "path": "/home/kavia/workspace/code-generation/roadrescue-quickassist-platform-41193-41202/frontend_user_website/src/theme.js", "pattern": "/^    mutedText: \"#6B7280\",$/", "language": "JavaScript", "kind": "property", "scope": "theme.colors", "scopeKind": "class"}, {"_type": "tag", "name": "primary", "path": "/home/kavia/workspace/code-generation/roadrescue-quickassist-platform-41193-41202/frontend_user_website/src/theme.js", "pattern": "/^    primary: \"#2563EB\",$/", "language": "JavaScript", "kind": "property", "scope": "theme.colors", "scopeKind": "class"}, {"_type": "tag", "name": "radius", "path": "/home/kavia/workspace/code-generation/roadrescue-quickassist-platform-41193-41202/frontend_user_website/src/theme.js", "pattern": "/^  radius: {$/", "language": "JavaScript", "kind": "class", "scope": "theme", "scopeKind": "class"}, {"_type": "tag", "name": "secondary", "path": "/home/kavia/workspace/code-generation/roadrescue-quickassist-platform-41193-41202/frontend_user_website/src/theme.js", "pattern": "/^    secondary: \"#F59E0B\",$/", "language": "JavaScript", "kind": "property", "scope": "theme.colors", "scopeKind": "class"}, {"_type": "tag", "name": "shadow", "path": "/home/kavia/workspace/code-generation/roadrescue-quickassist-platform-41193-41202/frontend_user_website/src/theme.js", "pattern": "/^  shadow: {$/", "language": "JavaScript", "kind": "class", "scope": "theme", "scopeKind": "class"}, {"_type": "tag", "name": "sm", "path": "/home/kavia/workspace/code-generation/roadrescue-quickassist-platform-41193-41202/frontend_user_website/src/theme.js", "pattern": "/^    sm: \"0 1px 2px rgba(0,0,0,0.06)\",$/", "language": "JavaScript", "kind": "property", "scope": "theme.shadow", "scopeKind": "class"}, {"_type": "tag", "name": "sm", "path": "/home/kavia/workspace/code-generation/roadrescue-quickassist-platform-41193-41202/frontend_user_website/src/theme.js", "pattern": "/^    sm: \"10px\",$/", "language": "JavaScript", "kind": "property", "scope": "theme.radius", "scopeKind": "class"}, {"_type": "tag", "name": "subtleBlue", "path": "/home/kavia/workspace/code-generation/roadrescue-quickassist-platform-41193-41202/frontend_user_website/src/theme.js", "pattern": "/^    subtleBlue: \"rgba(37, 99, 235, 0.10)\",$/", "language": "JavaScript", "kind": "property", "scope": "theme.colors", "scopeKind": "class"}, {"_type": "tag", "name": "success", "path": "/home/kavia/workspace/code-generation/roadrescue-quickassist-platform-41193-41202/frontend_user_website/src/theme.js", "pattern": "/^    success: \"#F59E0B\",$/", "language": "JavaScript", "kind": "property", "scope": "theme.colors", "scopeKind": "class"}, {"_type": "tag", "name": "surface", "path": "/home/kavia/workspace/code-generation/roadrescue-quickassist-platform-41193-41202/frontend_user_website/src/theme.js", "pattern": "/^    surface: \"#ffffff\",$/", "language": "JavaScript", "kind": "property", "scope": "theme.colors", "scopeKind": "class"}, {"_type": "tag", "name": "text", "path": "/home/kavia/workspace/code-generation/roadrescue-quickassist-platform-41193-41202/frontend_user_website/src/theme.js", "pattern": "/^    text: \"#111827\",$/", "language": "JavaScript", "kind": "property", "scope": "theme.colors", "scopeKind": "class"}, {"_type": "tag", "name": "theme", "path": "/home/kavia/workspace/code-generation/roadrescue-quickassist-platform-41193-41202/frontend_user_website/src/theme.js", "pattern": "/^export const theme = {$/", "language": "JavaScript", "kind": "class"}], "hash": "9d540bfcb6f3f3f1a8a47f11aa6d4422", "format-version": 4, "code-base-name": "frontend_user_website", "filename": "frontend_user_website/src/theme.js", "fields": [{"name": "background: \"#f9fafb\",", "scope": "theme.colors", "scopeKind": "class", "description": "unavailable"}, {"name": "border: \"#E5E7EB\",", "scope": "theme.colors", "scopeKind": "class", "description": "unavailable"}, {"name": "error: \"#EF4444\",", "scope": "theme.colors", "scopeKind": "class", "description": "unavailable"}, {"name": "lg: \"18px\",", "scope": "theme.radius", "scopeKind": "class", "description": "unavailable"}, {"name": "md: \"0 10px 25px rgba(17,24,39,0.10)\",", "scope": "theme.shadow", "scopeKind": "class", "description": "unavailable"}, {"name": "md: \"14px\",", "scope": "theme.radius", "scopeKind": "class", "description": "unavailable"}, {"name": "mutedText: \"#6B7280\",", "scope": "theme.colors", "scopeKind": "class", "description": "unavailable"}, {"name": "primary: \"#2563EB\",", "scope": "theme.colors", "scopeKind": "class", "description": "unavailable"}, {"name": "secondary: \"#F59E0B\",", "scope": "theme.colors", "scopeKind": "class", "description": "unavailable"}, {"name": "sm: \"0 1px 2px rgba(0,0,0,0.06)\",", "scope": "theme.shadow", "scopeKind": "class", "description": "unavailable"}, {"name": "sm: \"10px\",", "scope": "theme.radius", "scopeKind": "class", "description": "unavailable"}, {"name": "subtleBlue: \"rgba(37, 99, 235, 0.10)\",", "scope": "theme.colors", "scopeKind": "class", "description": "unavailable"}, {"name": "success: \"#F59E0B\",", "scope": "theme.colors", "scopeKind": "class", "description": "unavailable"}, {"name": "surface: \"#ffffff\",", "scope": "theme.colors", "scopeKind": "class", "description": "unavailable"}, {"name": "text: \"#111827\",", "scope": "theme.colors", "scopeKind": "class", "description": "unavailable"}], "revision_history": [{"350": "d7094c8bb3d5eeb9c23cb2ddab9b21d37ee8dfc5"}]}