{"is_source_file": true, "format": "JavaScript (React JSX)", "description": "This file defines a React component 'MyRequestsPage' that displays a list of user requests stored locally via the useUserRequests hook. It includes UI elements such as cards, badges, and buttons for managing and viewing request details, statuses, and related actions.", "external_files": ["../components/ui/Card", "../components/ui/Badge", "../hooks/useUserRequests"], "external_methods": ["useUserRequests()", "setStatus()", "clearAll()"], "published": ["MyRequestsPage"], "classes": [], "methods": [{"name": "badgeKind(status)", "description": "Returns a badge color type based on the request status ('Completed' => 'success', 'Accepted' => 'warning', else 'info').", "scope": "", "scopeKind": ""}, {"name": "MyRequestsPage()", "description": "Main React functional component that renders the user's requests, allowing status updates and request management.", "scope": "", "scopeKind": ""}, {"name": "ButtonSet({ onSetStatus })", "description": "A React component that renders buttons to set the status of a request (Pending, Accepted, Completed).", "scope": "", "scopeKind": ""}], "calls": ["useUserRequests()", "setStatus(r.id, s)", "clearAll()", "new Date(r.createdAt).toLocaleString()"], "search-terms": ["React", "MyRequestsPage", "useUserRequests", "request list", "localStorage", "request status badges", "vehicle make model", "request actions"], "state": 2, "file_id": 91, "knowledge_revision": 528, "git_revision": "9460f7d0c136032955309efdf7db8099b0ca36a0", "revision_history": [{"372": "ca09881e92259bc04b5062fe7eafb5aba25ec941"}, {"528": "9460f7d0c136032955309efdf7db8099b0ca36a0"}], "ctags": [{"_type": "tag", "name": "ButtonSet", "path": "/home/kavia/workspace/code-generation/roadrescue-quickassist-platform-41193-41202/frontend_user_website/src/pages/MyRequestsPage.js", "pattern": "/^function ButtonSet({ onSetStatus }) {$/", "language": "JavaScript", "kind": "function", "signature": "({ onSetStatus })"}, {"_type": "tag", "name": "MyRequestsPage", "path": "/home/kavia/workspace/code-generation/roadrescue-quickassist-platform-41193-41202/frontend_user_website/src/pages/MyRequestsPage.js", "pattern": "/^export function MyRequestsPage() {$/", "language": "JavaScript", "kind": "function", "signature": "()"}, {"_type": "tag", "name": "badgeKind", "path": "/home/kavia/workspace/code-generation/roadrescue-quickassist-platform-41193-41202/frontend_user_website/src/pages/MyRequestsPage.js", "pattern": "/^function badgeKind(status) {$/", "language": "JavaScript", "kind": "function", "signature": "(status)"}, {"_type": "tag", "name": "requests", "path": "/home/kavia/workspace/code-generation/roadrescue-quickassist-platform-41193-41202/frontend_user_website/src/pages/MyRequestsPage.js", "pattern": "/^          requests.length ? ($/", "language": "JavaScript", "kind": "field", "scope": "MyRequestsPage.actions", "scopeKind": "class"}, {"_type": "tag", "name": "requests", "path": "/home/kavia/workspace/code-generation/roadrescue-quickassist-platform-41193-41202/frontend_user_website/src/pages/MyRequestsPage.js", "pattern": "/^        subtitle={requests.length ? \"Newest first.\" : \"No requests yet.\"}$/", "language": "JavaScript", "kind": "field", "scope": "MyRequestsPage.subtitle", "scopeKind": "class"}], "hash": "20575e935df443827e48c85a2412ce6e", "format-version": 4, "code-base-name": "frontend_user_website", "filename": "frontend_user_website/src/pages/MyRequestsPage.js", "fields": [{"name": "requests.length ? (", "scope": "MyRequestsPage.actions", "scopeKind": "class", "description": "unavailable"}, {"name": "subtitle={requests.length ? \"Newest first.\" : \"No requests yet.\"}", "scope": "MyRequestsPage.subtitle", "scopeKind": "class", "description": "unavailable"}]}