{"is_source_file": true, "file_id": 102, "git_revision": "", "state": 1, "description": "", "external_files": [], "external_methods": [], "published": [], "classes": [], "methods": [], "calls": [], "search-terms": [], "ctags": [{"_type": "tag", "name": "DashboardPage", "path": "/home/kavia/workspace/code-generation/roadrescue-quickassist-platform-41193-41202/frontend_user_website/src/pages/DashboardPage.js", "pattern": "/^export function DashboardPage() {$/", "language": "JavaScript", "kind": "function", "signature": "()"}], "format": "JavaScript", "hash": "65968d1dfa07601aae12d1e23aa72ba8", "format-version": 4, "code-base-name": "frontend_user_website", "filename": "frontend_user_website/src/pages/DashboardPage.js", "knowledge_revision": 451}