{"is_source_file": true, "format": "JavaScript (React JSX)", "description": "A React functional component named Container that wraps its children in a <div> with a 'container' class, serving as a layout wrapper.", "external_files": ["react"], "external_methods": [], "published": ["Container"], "classes": [], "methods": [{"name": "Container({ children })", "description": "A React functional component that renders a <div> with a 'container' class wrapping its children.", "scope": "", "scopeKind": ""}], "calls": ["React"], "search-terms": ["Container", "React component", "UI layout wrapper", "React", "jsx"], "state": 2, "file_id": 107, "knowledge_revision": 534, "git_revision": "9460f7d0c136032955309efdf7db8099b0ca36a0", "ctags": [{"_type": "tag", "name": "Container", "path": "/home/kavia/workspace/code-generation/roadrescue-quickassist-platform-41193-41202/frontend_user_website/src/components/ui/Container.js", "pattern": "/^export function Container({ children }) {$/", "language": "JavaScript", "kind": "function", "signature": "({ children })"}], "hash": "eff56ca8bbc2b440f344f7eeaff38f0a", "format-version": 4, "code-base-name": "frontend_user_website", "filename": "frontend_user_website/src/components/ui/Container.js", "revision_history": [{"534": "9460f7d0c136032955309efdf7db8099b0ca36a0"}]}