{"is_source_file": true, "file_id": 101, "git_revision": "", "state": 1, "description": "", "external_files": [], "external_methods": [], "published": [], "classes": [], "methods": [], "calls": [], "search-terms": [], "ctags": [{"_type": "tag", "name": "ErrorBoundary", "path": "/home/kavia/workspace/code-generation/roadrescue-quickassist-platform-41193-41202/frontend_user_website/src/components/ErrorBoundary.js", "pattern": "/^export class ErrorBoundary extends React.Component {$/", "language": "JavaScript", "kind": "class"}, {"_type": "tag", "name": "componentDidCatch", "path": "/home/kavia/workspace/code-generation/roadrescue-quickassist-platform-41193-41202/frontend_user_website/src/components/ErrorBoundary.js", "pattern": "/^  componentDidCatch(error, errorInfo) {$/", "language": "JavaScript", "kind": "method", "signature": "(error, errorInfo)", "scope": "ErrorBoundary", "scopeKind": "class"}, {"_type": "tag", "name": "constructor", "path": "/home/kavia/workspace/code-generation/roadrescue-quickassist-platform-41193-41202/frontend_user_website/src/components/ErrorBoundary.js", "pattern": "/^  constructor(props) {$/", "language": "JavaScript", "kind": "method", "signature": "(props)", "scope": "ErrorBoundary", "scopeKind": "class"}, {"_type": "tag", "name": "errorMessage", "path": "/home/kavia/workspace/code-generation/roadrescue-quickassist-platform-41193-41202/frontend_user_website/src/components/ErrorBoundary.js", "pattern": "/^    this.state = { hasError: false, errorMessage: \"\" };$/", "language": "JavaScript", "kind": "property", "scope": "ErrorBoundary.constructor.state", "scopeKind": "class"}, {"_type": "tag", "name": "getDerivedStateFromError", "path": "/home/kavia/workspace/code-generation/roadrescue-quickassist-platform-41193-41202/frontend_user_website/src/components/ErrorBoundary.js", "pattern": "/^  static getDerivedStateFromError(error) {$/", "language": "JavaScript", "kind": "method", "signature": "(error)", "scope": "ErrorBoundary", "scopeKind": "class"}, {"_type": "tag", "name": "hasError", "path": "/home/kavia/workspace/code-generation/roadrescue-quickassist-platform-41193-41202/frontend_user_website/src/components/ErrorBoundary.js", "pattern": "/^    this.state = { hasError: false, errorMessage: \"\" };$/", "language": "JavaScript", "kind": "property", "scope": "ErrorBoundary.constructor.state", "scopeKind": "class"}, {"_type": "tag", "name": "render", "path": "/home/kavia/workspace/code-generation/roadrescue-quickassist-platform-41193-41202/frontend_user_website/src/components/ErrorBoundary.js", "pattern": "/^  render() {$/", "language": "JavaScript", "kind": "method", "signature": "()", "scope": "ErrorBoundary", "scopeKind": "class"}, {"_type": "tag", "name": "state", "path": "/home/kavia/workspace/code-generation/roadrescue-quickassist-platform-41193-41202/frontend_user_website/src/components/ErrorBoundary.js", "pattern": "/^    this.state = { hasError: false, errorMessage: \"\" };$/", "language": "JavaScript", "kind": "class", "scope": "ErrorBoundary.constructor", "scopeKind": "class"}], "format": "JavaScript", "hash": "a9d9b751b2cb2cd0579206439650f400", "format-version": 4, "code-base-name": "frontend_user_website", "filename": "frontend_user_website/src/components/ErrorBoundary.js", "knowledge_revision": 449}