{"is_source_file": true, "format": "JavaScript", "description": "This file defines a React functional component 'AboutPage' that renders informational content about the 'QuickAssist MVP' platform, including usage of Supabase authentication and database tables.", "external_files": ["../components/ui/Card", "@supabase/supabase-js"], "external_methods": ["supabase.auth"], "published": ["AboutPage"], "classes": [], "methods": [{"name": "AboutPage()", "description": "A React functional component that renders the About page with information about authentication and data handling.", "scope": "", "scopeKind": ""}], "calls": ["React", "Card", "supabase.auth"], "search-terms": ["AboutPage", "React", "supabase", "Auth & data", "QuickAssist MVP", "Supabase-only mode"], "state": 2, "file_id": 87, "knowledge_revision": 435, "git_revision": "fe63037cb13ed9778021272beaaedbedfeec96f2", "revision_history": [{"369": "d7094c8bb3d5eeb9c23cb2ddab9b21d37ee8dfc5"}, {"435": "fe63037cb13ed9778021272beaaedbedfeec96f2"}], "ctags": [{"_type": "tag", "name": "AboutPage", "path": "/home/kavia/workspace/code-generation/roadrescue-quickassist-platform-41193-41202/frontend_user_website/src/pages/AboutPage.js", "pattern": "/^export function AboutPage() {$/", "language": "JavaScript", "kind": "function", "signature": "()"}], "hash": "df87975364839df3b3471944fe6f7585", "format-version": 4, "code-base-name": "frontend_user_website", "filename": "frontend_user_website/src/pages/AboutPage.js"}