{"is_source_file": true, "format": "JavaScript (React component)", "description": "This file defines a React functional component named 'Card' used for rendering a stylized card UI element, with optional header, footer, actions, and styling props.", "external_files": [], "external_methods": [], "published": ["Card"], "classes": [], "methods": [{"name": "Card({ title, subtitle, children, actions, footer, className, style })", "description": "A React functional component that renders a stylized card with optional header, footer, actions, and content areas.", "scope": "", "scopeKind": ""}], "calls": ["React"], "search-terms": ["Card", "React component", "UI component", "card-header", "card-footer", "props", "ReactNode"], "state": 2, "file_id": 81, "knowledge_revision": 540, "git_revision": "d7094c8bb3d5eeb9c23cb2ddab9b21d37ee8dfc5", "revision_history": [{"357": "d7094c8bb3d5eeb9c23cb2ddab9b21d37ee8dfc5"}, {"540": "d7094c8bb3d5eeb9c23cb2ddab9b21d37ee8dfc5"}], "ctags": [{"_type": "tag", "name": "Card", "path": "/home/kavia/workspace/code-generation/roadrescue-quickassist-platform-41193-41202/frontend_user_website/src/components/ui/Card.js", "pattern": "/^export function Card({ title, subtitle, children, actions, footer, className, style }) {$/", "language": "JavaScript", "kind": "function", "signature": "({ title, subtitle, children, actions, footer, className, style })"}, {"_type": "tag", "name": "[\"card card-hover\", className]", "path": "/home/kavia/workspace/code-generation/roadrescue-quickassist-platform-41193-41202/frontend_user_website/src/components/ui/Card.js", "pattern": "/^    <section className={[\"card card-hover\", className].filter(Boolean).join(\" \")} style={style}>$/", "language": "JavaScript", "kind": "field", "scope": "Card.AnonymousClass5c1f1f890101", "scopeKind": "class"}], "hash": "7f5787d795e771d3bac63160b36fc49f", "format-version": 4, "code-base-name": "frontend_user_website", "filename": "frontend_user_website/src/components/ui/Card.js", "fields": [{"name": "<section className={[\"card card-hover\", className].filter(Boolean).join(\" \")} style={style}>", "scope": "Card.AnonymousClass5c1f1f890101", "scopeKind": "class", "description": "unavailable"}]}