{"is_source_file": false, "format": "", "description": "", "external_files": [], "external_methods": [], "published": [], "classes": [], "methods": [], "calls": [], "search-terms": [], "state": 2, "file_id": 96, "knowledge_revision": 414, "git_revision": "2e2af0273f995fe0134fd2d4b766db8201a17ecb", "hash": "d9d975cebe2ec20b6c652e1e4c12ccf0", "format-version": 4, "code-base-name": "frontend_user_website", "filename": "frontend_user_website/public/manifest.json", "revision_history": [{"414": "2e2af0273f995fe0134fd2d4b766db8201a17ecb"}]}