{"is_source_file": true, "format": "JavaScript", "description": "This is a React component source file defining the 'SubmitRequestPage' component for a frontend web application. The component manages a form for submitting vehicle breakdown requests, handling form state, validation, and submission logic. It imports UI components, hooks, and routing utilities and renders a structured form with validation feedback and navigation controls.", "external_files": ["../components/ui/Card", "../components/ui/Input", "../components/ui/Button", "../hooks/useUserRequests", "../components/layout/UserShell"], "external_methods": ["useNavigate", "addRequest"], "published": ["SubmitRequestPage"], "classes": [], "methods": [{"name": "onSubmit", "description": "Handles form submission, performs validation, updates status, calls addRequest to save data, and resets form fields."}, {"name": "SubmitRequestPage()", "scope": "", "scopeKind": "", "description": "unavailable"}], "calls": ["useNavigate", "useUserRequests", "setVehicle", "setProblemDescription", "setLocation", "setContactPhone", "setStatus", "addRequest", "setVehicle", "setProblemDescription", "setLocation", "setContactPhone", "setErrors", "navigate(-1)"], "search-terms": ["SubmitRequestPage", "React form component", "vehicle request form", "useUserRequests hook", "local storage requests", "React hooks", "validation", "React Router"], "state": 2, "file_id": 89, "knowledge_revision": 588, "git_revision": "e3932056a33468e189c82262e3518ef361ffdecb", "revision_history": [{"370": "d7094c8bb3d5eeb9c23cb2ddab9b21d37ee8dfc5"}, {"376": "d7094c8bb3d5eeb9c23cb2ddab9b21d37ee8dfc5"}, {"416": "f4f353c6c2a7e959dc97c16c3a142856210321dc"}, {"421": "adddec63496c05acbad8f707fc07bd60b2d8ca52"}, {"465": "adddec63496c05acbad8f707fc07bd60b2d8ca52"}, {"468": "849d76d5285484cd9aa5186f31e89c89753edfc4"}, {"479": "4df64072ecff4147ced1d3bd08d6f9db6d098f5b"}, {"487": "ccd5eab631449c0f19d901fb57d943cf2829df73"}, {"509": "ccd5eab631449c0f19d901fb57d943cf2829df73"}, {"511": "ce807ae69b7652497756a309ba3b8200602259df"}, {"527": "9460f7d0c136032955309efdf7db8099b0ca36a0"}, {"542": "e3932056a33468e189c82262e3518ef361ffdecb"}, {"588": "e3932056a33468e189c82262e3518ef361ffdecb"}], "ctags": [{"_type": "tag", "name": "3", "path": "/home/kavia/workspace/code-generation/roadrescue-quickassist-platform-41193-41202/frontend_user_website/src/pages/SubmitRequestPage.js", "pattern": "/^                rows={3}$/", "language": "JavaScript", "kind": "field", "scope": "SubmitRequestPage.rows", "scopeKind": "class"}, {"_type": "tag", "name": "4", "path": "/home/kavia/workspace/code-generation/roadrescue-quickassist-platform-41193-41202/frontend_user_website/src/pages/SubmitRequestPage.js", "pattern": "/^                rows={4}$/", "language": "JavaScript", "kind": "field", "scope": "SubmitRequestPage.rows", "scopeKind": "class"}, {"_type": "tag", "name": "SubmitRequestPage", "path": "/home/kavia/workspace/code-generation/roadrescue-quickassist-platform-41193-41202/frontend_user_website/src/pages/SubmitRequestPage.js", "pattern": "/^export function SubmitRequestPage() {$/", "language": "JavaScript", "kind": "function", "signature": "()"}, {"_type": "tag", "name": "contactPhone", "path": "/home/kavia/workspace/code-generation/roadrescue-quickassist-platform-41193-41202/frontend_user_website/src/pages/SubmitRequestPage.js", "pattern": "/^                value={contactPhone}$/", "language": "JavaScript", "kind": "field", "scope": "SubmitRequestPage.value", "scopeKind": "class"}, {"_type": "tag", "name": "errors", "path": "/home/kavia/workspace/code-generation/roadrescue-quickassist-platform-41193-41202/frontend_user_website/src/pages/SubmitRequestPage.js", "pattern": "/^                error={errors.contactPhone}$/", "language": "JavaScript", "kind": "field", "scope": "SubmitRequestPage.required", "scopeKind": "class"}, {"_type": "tag", "name": "errors", "path": "/home/kavia/workspace/code-generation/roadrescue-quickassist-platform-41193-41202/frontend_user_website/src/pages/SubmitRequestPage.js", "pattern": "/^                error={errors.make}$/", "language": "JavaScript", "kind": "field", "scope": "SubmitRequestPage.required", "scopeKind": "class"}, {"_type": "tag", "name": "errors", "path": "/home/kavia/workspace/code-generation/roadrescue-quickassist-platform-41193-41202/frontend_user_website/src/pages/SubmitRequestPage.js", "pattern": "/^                error={errors.model}$/", "language": "JavaScript", "kind": "field", "scope": "SubmitRequestPage.required", "scopeKind": "class"}, {"_type": "tag", "name": "location ? \"input-error\" : \"\"}", "path": "/home/kavia/workspace/code-generation/roadrescue-quickassist-platform-41193-41202/frontend_user_website/src/pages/SubmitRequestPage.js", "pattern": "/^                className={`textarea ${errors.location ? \"input-error\" : \"\"}`}$/", "language": "JavaScript", "kind": "field", "scope": "SubmitRequestPage.className.textarea ${errors", "scopeKind": "class"}, {"_type": "tag", "name": "location", "path": "/home/kavia/workspace/code-generation/roadrescue-quickassist-platform-41193-41202/frontend_user_website/src/pages/SubmitRequestPage.js", "pattern": "/^                value={location}$/", "language": "JavaScript", "kind": "field", "scope": "SubmitRequestPage.value", "scopeKind": "class"}, {"_type": "tag", "name": "problemDescription ? \"input-error\" : \"\"}", "path": "/home/kavia/workspace/code-generation/roadrescue-quickassist-platform-41193-41202/frontend_user_website/src/pages/SubmitRequestPage.js", "pattern": "/^                className={`textarea ${errors.problemDescription ? \"input-error\" : \"\"}`}$/", "language": "JavaScript", "kind": "field", "scope": "SubmitRequestPage.className.textarea ${errors", "scopeKind": "class"}, {"_type": "tag", "name": "problemDescription", "path": "/home/kavia/workspace/code-generation/roadrescue-quickassist-platform-41193-41202/frontend_user_website/src/pages/SubmitRequestPage.js", "pattern": "/^                value={problemDescription}$/", "language": "JavaScript", "kind": "field", "scope": "SubmitRequestPage.value", "scopeKind": "class"}, {"_type": "tag", "name": "vehicle", "path": "/home/kavia/workspace/code-generation/roadrescue-quickassist-platform-41193-41202/frontend_user_website/src/pages/SubmitRequestPage.js", "pattern": "/^                value={vehicle.make}$/", "language": "JavaScript", "kind": "field", "scope": "SubmitRequestPage.value", "scopeKind": "class"}, {"_type": "tag", "name": "vehicle", "path": "/home/kavia/workspace/code-generation/roadrescue-quickassist-platform-41193-41202/frontend_user_website/src/pages/SubmitRequestPage.js", "pattern": "/^                value={vehicle.model}$/", "language": "JavaScript", "kind": "field", "scope": "SubmitRequestPage.value", "scopeKind": "class"}], "hash": "4181e200799cf99fcfef86d14d3062b3", "format-version": 4, "code-base-name": "frontend_user_website", "filename": "frontend_user_website/src/pages/SubmitRequestPage.js", "fields": [{"name": "rows={3}", "scope": "SubmitRequestPage.rows", "scopeKind": "class", "description": "unavailable"}, {"name": "rows={4}", "scope": "SubmitRequestPage.rows", "scopeKind": "class", "description": "unavailable"}, {"name": "value={contactPhone}", "scope": "SubmitRequestPage.value", "scopeKind": "class", "description": "unavailable"}, {"name": "error={errors.contactPhone}", "scope": "SubmitRequestPage.required", "scopeKind": "class", "description": "unavailable"}, {"name": "error={errors.make}", "scope": "SubmitRequestPage.required", "scopeKind": "class", "description": "unavailable"}, {"name": "error={errors.model}", "scope": "SubmitRequestPage.required", "scopeKind": "class", "description": "unavailable"}, {"name": "className={`textarea ${errors.location ? \"input-error\" : \"\"}`}", "scope": "SubmitRequestPage.className.textarea ${errors", "scopeKind": "class", "description": "unavailable"}, {"name": "value={location}", "scope": "SubmitRequestPage.value", "scopeKind": "class", "description": "unavailable"}, {"name": "className={`textarea ${errors.problemDescription ? \"input-error\" : \"\"}`}", "scope": "SubmitRequestPage.className.textarea ${errors", "scopeKind": "class", "description": "unavailable"}, {"name": "value={problemDescription}", "scope": "SubmitRequestPage.value", "scopeKind": "class", "description": "unavailable"}, {"name": "value={vehicle.make}", "scope": "SubmitRequestPage.value", "scopeKind": "class", "description": "unavailable"}, {"name": "value={vehicle.model}", "scope": "SubmitRequestPage.value", "scopeKind": "class", "description": "unavailable"}]}