{"is_source_file": true, "format": "JavaScript (React JSX)", "description": "This file defines a React component called 'Input' which renders a labeled input field with additional features such as error and hint messages, accessibility labels, and a password visibility toggle button with an eye/eye-slash icon. It also includes a nested 'EyeIcon' component for rendering SVG icons for password visibility toggle.", "external_files": ["react"], "external_methods": ["React.useId", "React.useMemo", "React.useState"], "published": ["Input"], "classes": [], "methods": [{"name": "EyeIcon({ off = false, title = \"\" })", "description": "A React component rendering an SVG icon representing an eye or eye with a slash, used as a toggle icon for password visibility.", "scope": "", "scopeKind": ""}, {"name": "Input", "description": "A React functional component that renders a labeled input field with optional password toggle, hint, and error messages."}], "calls": ["React.useId", "React.useMemo", "React.useState", "setPasswordVisible", "useId", "useMemo", "useState", "setPasswordVisible"], "search-terms": ["Input React component", "password toggle button", "EyeIcon SVG", "label with error", "accessible input label", "React label input with hint and error", "password visibility React"], "state": 2, "file_id": 80, "knowledge_revision": 518, "git_revision": "1d5c68436046e2b22a20a41dd608c2d4fbb01179", "revision_history": [{"358": "d7094c8bb3d5eeb9c23cb2ddab9b21d37ee8dfc5"}, {"517": "d7094c8bb3d5eeb9c23cb2ddab9b21d37ee8dfc5"}, {"518": "1d5c68436046e2b22a20a41dd608c2d4fbb01179"}], "ctags": [{"_type": "tag", "name": "EyeIcon", "path": "/home/kavia/workspace/code-generation/roadrescue-quickassist-platform-41193-41202/frontend_user_website/src/components/ui/Input.js", "pattern": "/^function EyeIcon({ off = false, title = \"\" }) {$/", "language": "JavaScript", "kind": "function", "signature": "({ off = false, title = \"\" })"}, {"_type": "tag", "name": "autoComplete", "path": "/home/kavia/workspace/code-generation/roadrescue-quickassist-platform-41193-41202/frontend_user_website/src/components/ui/Input.js", "pattern": "/^          autoComplete={autoComplete}$/", "language": "JavaScript", "kind": "field", "scope": "EyeIcon.autoComplete", "scopeKind": "class"}, {"_type": "tag", "name": "common", "path": "/home/kavia/workspace/code-generation/roadrescue-quickassist-platform-41193-41202/frontend_user_website/src/components/ui/Input.js", "pattern": "/^  const common = {$/", "language": "JavaScript", "kind": "class", "scope": "EyeIcon", "scopeKind": "class"}, {"_type": "tag", "name": "disabled", "path": "/home/kavia/workspace/code-generation/roadrescue-quickassist-platform-41193-41202/frontend_user_website/src/components/ui/Input.js", "pattern": "/^          disabled={disabled}$/", "language": "JavaScript", "kind": "field", "scope": "EyeIcon.disabled", "scopeKind": "class"}, {"_type": "tag", "name": "effectiveType", "path": "/home/kavia/workspace/code-generation/roadrescue-quickassist-platform-41193-41202/frontend_user_website/src/components/ui/Input.js", "pattern": "/^          type={effectiveType}$/", "language": "JavaScript", "kind": "field", "scope": "EyeIcon.type", "scopeKind": "class"}, {"_type": "tag", "name": "fill", "path": "/home/kavia/workspace/code-generation/roadrescue-quickassist-platform-41193-41202/frontend_user_website/src/components/ui/Input.js", "pattern": "/^    fill: \"none\",$/", "language": "JavaScript", "kind": "property", "scope": "EyeIcon.common", "scopeKind": "class"}, {"_type": "tag", "name": "height", "path": "/home/kavia/workspace/code-generation/roadrescue-quickassist-platform-41193-41202/frontend_user_website/src/components/ui/Input.js", "pattern": "/^    height: \"18\",$/", "language": "JavaScript", "kind": "property", "scope": "EyeIcon.common", "scopeKind": "class"}, {"_type": "tag", "name": "input ${error ? \"input-error\" : \"\"}", "path": "/home/kavia/workspace/code-generation/roadrescue-quickassist-platform-41193-41202/frontend_user_website/src/components/ui/Input.js", "pattern": "/^          className={`input ${error ? \"input-error\" : \"\"}`}$/", "language": "JavaScript", "kind": "field", "scope": "EyeIcon.className", "scopeKind": "class"}, {"_type": "tag", "name": "inputId", "path": "/home/kavia/workspace/code-generation/roadrescue-quickassist-platform-41193-41202/frontend_user_website/src/components/ui/Input.js", "pattern": "/^          id={inputId}$/", "language": "JavaScript", "kind": "field", "scope": "EyeIcon.id", "scopeKind": "class"}, {"_type": "tag", "name": "isPasswordType", "path": "/home/kavia/workspace/code-generation/roadrescue-quickassist-platform-41193-41202/frontend_user_website/src/components/ui/Input.js", "pattern": "/^          style={isPasswordType ? { paddingRight: 48 } : undefined}$/", "language": "JavaScript", "kind": "field", "scope": "EyeIcon.style", "scopeKind": "class"}, {"_type": "tag", "name": "name", "path": "/home/kavia/workspace/code-generation/roadrescue-quickassist-platform-41193-41202/frontend_user_website/src/components/ui/Input.js", "pattern": "/^          name={name}$/", "language": "JavaScript", "kind": "field", "scope": "EyeIcon.name", "scopeKind": "class"}, {"_type": "tag", "name": "onChange", "path": "/home/kavia/workspace/code-generation/roadrescue-quickassist-platform-41193-41202/frontend_user_website/src/components/ui/Input.js", "pattern": "/^          onChange={onChange}$/", "language": "JavaScript", "kind": "field", "scope": "EyeIcon.onChange", "scopeKind": "class"}, {"_type": "tag", "name": "placeholder", "path": "/home/kavia/workspace/code-generation/roadrescue-quickassist-platform-41193-41202/frontend_user_website/src/components/ui/Input.js", "pattern": "/^          placeholder={placeholder}$/", "language": "JavaScript", "kind": "field", "scope": "EyeIcon.placeholder", "scopeKind": "class"}, {"_type": "tag", "name": "stroke", "path": "/home/kavia/workspace/code-generation/roadrescue-quickassist-platform-41193-41202/frontend_user_website/src/components/ui/Input.js", "pattern": "/^    stroke,$/", "language": "JavaScript", "kind": "field", "scope": "EyeIcon.common", "scopeKind": "class"}, {"_type": "tag", "name": "value", "path": "/home/kavia/workspace/code-generation/roadrescue-quickassist-platform-41193-41202/frontend_user_website/src/components/ui/Input.js", "pattern": "/^          value={value}$/", "language": "JavaScript", "kind": "field", "scope": "EyeIcon.value", "scopeKind": "class"}, {"_type": "tag", "name": "viewBox", "path": "/home/kavia/workspace/code-generation/roadrescue-quickassist-platform-41193-41202/frontend_user_website/src/components/ui/Input.js", "pattern": "/^    viewBox: \"0 0 24 24\",$/", "language": "JavaScript", "kind": "property", "scope": "EyeIcon.common", "scopeKind": "class"}, {"_type": "tag", "name": "width", "path": "/home/kavia/workspace/code-generation/roadrescue-quickassist-platform-41193-41202/frontend_user_website/src/components/ui/Input.js", "pattern": "/^    width: \"18\",$/", "language": "JavaScript", "kind": "property", "scope": "EyeIcon.common", "scopeKind": "class"}, {"_type": "tag", "name": "xmlns", "path": "/home/kavia/workspace/code-generation/roadrescue-quickassist-platform-41193-41202/frontend_user_website/src/components/ui/Input.js", "pattern": "/^    xmlns: \"http:\\/\\/www.w3.org\\/2000\\/svg\",$/", "language": "JavaScript", "kind": "property", "scope": "EyeIcon.common", "scopeKind": "class"}], "hash": "bb848e8b61460a1156d0b6cedf4894e4", "format-version": 4, "code-base-name": "frontend_user_website", "filename": "frontend_user_website/src/components/ui/Input.js", "fields": [{"name": "autoComplete={autoComplete}", "scope": "EyeIcon.autoComplete", "scopeKind": "class", "description": "unavailable"}, {"name": "disabled={disabled}", "scope": "EyeIcon.disabled", "scopeKind": "class", "description": "unavailable"}, {"name": "type={effectiveType}", "scope": "EyeIcon.type", "scopeKind": "class", "description": "unavailable"}, {"name": "fill: \"none\",", "scope": "EyeIcon.common", "scopeKind": "class", "description": "unavailable"}, {"name": "height: \"18\",", "scope": "EyeIcon.common", "scopeKind": "class", "description": "unavailable"}, {"name": "className={`input ${error ? \"input-error\" : \"\"}`}", "scope": "EyeIcon.className", "scopeKind": "class", "description": "unavailable"}, {"name": "id={inputId}", "scope": "EyeIcon.id", "scopeKind": "class", "description": "unavailable"}, {"name": "style={isPasswordType ? { paddingRight: 48 } : undefined}", "scope": "EyeIcon.style", "scopeKind": "class", "description": "unavailable"}, {"name": "name={name}", "scope": "EyeIcon.name", "scopeKind": "class", "description": "unavailable"}, {"name": "onChange={onChange}", "scope": "EyeIcon.onChange", "scopeKind": "class", "description": "unavailable"}, {"name": "placeholder={placeholder}", "scope": "EyeIcon.placeholder", "scopeKind": "class", "description": "unavailable"}, {"name": "stroke,", "scope": "EyeIcon.common", "scopeKind": "class", "description": "unavailable"}, {"name": "value={value}", "scope": "EyeIcon.value", "scopeKind": "class", "description": "unavailable"}, {"name": "viewBox: \"0 0 24 24\",", "scope": "EyeIcon.common", "scopeKind": "class", "description": "unavailable"}, {"name": "width: \"18\",", "scope": "EyeIcon.common", "scopeKind": "class", "description": "unavailable"}, {"name": "xmlns: \"http:\\/\\/www.w3.org\\/2000\\/svg\",", "scope": "EyeIcon.common", "scopeKind": "class", "description": "unavailable"}]}