{"is_source_file": true, "format": "JavaScript (React JSX)", "description": "This file serves as the entry point for a React-based web application, initializing the React application by rendering the main App component into the DOM.", "external_files": ["./App", "./index.css"], "external_methods": ["ReactDOM.createRoot", "root.render"], "published": [], "classes": [], "methods": [{"name": "ReactDOM.createRoot", "description": "Creates a root to render a React application into a DOM element."}, {"name": "root.render", "description": "Renders React elements into the created root."}], "calls": ["ReactDOM.createRoot", "root.render"], "search-terms": ["React", "ReactDOM", "index.js", "entry point", "render", "App component", "React.StrictMode"], "state": 2, "file_id": 68, "knowledge_revision": 348, "git_revision": "2e2af0273f995fe0134fd2d4b766db8201a17ecb", "ctags": [{"_type": "tag", "name": "root", "path": "/home/kavia/workspace/code-generation/roadrescue-quickassist-platform-41193-41202/frontend_user_website/src/index.js", "pattern": "/^const root = ReactDOM.createRoot(document.getElementById('root'));$/", "language": "JavaScript", "kind": "constant"}], "hash": "9fc5841375336fc175b49f8767a11383", "format-version": 4, "code-base-name": "frontend_user_website", "filename": "frontend_user_website/src/index.js", "revision_history": [{"348": "2e2af0273f995fe0134fd2d4b766db8201a17ecb"}]}