{"is_source_file": true, "format": "JavaScript (React JSX)", "description": "This file defines a React functional component named 'Card' which renders a styled card UI component with optional title, subtitle, and actions.", "external_files": ["react"], "external_methods": [], "published": ["Card"], "classes": [], "methods": [{"name": "Card({ title, subtitle, children, actions })", "description": "A React functional component that renders a card layout with optional header and actions.", "scope": "", "scopeKind": ""}], "calls": ["React"], "search-terms": ["React", "Card component", "UI component", "card-header", "card-title", "card-subtitle", "card-actions"], "state": 2, "file_id": 81, "knowledge_revision": 357, "git_revision": "d7094c8bb3d5eeb9c23cb2ddab9b21d37ee8dfc5", "ctags": [{"_type": "tag", "name": "Card", "path": "/home/kavia/workspace/code-generation/roadrescue-quickassist-platform-41193-41202/frontend_user_website/src/components/ui/Card.js", "pattern": "/^export function Card({ title, subtitle, children, actions }) {$/", "language": "JavaScript", "kind": "function", "signature": "({ title, subtitle, children, actions })"}], "hash": "f02d552c067b6a39a408d481b61061e4", "format-version": 4, "code-base-name": "frontend_user_website", "filename": "frontend_user_website/src/components/ui/Card.js", "revision_history": [{"357": "d7094c8bb3d5eeb9c23cb2ddab9b21d37ee8dfc5"}]}