{"is_source_file": true, "format": "JavaScript/React", "description": "The file defines the main React application component 'App' for a web frontend, handling routing, authentication state, and UI layout. It imports React, React Router, components, and services, and manages user session state.", "external_files": ["./components/layout/Navbar", "./components/layout/Footer", "./routes/RequireAuth", "./services/dataService", "./config/appConfig", "./pages/LoginPage", "./pages/RegisterPage", "./pages/SubmitRequestPage", "./pages/MyRequestsPage", "./pages/RequestDetailPage", "./pages/AboutPage", "./components/demo/TwilioSmsDemoCard"], "external_methods": ["dataService.getCurrentUser", "dataService.subscribeToAuthChanges"], "published": [], "classes": [], "methods": [{"name": "App()", "description": "Main React functional component managing authentication, routing, and layout for the user interface.", "scope": "", "scopeKind": ""}], "calls": ["React.useState", "React.useEffect", "dataService.getCurrentUser", "dataService.subscribeToAuthChanges", "Navigate to", "RequireAuth", "Navbar", "Footer", "AboutPage", "LoginPage", "RegisterPage", "SubmitRequestPage", "MyRequestsPage", "RequestDetailPage", "TwilioSmsDemoCard"], "search-terms": ["React App routing", "authentication state management", "Mock mode indicator", "Request handling pages", "SMS demo component"], "state": 2, "file_id": 74, "knowledge_revision": 422, "git_revision": "adddec63496c05acbad8f707fc07bd60b2d8ca52", "revision_history": [{"353": "15b5e00133c728e31f7cfdd11b3f578418e3e946"}, {"422": "adddec63496c05acbad8f707fc07bd60b2d8ca52"}], "ctags": [{"_type": "tag", "name": "App", "path": "/home/kavia/workspace/code-generation/roadrescue-quickassist-platform-41193-41202/frontend_user_website/src/App.js", "pattern": "/^function App() {$/", "language": "JavaScript", "kind": "function", "signature": "()"}, {"_type": "tag", "name": "user", "path": "/home/kavia/workspace/code-generation/roadrescue-quickassist-platform-41193-41202/frontend_user_website/src/App.js", "pattern": "/^            <Route path=\"\\/\" element={<Navigate to={user ? \"\\/submit\" : \"\\/login\"} replace \\/>} /", "language": "JavaScript", "kind": "field", "scope": "App.AnonymousClassb0acc46e0101", "scopeKind": "class"}], "hash": "34717bef7a1e906e79fec58fc69a2deb", "format-version": 4, "code-base-name": "frontend_user_website", "filename": "frontend_user_website/src/App.js", "fields": [{"name": "<Route path=\"\\/\" element={<Navigate to={user ? \"\\/submit\" : \"\\/login\"} replace \\/>} /", "scope": "App.AnonymousClassb0acc46e0101", "scopeKind": "class", "description": "unavailable"}]}