{"is_source_file": true, "format": "JavaScript (React JSX)", "description": "This file defines a React functional component 'Navbar' that renders the top navigation bar for the web application. It manages navigation links based on user authentication status and includes a logout function.", "external_files": ["../ui/Button", "../../services/dataService", "react", "react-router-dom"], "external_methods": ["dataService.logout", "useNavigate", "Link", "NavLink"], "published": ["Navbar"], "classes": [], "methods": [{"name": "Navbar({ user })", "description": "React functional component for rendering the navigation bar based on user authentication state.", "scope": "", "scopeKind": ""}, {"name": "onLogout", "description": "Asynchronous function handling user logout by calling dataService.logout and navigating to login page."}], "calls": ["dataService.logout", "useNavigate", "navigate", "Link", "NavLink"], "search-terms": ["Navbar React component", "navigation bar", "react-router NavLink", "logout handler", "user-based navigation"], "state": 2, "file_id": 78, "knowledge_revision": 387, "git_revision": "0c3d79b311925402e0dd354a955e3011ebb3a8e0", "revision_history": [{"361": "0c3d79b311925402e0dd354a955e3011ebb3a8e0"}, {"387": "0c3d79b311925402e0dd354a955e3011ebb3a8e0"}], "ctags": [{"_type": "tag", "name": "Navbar", "path": "/home/kavia/workspace/code-generation/roadrescue-quickassist-platform-41193-41202/frontend_user_website/src/components/layout/Navbar.js", "pattern": "/^export function Navbar({ user }) {$/", "language": "JavaScript", "kind": "function", "signature": "({ user })"}], "hash": "4a9d9c8fb7f296579c6cba8e3f7b30c5", "format-version": 4, "code-base-name": "frontend_user_website", "filename": "frontend_user_website/src/components/layout/Navbar.js"}