{"is_source_file": true, "format": "JavaScript", "description": "This file defines a React component 'TwilioSmsDemoCard' that provides a demo interface for sending SMS messages via Twilio API. It includes functions for configuration retrieval, validation, and error handling, and uses React hooks for state management and side effects.", "external_files": ["../ui/Card", "../ui/Input", "../ui/Button"], "external_methods": ["React", "useMemo", "useState", "fetch", "btoa"], "published": ["TwilioSmsDemoCard"], "classes": [], "methods": [{"name": "getTwilioConfig()", "description": "Retrieves Twilio configuration from environment variables.", "scope": "", "scopeKind": ""}, {"name": "isLikelyE164(phone)", "description": "Performs minimal validation to check if a phone number is in E.164 format.", "scope": "", "scopeKind": ""}, {"name": "parseTwilioError(response)", "description": "Parses error responses from Twilio API, attempting JSON decoding first, then fallback to text.", "scope": "", "scopeKind": ""}, {"name": "TwilioSmsDemoCard({ title = \"SMS Demo\", defaultTo = \"\" })", "scope": "", "scopeKind": "", "description": "unavailable"}], "calls": ["fetch", "btoa", "parseTwilioError", "getTwilioConfig", "isLikelyE164"], "search-terms": ["TwilioSmsDemoCard", "React component", "Twilio API", "SMS demo", "environment variables", "E.164 validation"], "state": 2, "file_id": 77, "knowledge_revision": 494, "git_revision": "fe63037cb13ed9778021272beaaedbedfeec96f2", "revision_history": [{"360": "0c3d79b311925402e0dd354a955e3011ebb3a8e0"}, {"494": "fe63037cb13ed9778021272beaaedbedfeec96f2"}], "ctags": [{"_type": "tag", "name": "TwilioSmsDemoCard", "path": "/home/kavia/workspace/code-generation/roadrescue-quickassist-platform-41193-41202/frontend_user_website/src/components/demo/TwilioSmsDemoCard.js", "pattern": "/^export function TwilioSmsDemoCard({ title = \"SMS Demo\", defaultTo = \"\" }) {$/", "language": "JavaScript", "kind": "function", "signature": "({ title = \"SMS Demo\", defaultTo = \"\" })"}, {"_type": "tag", "name": "getTwilioConfig", "path": "/home/kavia/workspace/code-generation/roadrescue-quickassist-platform-41193-41202/frontend_user_website/src/components/demo/TwilioSmsDemoCard.js", "pattern": "/^function getTwilioConfig() {$/", "language": "JavaScript", "kind": "function", "signature": "()"}, {"_type": "tag", "name": "isLikelyE164", "path": "/home/kavia/workspace/code-generation/roadrescue-quickassist-platform-41193-41202/frontend_user_website/src/components/demo/TwilioSmsDemoCard.js", "pattern": "/^function isLikelyE164(phone) {$/", "language": "JavaScript", "kind": "function", "signature": "(phone)"}, {"_type": "tag", "name": "loading", "path": "/home/kavia/workspace/code-generation/roadrescue-quickassist-platform-41193-41202/frontend_user_website/src/components/demo/TwilioSmsDemoCard.js", "pattern": "/^          disabled={loading}$/", "language": "JavaScript", "kind": "field", "scope": "disabled", "scopeKind": "class"}, {"_type": "tag", "name": "parseTwilioError", "path": "/home/kavia/workspace/code-generation/roadrescue-quickassist-platform-41193-41202/frontend_user_website/src/components/demo/TwilioSmsDemoCard.js", "pattern": "/^async function parseTwilioError(response) {$/", "language": "JavaScript", "kind": "function", "signature": "(response)"}, {"_type": "tag", "name": "title", "path": "/home/kavia/workspace/code-generation/roadrescue-quickassist-platform-41193-41202/frontend_user_website/src/components/demo/TwilioSmsDemoCard.js", "pattern": "/^    <Card title={title} subtitle=\"Demo-only: Simulates \u2018Mechanic accepts job\u2019 by sending an /", "language": "JavaScript", "kind": "field", "scope": "TwilioSmsDemoCard.AnonymousClassc65cc0a00101", "scopeKind": "class"}], "hash": "4bd0062d0a03a030356d2cd94bb5d025", "format-version": 4, "code-base-name": "frontend_user_website", "filename": "frontend_user_website/src/components/demo/TwilioSmsDemoCard.js", "fields": [{"name": "disabled={loading}", "scope": "disabled", "scopeKind": "class", "description": "unavailable"}, {"name": "<Card title={title} subtitle=\"Demo-only: Simulates \u2018Mechanic accepts job\u2019 by sending an /", "scope": "TwilioSmsDemoCard.AnonymousClassc65cc0a00101", "scopeKind": "class", "description": "unavailable"}]}