{"is_source_file": true, "format": "JavaScript (React JSX)", "description": "This file defines a React functional component 'HowItWorksPage' which renders a marketing/info page detailing the steps of a service flow. It imports a Card component for UI presentation and uses local data for rendering steps.", "external_files": ["../components/ui/Card"], "external_methods": [], "published": ["HowItWorksPage"], "classes": [], "methods": [{"name": "HowItWorksPage()", "description": "React functional component rendering the 'How it works' informational page, including steps with icons and descriptions.", "scope": "", "scopeKind": ""}], "calls": ["React", "Card", "steps.map"], "search-terms": ["HowItWorksPage", "React component", "steps array", "Card component", "UI rendering", "flow steps", "frontend marketing page"], "state": 2, "file_id": 109, "knowledge_revision": 536, "git_revision": "9460f7d0c136032955309efdf7db8099b0ca36a0", "ctags": [{"_type": "tag", "name": "HowItWorksPage", "path": "/home/kavia/workspace/code-generation/roadrescue-quickassist-platform-41193-41202/frontend_user_website/src/pages/HowItWorksPage.js", "pattern": "/^export function HowItWorksPage() {$/", "language": "JavaScript", "kind": "function", "signature": "()"}, {"_type": "tag", "name": "steps", "path": "/home/kavia/workspace/code-generation/roadrescue-quickassist-platform-41193-41202/frontend_user_website/src/pages/HowItWorksPage.js", "pattern": "/^const steps = [$/", "language": "JavaScript", "kind": "constant"}], "hash": "277a8258c5b9ae7d763029a15ba1d3aa", "format-version": 4, "code-base-name": "frontend_user_website", "filename": "frontend_user_website/src/pages/HowItWorksPage.js", "revision_history": [{"536": "9460f7d0c136032955309efdf7db8099b0ca36a0"}]}