{"is_source_file": true, "format": "JavaScript (React/Javascript JSX)", "description": "This file is the entry point for a React web application, initializing and rendering the main App component into the DOM.", "external_files": ["leaflet/dist/leaflet.css", "./index.css", "./App"], "external_methods": ["ReactDOM.createRoot", "root.render"], "published": [], "classes": [], "methods": [{"name": "ReactDOM.createRoot", "description": "Creates a React root for rendering components into a DOM element."}, {"name": "root.render", "description": "Renders React elements into the root container."}], "calls": ["ReactDOM.createRoot", "root.render", "<React.StrictMode>", "<App />"], "search-terms": ["index.js", "ReactDOM", "React.StrictMode", "App component", "react-dom/client", "leaflet.css", "entry point"], "state": 2, "file_id": 68, "knowledge_revision": 493, "git_revision": "8a3ba84987e3e9fb63948630fc35f44224568d3a", "revision_history": [{"348": "2e2af0273f995fe0134fd2d4b766db8201a17ecb"}, {"493": "8a3ba84987e3e9fb63948630fc35f44224568d3a"}], "ctags": [{"_type": "tag", "name": "root", "path": "/home/kavia/workspace/code-generation/roadrescue-quickassist-platform-41193-41202/frontend_user_website/src/index.js", "pattern": "/^const root = ReactDOM.createRoot(document.getElementById('root'));$/", "language": "JavaScript", "kind": "constant"}], "hash": "b0c23de150c92fa6f4904013881ed548", "format-version": 4, "code-base-name": "frontend_user_website", "filename": "frontend_user_website/src/index.js"}