{"is_source_file": true, "format": "JavaScript (React JSX)", "description": "This file defines a React functional component for the Home Page of a web application, including UI elements, navigation logic, and usage of custom components and context.", "external_files": ["../components/ui/Button", "../components/ui/Card", "../context/AuthContext", "react", "react-router-dom"], "external_methods": ["useNavigate", "useAuth", "navigate"], "published": ["HomePage"], "classes": [], "methods": [{"name": "HomePage()", "description": "React functional component that renders the home page with CTA, informational sections, and visual elements.", "scope": "", "scopeKind": ""}], "calls": ["useNavigate()", "useAuth()", "navigate()", "Button()", "Card()"], "search-terms": ["HomePage React component", "React routing", "UI Buttons templates", "Auth context usage", "Landing page layout"], "state": 2, "file_id": 108, "knowledge_revision": 544, "git_revision": "e3932056a33468e189c82262e3518ef361ffdecb", "revision_history": [{"535": "9460f7d0c136032955309efdf7db8099b0ca36a0"}, {"544": "e3932056a33468e189c82262e3518ef361ffdecb"}], "ctags": [{"_type": "tag", "name": "HomePage", "path": "/home/kavia/workspace/code-generation/roadrescue-quickassist-platform-41193-41202/frontend_user_website/src/pages/HomePage.js", "pattern": "/^export function HomePage() {$/", "language": "JavaScript", "kind": "function", "signature": "()"}], "hash": "85a920a330866ad89639dcabeea13c07", "format-version": 4, "code-base-name": "frontend_user_website", "filename": "frontend_user_website/src/pages/HomePage.js"}