{"is_source_file": true, "format": "JavaScript (React JSX)", "description": "This file defines a React component 'MyRequestsPage' which displays a list of user requests with their status, creation date, and vehicle info. It fetches data asynchronously from a data service and renders it within UI components like Card and Table.", "external_files": ["../components/ui/Card", "../components/ui/Table", "../services/dataService", "../services/statusUtils", "react", "react-router-dom"], "external_methods": ["dataService.listRequests", "statusBadgeClass", "statusLabel"], "published": ["MyRequestsPage"], "classes": [], "methods": [{"name": "statusBadge(status)", "description": "Returns a React span element with the class and label for a request status.", "scope": "", "scopeKind": ""}, {"name": "MyRequestsPage({ user })", "description": "React component that lists user requests and manages fetch and error states.", "scope": "", "scopeKind": ""}], "calls": ["React.useEffect", "React.useState", "dataService.listRequests", "statusBadgeClass", "statusLabel", "new Date", "setRows", "setError"], "search-terms": ["MyRequestsPage", "listRequests", "statusBadge", "React", "useEffect", "useState", "vehicle", "user.requests"], "state": 2, "file_id": 91, "knowledge_revision": 372, "git_revision": "ca09881e92259bc04b5062fe7eafb5aba25ec941", "ctags": [{"_type": "tag", "name": "MyRequestsPage", "path": "/home/kavia/workspace/code-generation/roadrescue-quickassist-platform-41193-41202/frontend_user_website/src/pages/MyRequestsPage.js", "pattern": "/^export function MyRequestsPage({ user }) {$/", "language": "JavaScript", "kind": "function", "signature": "({ user })"}, {"_type": "tag", "name": "[ { key: \"id\", header: \"Request\", render: (r) => <Link className=\"link\" to={`/requests/${r.id}`}>{r.id.slice(0, 8)}</ { key: \"createdAt\", header: \"Created\", render: (r) => new Date(r.createdAt).toLocaleString() }, { key: \"vehicle\", header: \"Vehicle\",  render: (r) => { const v = r.vehicle && typeof r.vehicle === \"object\" ? r.vehicle : {}; return `${v.make || \"\"} ${v.model || \"\"}`.trim(); }, }, { key: \"status\", header: \"Status\", render: (r) => statusBadge(r.status) }, ]", "path": "/home/kavia/workspace/code-generation/roadrescue-quickassist-platform-41193-41202/frontend_user_website/src/pages/MyRequestsPage.js", "pattern": "/^            { key: \"id\", header: \"Request\", render: (r) => <Link className=\"link\" to={`\\/request/", "language": "JavaScript", "kind": "field", "scope": "MyRequestsPage.columns", "scopeKind": "class"}, {"_type": "tag", "name": "rows", "path": "/home/kavia/workspace/code-generation/roadrescue-quickassist-platform-41193-41202/frontend_user_website/src/pages/MyRequestsPage.js", "pattern": "/^          rows={rows}$/", "language": "JavaScript", "kind": "field", "scope": "MyRequestsPage.rows", "scopeKind": "class"}, {"_type": "tag", "name": "statusBadge", "path": "/home/kavia/workspace/code-generation/roadrescue-quickassist-platform-41193-41202/frontend_user_website/src/pages/MyRequestsPage.js", "pattern": "/^function statusBadge(status) {$/", "language": "JavaScript", "kind": "function", "signature": "(status)"}], "hash": "7c08db317f789e5edeb5af20b92f0311", "format-version": 4, "code-base-name": "frontend_user_website", "filename": "frontend_user_website/src/pages/MyRequestsPage.js", "fields": [{"name": "{ key: \"id\", header: \"Request\", render: (r) => <Link className=\"link\" to={`\\/request/", "scope": "MyRequestsPage.columns", "scopeKind": "class", "description": "unavailable"}, {"name": "rows={rows}", "scope": "MyRequestsPage.rows", "scopeKind": "class", "description": "unavailable"}], "revision_history": [{"372": "ca09881e92259bc04b5062fe7eafb5aba25ec941"}]}