{"is_source_file": true, "format": "JavaScript", "description": "React component 'SubmitRequestPage' defining a form for submitting a vehicle help request, including form validation, local state management, and UI rendering.", "external_files": ["../components/ui/Card", "../components/ui/Input", "../components/ui/Button", "../hooks/useUserRequests", "../components/layout/UserShell", "react", "react-router-dom"], "external_methods": ["useNavigate", "useUserRequests", "setVehicle", "setProblemDescription", "setLocation", "setContactPhone", "addRequest"], "published": ["SubmitRequestPage"], "classes": [], "methods": [{"name": "onSubmit", "description": "Handles form submission: validates inputs, updates status, adds request, and resets form."}, {"name": "SubmitRequestPage()", "scope": "", "scopeKind": "", "description": "unavailable"}], "calls": ["useNavigate", "useUserRequests.addRequest", "setVehicle", "setProblemDescription", "setLocation", "setContactPhone", "setErrors", "navigate"], "search-terms": ["React form", "vehicle request", "local state", "submit handler", "validation", "useUserRequests", "SubmitRequestPage"], "state": 2, "file_id": 89, "knowledge_revision": 542, "git_revision": "e3932056a33468e189c82262e3518ef361ffdecb", "revision_history": [{"370": "d7094c8bb3d5eeb9c23cb2ddab9b21d37ee8dfc5"}, {"376": "d7094c8bb3d5eeb9c23cb2ddab9b21d37ee8dfc5"}, {"416": "f4f353c6c2a7e959dc97c16c3a142856210321dc"}, {"421": "adddec63496c05acbad8f707fc07bd60b2d8ca52"}, {"465": "adddec63496c05acbad8f707fc07bd60b2d8ca52"}, {"468": "849d76d5285484cd9aa5186f31e89c89753edfc4"}, {"479": "4df64072ecff4147ced1d3bd08d6f9db6d098f5b"}, {"487": "ccd5eab631449c0f19d901fb57d943cf2829df73"}, {"509": "ccd5eab631449c0f19d901fb57d943cf2829df73"}, {"511": "ce807ae69b7652497756a309ba3b8200602259df"}, {"527": "9460f7d0c136032955309efdf7db8099b0ca36a0"}, {"542": "e3932056a33468e189c82262e3518ef361ffdecb"}], "ctags": [{"_type": "tag", "name": "3", "path": "/home/kavia/workspace/code-generation/roadrescue-quickassist-platform-41193-41202/frontend_user_website/src/pages/SubmitRequestPage.js", "pattern": "/^              rows={3}$/", "language": "JavaScript", "kind": "field", "scope": "SubmitRequestPage.rows", "scopeKind": "class"}, {"_type": "tag", "name": "4", "path": "/home/kavia/workspace/code-generation/roadrescue-quickassist-platform-41193-41202/frontend_user_website/src/pages/SubmitRequestPage.js", "pattern": "/^              rows={4}$/", "language": "JavaScript", "kind": "field", "scope": "SubmitRequestPage.rows", "scopeKind": "class"}, {"_type": "tag", "name": "SubmitRequestPage", "path": "/home/kavia/workspace/code-generation/roadrescue-quickassist-platform-41193-41202/frontend_user_website/src/pages/SubmitRequestPage.js", "pattern": "/^export function SubmitRequestPage() {$/", "language": "JavaScript", "kind": "function", "signature": "()"}, {"_type": "tag", "name": "contactPhone", "path": "/home/kavia/workspace/code-generation/roadrescue-quickassist-platform-41193-41202/frontend_user_website/src/pages/SubmitRequestPage.js", "pattern": "/^            value={contactPhone}$/", "language": "JavaScript", "kind": "field", "scope": "SubmitRequestPage.value", "scopeKind": "class"}, {"_type": "tag", "name": "errors", "path": "/home/kavia/workspace/code-generation/roadrescue-quickassist-platform-41193-41202/frontend_user_website/src/pages/SubmitRequestPage.js", "pattern": "/^              error={errors.make}$/", "language": "JavaScript", "kind": "field", "scope": "SubmitRequestPage.required", "scopeKind": "class"}, {"_type": "tag", "name": "errors", "path": "/home/kavia/workspace/code-generation/roadrescue-quickassist-platform-41193-41202/frontend_user_website/src/pages/SubmitRequestPage.js", "pattern": "/^              error={errors.model}$/", "language": "JavaScript", "kind": "field", "scope": "SubmitRequestPage.required", "scopeKind": "class"}, {"_type": "tag", "name": "errors", "path": "/home/kavia/workspace/code-generation/roadrescue-quickassist-platform-41193-41202/frontend_user_website/src/pages/SubmitRequestPage.js", "pattern": "/^            error={errors.contactPhone}$/", "language": "JavaScript", "kind": "field", "scope": "SubmitRequestPage.required", "scopeKind": "class"}, {"_type": "tag", "name": "location ? \"input-error\" : \"\"}", "path": "/home/kavia/workspace/code-generation/roadrescue-quickassist-platform-41193-41202/frontend_user_website/src/pages/SubmitRequestPage.js", "pattern": "/^              className={`textarea ${errors.location ? \"input-error\" : \"\"}`}$/", "language": "JavaScript", "kind": "field", "scope": "SubmitRequestPage.className.textarea ${errors", "scopeKind": "class"}, {"_type": "tag", "name": "location", "path": "/home/kavia/workspace/code-generation/roadrescue-quickassist-platform-41193-41202/frontend_user_website/src/pages/SubmitRequestPage.js", "pattern": "/^              value={location}$/", "language": "JavaScript", "kind": "field", "scope": "SubmitRequestPage.value", "scopeKind": "class"}, {"_type": "tag", "name": "problemDescription ? \"input-error\" : \"\"}", "path": "/home/kavia/workspace/code-generation/roadrescue-quickassist-platform-41193-41202/frontend_user_website/src/pages/SubmitRequestPage.js", "pattern": "/^              className={`textarea ${errors.problemDescription ? \"input-error\" : \"\"}`}$/", "language": "JavaScript", "kind": "field", "scope": "SubmitRequestPage.className.textarea ${errors", "scopeKind": "class"}, {"_type": "tag", "name": "problemDescription", "path": "/home/kavia/workspace/code-generation/roadrescue-quickassist-platform-41193-41202/frontend_user_website/src/pages/SubmitRequestPage.js", "pattern": "/^              value={problemDescription}$/", "language": "JavaScript", "kind": "field", "scope": "SubmitRequestPage.value", "scopeKind": "class"}, {"_type": "tag", "name": "vehicle", "path": "/home/kavia/workspace/code-generation/roadrescue-quickassist-platform-41193-41202/frontend_user_website/src/pages/SubmitRequestPage.js", "pattern": "/^              value={vehicle.make}$/", "language": "JavaScript", "kind": "field", "scope": "SubmitRequestPage.value", "scopeKind": "class"}, {"_type": "tag", "name": "vehicle", "path": "/home/kavia/workspace/code-generation/roadrescue-quickassist-platform-41193-41202/frontend_user_website/src/pages/SubmitRequestPage.js", "pattern": "/^              value={vehicle.model}$/", "language": "JavaScript", "kind": "field", "scope": "SubmitRequestPage.value", "scopeKind": "class"}], "hash": "73c746db6302af677320297a707bc74b", "format-version": 4, "code-base-name": "frontend_user_website", "filename": "frontend_user_website/src/pages/SubmitRequestPage.js", "fields": [{"name": "rows={3}", "scope": "SubmitRequestPage.rows", "scopeKind": "class", "description": "unavailable"}, {"name": "rows={4}", "scope": "SubmitRequestPage.rows", "scopeKind": "class", "description": "unavailable"}, {"name": "value={contactPhone}", "scope": "SubmitRequestPage.value", "scopeKind": "class", "description": "unavailable"}, {"name": "error={errors.make}", "scope": "SubmitRequestPage.required", "scopeKind": "class", "description": "unavailable"}, {"name": "error={errors.model}", "scope": "SubmitRequestPage.required", "scopeKind": "class", "description": "unavailable"}, {"name": "error={errors.contactPhone}", "scope": "SubmitRequestPage.required", "scopeKind": "class", "description": "unavailable"}, {"name": "className={`textarea ${errors.location ? \"input-error\" : \"\"}`}", "scope": "SubmitRequestPage.className.textarea ${errors", "scopeKind": "class", "description": "unavailable"}, {"name": "value={location}", "scope": "SubmitRequestPage.value", "scopeKind": "class", "description": "unavailable"}, {"name": "className={`textarea ${errors.problemDescription ? \"input-error\" : \"\"}`}", "scope": "SubmitRequestPage.className.textarea ${errors", "scopeKind": "class", "description": "unavailable"}, {"name": "value={problemDescription}", "scope": "SubmitRequestPage.value", "scopeKind": "class", "description": "unavailable"}, {"name": "value={vehicle.make}", "scope": "SubmitRequestPage.value", "scopeKind": "class", "description": "unavailable"}, {"name": "value={vehicle.model}", "scope": "SubmitRequestPage.value", "scopeKind": "class", "description": "unavailable"}]}