{"is_source_file": true, "format": "JavaScript", "description": "This file provides a data service module for a web frontend interacting with a Supabase backend. It includes functions for user authentication, profile management, request creation and retrieval, vehicle and contact normalization, and error handling specifically tailored for the application's needs.", "external_files": ["./statusUtils", "./supabaseClient", "../config/appConfig", "../utils/withTimeout"], "external_methods": ["getSupabase()", "normalizeStatus()", "withTimeout()"], "published": ["dataService"], "classes": [], "methods": [{"name": "supaUserToAppUser(supaUser)", "description": "Converts a Supabase user object into a simplified application user object, enriching with role and approval status from profiles table if accessible.", "scope": "", "scopeKind": ""}, {"name": "normalizeVehicle(vehicle, row)", "description": "Normalizes vehicle information from a record or object into a consistent {make, model} format.", "scope": "", "scopeKind": ""}, {"name": "normalizeContact(contact, row)", "description": "Normalizes contact information from a record or object into a consistent {name, phone} format.", "scope": "", "scopeKind": ""}, {"name": "forceUserCreateStatusOpen(payload)", "description": "Ensures the status field in payload is set to 'open' and removes any caller-provided status to comply with database constraints.", "scope": "", "scopeKind": ""}, {"name": "normalizeSupabaseAuthError(err)", "description": "Normalizes various Supabase authentication errors into user-friendly messages.", "scope": "", "scopeKind": ""}, {"name": "register(email, password)", "description": "Registers a new user with email and password via Supabase authentication.", "scope": "dataService", "scopeKind": "class"}, {"name": "login(email, password)", "description": "Logs in a user with email and password through Supabase authentication.", "scope": "dataService", "scopeKind": "class"}, {"name": "loginWithGoogle({ redirectTo } = {})", "description": "Starts OAuth login process with Google provider.", "scope": "dataService", "scopeKind": "class"}, {"name": "logout()", "description": "Logs out the current user.", "scope": "dataService", "scopeKind": "class"}, {"name": "getUserFromSession()", "description": "Retrieves current authenticated user based on session data.", "scope": "dataService", "scopeKind": "class"}, {"name": "getCurrentUser()", "description": "Fetches the current authenticated user directly.", "scope": "dataService", "scopeKind": "class"}, {"name": "subscribeToAuthChanges(onUserChanged)", "description": "Subscribes to authentication state changes and provides a callback for user updates.", "scope": "dataService", "scopeKind": "class"}, {"name": "getProfile(userId)", "description": "Fetches the user profile data from the profiles table.", "scope": "dataService", "scopeKind": "class"}, {"name": "listRequests({ forUserId } = {})", "description": "Lists all requests, optionally filtered by user ID.", "scope": "dataService", "scopeKind": "class"}, {"name": "getRequestById(requestId)", "description": "Fetches a specific request by its ID.", "scope": "dataService", "scopeKind": "class"}, {"name": "createRequest({ vehicle, issueDescription, address, latitude, longitude } = {})", "description": "Creates a new service request for the authenticated user, with validation and normalization.", "scope": "dataService", "scopeKind": "class"}, {"name": "isSupabaseConfigured()", "description": "Checks if Supabase environment variables are set (stubbed to always return true here).", "scope": "dataService", "scopeKind": "class"}], "calls": ["getSupabase()", "normalizeStatus()", "withTimeout()", "supabase.auth.signUp()", "supabase.auth.signInWithPassword()", "supabase.auth.signInWithOAuth()", "supabase.auth.signOut()", "supabase.auth.getSession()", "supabase.auth.getUser()", "supabase.from(\"profiles\")", "supabase.from(\"requests\")"], "search-terms": ["dataService", "supabase", "auth", "requests", "profile", "vehicle normalization", "user registration", "request creation", "error handling", "OAuth Google"], "state": 2, "file_id": 73, "knowledge_revision": 508, "git_revision": "6975d6bdc8fdcedd670d3c075567e32ed6853ff4", "revision_history": [{"352": "15b5e00133c728e31f7cfdd11b3f578418e3e946"}, {"498": "4df64072ecff4147ced1d3bd08d6f9db6d098f5b"}, {"502": "40fbc15814f3eb78e86fa58f45962c80516c6a2f"}, {"506": "40fbc15814f3eb78e86fa58f45962c80516c6a2f"}, {"507": "858bd544d4145b53d875745a371f7d93eb79e402"}, {"508": "6975d6bdc8fdcedd670d3c075567e32ed6853ff4"}], "ctags": [{"_type": "tag", "name": "createRequest", "path": "/home/kavia/workspace/code-generation/roadrescue-quickassist-platform-41193-41202/frontend_user_website/src/services/dataService.js", "pattern": "/^  async createRequest({ vehicle, issueDescription, address, latitude, longitude } = {}) {$/", "language": "JavaScript", "kind": "method", "signature": "({ vehicle, issueDescription, address, latitude, longitude } = {})", "scope": "dataService", "scopeKind": "class"}, {"_type": "tag", "name": "dataService", "path": "/home/kavia/workspace/code-generation/roadrescue-quickassist-platform-41193-41202/frontend_user_website/src/services/dataService.js", "pattern": "/^export const dataService = {$/", "language": "JavaScript", "kind": "class"}, {"_type": "tag", "name": "forceUserCreateStatusOpen", "path": "/home/kavia/workspace/code-generation/roadrescue-quickassist-platform-41193-41202/frontend_user_website/src/services/dataService.js", "pattern": "/^function forceUserCreateStatusOpen(payload) {$/", "language": "JavaScript", "kind": "function", "signature": "(payload)"}, {"_type": "tag", "name": "getCurrentUser", "path": "/home/kavia/workspace/code-generation/roadrescue-quickassist-platform-41193-41202/frontend_user_website/src/services/dataService.js", "pattern": "/^  async getCurrentUser() {$/", "language": "JavaScript", "kind": "method", "signature": "()", "scope": "dataService", "scopeKind": "class"}, {"_type": "tag", "name": "getProfile", "path": "/home/kavia/workspace/code-generation/roadrescue-quickassist-platform-41193-41202/frontend_user_website/src/services/dataService.js", "pattern": "/^  async getProfile(userId) {$/", "language": "JavaScript", "kind": "method", "signature": "(userId)", "scope": "dataService", "scopeKind": "class"}, {"_type": "tag", "name": "getRequestById", "path": "/home/kavia/workspace/code-generation/roadrescue-quickassist-platform-41193-41202/frontend_user_website/src/services/dataService.js", "pattern": "/^  async getRequestById(requestId) {$/", "language": "JavaScript", "kind": "method", "signature": "(requestId)", "scope": "dataService", "scopeKind": "class"}, {"_type": "tag", "name": "getUserFromSession", "path": "/home/kavia/workspace/code-generation/roadrescue-quickassist-platform-41193-41202/frontend_user_website/src/services/dataService.js", "pattern": "/^  async getUserFromSession() {$/", "language": "JavaScript", "kind": "method", "signature": "()", "scope": "dataService", "scopeKind": "class"}, {"_type": "tag", "name": "isSupabaseConfigured", "path": "/home/kavia/workspace/code-generation/roadrescue-quickassist-platform-41193-41202/frontend_user_website/src/services/dataService.js", "pattern": "/^  isSupabaseConfigured() {$/", "language": "JavaScript", "kind": "method", "signature": "()", "scope": "dataService", "scopeKind": "class"}, {"_type": "tag", "name": "listRequests", "path": "/home/kavia/workspace/code-generation/roadrescue-quickassist-platform-41193-41202/frontend_user_website/src/services/dataService.js", "pattern": "/^  async listRequests({ forUserId } = {}) {$/", "language": "JavaScript", "kind": "method", "signature": "({ forUserId } = {})", "scope": "dataService", "scopeKind": "class"}, {"_type": "tag", "name": "login", "path": "/home/kavia/workspace/code-generation/roadrescue-quickassist-platform-41193-41202/frontend_user_website/src/services/dataService.js", "pattern": "/^  async login(email, password) {$/", "language": "JavaScript", "kind": "method", "signature": "(email, password)", "scope": "dataService", "scopeKind": "class"}, {"_type": "tag", "name": "loginWithGoogle", "path": "/home/kavia/workspace/code-generation/roadrescue-quickassist-platform-41193-41202/frontend_user_website/src/services/dataService.js", "pattern": "/^  async loginWithGoogle({ redirectTo } = {}) {$/", "language": "JavaScript", "kind": "method", "signature": "({ redirectTo } = {})", "scope": "dataService", "scopeKind": "class"}, {"_type": "tag", "name": "logout", "path": "/home/kavia/workspace/code-generation/roadrescue-quickassist-platform-41193-41202/frontend_user_website/src/services/dataService.js", "pattern": "/^  async logout() {$/", "language": "JavaScript", "kind": "method", "signature": "()", "scope": "dataService", "scopeKind": "class"}, {"_type": "tag", "name": "normalizeContact", "path": "/home/kavia/workspace/code-generation/roadrescue-quickassist-platform-41193-41202/frontend_user_website/src/services/dataService.js", "pattern": "/^function normalizeContact(contact, row) {$/", "language": "JavaScript", "kind": "function", "signature": "(contact, row)"}, {"_type": "tag", "name": "normalizeSupabaseAuthError", "path": "/home/kavia/workspace/code-generation/roadrescue-quickassist-platform-41193-41202/frontend_user_website/src/services/dataService.js", "pattern": "/^function normalizeSupabaseAuthError(err) {$/", "language": "JavaScript", "kind": "function", "signature": "(err)"}, {"_type": "tag", "name": "normalizeVehicle", "path": "/home/kavia/workspace/code-generation/roadrescue-quickassist-platform-41193-41202/frontend_user_website/src/services/dataService.js", "pattern": "/^function normalizeVehicle(vehicle, row) {$/", "language": "JavaScript", "kind": "function", "signature": "(vehicle, row)"}, {"_type": "tag", "name": "register", "path": "/home/kavia/workspace/code-generation/roadrescue-quickassist-platform-41193-41202/frontend_user_website/src/services/dataService.js", "pattern": "/^  async register(email, password) {$/", "language": "JavaScript", "kind": "method", "signature": "(email, password)", "scope": "dataService", "scopeKind": "class"}, {"_type": "tag", "name": "subscribeToAuthChanges", "path": "/home/kavia/workspace/code-generation/roadrescue-quickassist-platform-41193-41202/frontend_user_website/src/services/dataService.js", "pattern": "/^  subscribeToAuthChanges(onUserChanged) {$/", "language": "JavaScript", "kind": "method", "signature": "(onUserChanged)", "scope": "dataService", "scopeKind": "class"}, {"_type": "tag", "name": "supaUserToAppUser", "path": "/home/kavia/workspace/code-generation/roadrescue-quickassist-platform-41193-41202/frontend_user_website/src/services/dataService.js", "pattern": "/^async function supaUserToAppUser(supaUser) {$/", "language": "JavaScript", "kind": "function", "signature": "(supaUser)"}], "hash": "2b3256bd6dbc78cef1f649faaa11798c", "format-version": 4, "code-base-name": "frontend_user_website", "filename": "frontend_user_website/src/services/dataService.js"}