{"is_source_file": true, "format": "JavaScript (React JSX)", "description": "This file defines a React component 'RegisterPage' that provides a user registration interface including email/password registration and Google OAuth sign-in. It manages form state, handles submission, and interacts with the external 'dataService' for authentication.", "external_files": ["../components/ui/Card", "../components/ui/Input", "../components/ui/Button", "../services/dataService"], "external_methods": ["dataService.register", "dataService.loginWithGoogle"], "published": ["RegisterPage"], "classes": [], "methods": [{"name": "submit", "description": "Handles form submission for user registration, including input validation, calling the registration service, and navigation upon success."}, {"name": "signInWithGoogle", "description": "Handles Google OAuth sign-in process."}, {"name": "RegisterPage({ onAuthed })", "scope": "", "scopeKind": "", "description": "unavailable"}], "calls": ["useNavigate", "setError", "dataService.register", "onAuthed", "navigate", "dataService.loginWithGoogle"], "search-terms": ["RegisterPage", "React registration component", "Google OAuth sign-in", "dataService.register", "useNavigate", "React form validation"], "state": 2, "file_id": 88, "knowledge_revision": 434, "git_revision": "fe63037cb13ed9778021272beaaedbedfeec96f2", "revision_history": [{"363": "15b5e00133c728e31f7cfdd11b3f578418e3e946"}, {"434": "fe63037cb13ed9778021272beaaedbedfeec96f2"}], "ctags": [{"_type": "tag", "name": "RegisterPage", "path": "/home/kavia/workspace/code-generation/roadrescue-quickassist-platform-41193-41202/frontend_user_website/src/pages/RegisterPage.js", "pattern": "/^export function RegisterPage({ onAuthed }) {$/", "language": "JavaScript", "kind": "function", "signature": "({ onAuthed })"}, {"_type": "tag", "name": "confirm", "path": "/home/kavia/workspace/code-generation/roadrescue-quickassist-platform-41193-41202/frontend_user_website/src/pages/RegisterPage.js", "pattern": "/^            value={confirm}$/", "language": "JavaScript", "kind": "field", "scope": "RegisterPage.value", "scopeKind": "class"}, {"_type": "tag", "name": "oauthBusy", "path": "/home/kavia/workspace/code-generation/roadrescue-quickassist-platform-41193-41202/frontend_user_website/src/pages/RegisterPage.js", "pattern": "/^            disabled={oauthBusy}$/", "language": "JavaScript", "kind": "field", "scope": "RegisterPage.disabled", "scopeKind": "class"}, {"_type": "tag", "name": "oauthBusy", "path": "/home/kavia/workspace/code-generation/roadrescue-quickassist-platform-41193-41202/frontend_user_website/src/pages/RegisterPage.js", "pattern": "/^            disabled={oauthBusy}$/", "language": "JavaScript", "kind": "field", "scope": "RegisterPage.required", "scopeKind": "class"}, {"_type": "tag", "name": "password", "path": "/home/kavia/workspace/code-generation/roadrescue-quickassist-platform-41193-41202/frontend_user_website/src/pages/RegisterPage.js", "pattern": "/^            value={password}$/", "language": "JavaScript", "kind": "field", "scope": "RegisterPage.value", "scopeKind": "class"}], "hash": "57e9badedcbf6339bbe3f4d1d54807d1", "format-version": 4, "code-base-name": "frontend_user_website", "filename": "frontend_user_website/src/pages/RegisterPage.js", "fields": [{"name": "value={confirm}", "scope": "RegisterPage.value", "scopeKind": "class", "description": "unavailable"}, {"name": "disabled={oauthBusy}", "scope": "RegisterPage.disabled", "scopeKind": "class", "description": "unavailable"}, {"name": "value={password}", "scope": "RegisterPage.value", "scopeKind": "class", "description": "unavailable"}]}