{"is_source_file": true, "format": "JavaScript (React component)", "description": "This file defines a React functional component called Input, which renders a labeled input field with optional error and hint messages, supporting various props for customization.", "external_files": [], "external_methods": [], "published": ["Input"], "classes": [], "methods": [{"name": "Input({ label, value, onChange, placeholder, type = \"text\", name, error, hint, required, disabled, })", "description": "A React functional component that renders an input with label, error, and hint display, supporting props for label, value, onChange, placeholder, type, name, error, hint, required, and disabled.", "scope": "", "scopeKind": ""}], "calls": ["React"], "search-terms": ["Input", "React component", "input field", "label", "error handling", "hint", "props"], "state": 2, "file_id": 80, "knowledge_revision": 358, "git_revision": "d7094c8bb3d5eeb9c23cb2ddab9b21d37ee8dfc5", "ctags": [{"_type": "tag", "name": "Input", "path": "/home/kavia/workspace/code-generation/roadrescue-quickassist-platform-41193-41202/frontend_user_website/src/components/ui/Input.js", "pattern": "/^export function Input({$/", "language": "JavaScript", "kind": "function", "signature": "({ label, value, onChange, placeholder, type = \"text\", name, error, hint, required, disabled, })"}, {"_type": "tag", "name": "disabled", "path": "/home/kavia/workspace/code-generation/roadrescue-quickassist-platform-41193-41202/frontend_user_website/src/components/ui/Input.js", "pattern": "/^        disabled={disabled}$/", "language": "JavaScript", "kind": "field", "scope": "Input.disabled", "scopeKind": "class"}, {"_type": "tag", "name": "input ${error ? \"input-error\" : \"\"}", "path": "/home/kavia/workspace/code-generation/roadrescue-quickassist-platform-41193-41202/frontend_user_website/src/components/ui/Input.js", "pattern": "/^        className={`input ${error ? \"input-error\" : \"\"}`}$/", "language": "JavaScript", "kind": "field", "scope": "Input.className", "scopeKind": "class"}, {"_type": "tag", "name": "name", "path": "/home/kavia/workspace/code-generation/roadrescue-quickassist-platform-41193-41202/frontend_user_website/src/components/ui/Input.js", "pattern": "/^        id={name}$/", "language": "JavaScript", "kind": "field", "scope": "Input.id", "scopeKind": "class"}, {"_type": "tag", "name": "name", "path": "/home/kavia/workspace/code-generation/roadrescue-quickassist-platform-41193-41202/frontend_user_website/src/components/ui/Input.js", "pattern": "/^        name={name}$/", "language": "JavaScript", "kind": "field", "scope": "Input.name", "scopeKind": "class"}, {"_type": "tag", "name": "onChange", "path": "/home/kavia/workspace/code-generation/roadrescue-quickassist-platform-41193-41202/frontend_user_website/src/components/ui/Input.js", "pattern": "/^        onChange={onChange}$/", "language": "JavaScript", "kind": "field", "scope": "Input.onChange", "scopeKind": "class"}, {"_type": "tag", "name": "placeholder", "path": "/home/kavia/workspace/code-generation/roadrescue-quickassist-platform-41193-41202/frontend_user_website/src/components/ui/Input.js", "pattern": "/^        placeholder={placeholder}$/", "language": "JavaScript", "kind": "field", "scope": "Input.placeholder", "scopeKind": "class"}, {"_type": "tag", "name": "type", "path": "/home/kavia/workspace/code-generation/roadrescue-quickassist-platform-41193-41202/frontend_user_website/src/components/ui/Input.js", "pattern": "/^        type={type}$/", "language": "JavaScript", "kind": "field", "scope": "Input.type", "scopeKind": "class"}, {"_type": "tag", "name": "value", "path": "/home/kavia/workspace/code-generation/roadrescue-quickassist-platform-41193-41202/frontend_user_website/src/components/ui/Input.js", "pattern": "/^        value={value}$/", "language": "JavaScript", "kind": "field", "scope": "Input.value", "scopeKind": "class"}], "hash": "8a9899d086ff12a65df9a9dcb4c7c537", "format-version": 4, "code-base-name": "frontend_user_website", "filename": "frontend_user_website/src/components/ui/Input.js", "fields": [{"name": "disabled={disabled}", "scope": "Input.disabled", "scopeKind": "class", "description": "unavailable"}, {"name": "className={`input ${error ? \"input-error\" : \"\"}`}", "scope": "Input.className", "scopeKind": "class", "description": "unavailable"}, {"name": "id={name}", "scope": "Input.id", "scopeKind": "class", "description": "unavailable"}, {"name": "name={name}", "scope": "Input.name", "scopeKind": "class", "description": "unavailable"}, {"name": "onChange={onChange}", "scope": "Input.onChange", "scopeKind": "class", "description": "unavailable"}, {"name": "placeholder={placeholder}", "scope": "Input.placeholder", "scopeKind": "class", "description": "unavailable"}, {"name": "type={type}", "scope": "Input.type", "scopeKind": "class", "description": "unavailable"}, {"name": "value={value}", "scope": "Input.value", "scopeKind": "class", "description": "unavailable"}], "revision_history": [{"358": "d7094c8bb3d5eeb9c23cb2ddab9b21d37ee8dfc5"}]}