{"is_source_file": false, "format": "", "description": "", "external_files": [], "external_methods": [], "published": [], "classes": [], "methods": [], "calls": [], "search-terms": [], "state": 2, "file_id": 65, "knowledge_revision": 342, "git_revision": "d7094c8bb3d5eeb9c23cb2ddab9b21d37ee8dfc5", "hash": "11e7b296b16a8756a7ec76c950ac2ed2", "format-version": 4, "code-base-name": "frontend_user_website", "filename": "frontend_user_website/README.md", "revision_history": [{"342": "d7094c8bb3d5eeb9c23cb2ddab9b21d37ee8dfc5"}]}