{"is_source_file": false, "format": "", "description": "", "external_files": [], "external_methods": [], "published": [], "classes": [], "methods": [], "calls": [], "search-terms": [], "state": 2, "file_id": 95, "knowledge_revision": 512, "git_revision": "77804b9e59df6fc419955dfd61afeb8d09976c77", "revision_history": [{"466": "d7094c8bb3d5eeb9c23cb2ddab9b21d37ee8dfc5"}, {"512": "77804b9e59df6fc419955dfd61afeb8d09976c77"}], "hash": "befb4e15259273ed54edb87ad41df269", "format-version": 4, "code-base-name": "frontend_user_website", "filename": "frontend_user_website/package.json"}