{"is_source_file": true, "format": "JavaScript", "description": "This file defines a React component 'TwilioSmsDemoCard' that provides a demo UI for sending SMS messages via Twilio's REST API. It includes environment variable configurations, input validation, API request handling, and UI rendering.", "external_files": ["../ui/Card", "../ui/Input", "../ui/Button"], "external_methods": ["React.useMemo", "React.useState"], "published": ["TwilioSmsDemoCard"], "classes": [], "methods": [{"name": "getTwilioConfig()", "description": "Fetches Twilio configuration from environment variables.", "scope": "", "scopeKind": ""}, {"name": "isLikelyE164(phone)", "description": "Performs minimal validation of a phone number to check if it is in E.164 format.", "scope": "", "scopeKind": ""}, {"name": "parseTwilioError(response)", "description": "Parses error responses from Twilio API and returns a readable error message.", "scope": "", "scopeKind": ""}, {"name": "TwilioSmsDemoCard({ title = \"SMS Demo\", defaultTo = \"\" })", "scope": "", "scopeKind": "", "description": "unavailable"}], "calls": ["React.useMemo", "React.useState", "getTwilioConfig", "isLikelyE164", "parseTwilioError", "fetch"], "search-terms": ["TwilioSmsDemoCard", "SMS demo", "React environment variables", "Twilio API call", "React component", "Phone number validation", "send SMS from React"], "state": 2, "file_id": 77, "knowledge_revision": 360, "git_revision": "0c3d79b311925402e0dd354a955e3011ebb3a8e0", "ctags": [{"_type": "tag", "name": "TwilioSmsDemoCard", "path": "/home/kavia/workspace/code-generation/roadrescue-quickassist-platform-41193-41202/frontend_user_website/src/components/demo/TwilioSmsDemoCard.js", "pattern": "/^export function TwilioSmsDemoCard({ title = \"SMS Demo\", defaultTo = \"\" }) {$/", "language": "JavaScript", "kind": "function", "signature": "({ title = \"SMS Demo\", defaultTo = \"\" })"}, {"_type": "tag", "name": "getTwilioConfig", "path": "/home/kavia/workspace/code-generation/roadrescue-quickassist-platform-41193-41202/frontend_user_website/src/components/demo/TwilioSmsDemoCard.js", "pattern": "/^function getTwilioConfig() {$/", "language": "JavaScript", "kind": "function", "signature": "()"}, {"_type": "tag", "name": "isLikelyE164", "path": "/home/kavia/workspace/code-generation/roadrescue-quickassist-platform-41193-41202/frontend_user_website/src/components/demo/TwilioSmsDemoCard.js", "pattern": "/^function isLikelyE164(phone) {$/", "language": "JavaScript", "kind": "function", "signature": "(phone)"}, {"_type": "tag", "name": "loading", "path": "/home/kavia/workspace/code-generation/roadrescue-quickassist-platform-41193-41202/frontend_user_website/src/components/demo/TwilioSmsDemoCard.js", "pattern": "/^          disabled={loading}$/", "language": "JavaScript", "kind": "field", "scope": "disabled", "scopeKind": "class"}, {"_type": "tag", "name": "parseTwilioError", "path": "/home/kavia/workspace/code-generation/roadrescue-quickassist-platform-41193-41202/frontend_user_website/src/components/demo/TwilioSmsDemoCard.js", "pattern": "/^async function parseTwilioError(response) {$/", "language": "JavaScript", "kind": "function", "signature": "(response)"}, {"_type": "tag", "name": "title", "path": "/home/kavia/workspace/code-generation/roadrescue-quickassist-platform-41193-41202/frontend_user_website/src/components/demo/TwilioSmsDemoCard.js", "pattern": "/^    <Card title={title} subtitle=\"Demo-only: Simulates \u2018Mechanic accepts job\u2019 by sending an /", "language": "JavaScript", "kind": "field", "scope": "TwilioSmsDemoCard.AnonymousClassc65cc0a00101", "scopeKind": "class"}], "hash": "f42161cbed5b45a7685ccd96686b6e54", "format-version": 4, "code-base-name": "frontend_user_website", "filename": "frontend_user_website/src/components/demo/TwilioSmsDemoCard.js", "fields": [{"name": "disabled={loading}", "scope": "disabled", "scopeKind": "class", "description": "unavailable"}, {"name": "<Card title={title} subtitle=\"Demo-only: Simulates \u2018Mechanic accepts job\u2019 by sending an /", "scope": "TwilioSmsDemoCard.AnonymousClassc65cc0a00101", "scopeKind": "class", "description": "unavailable"}], "revision_history": [{"360": "0c3d79b311925402e0dd354a955e3011ebb3a8e0"}]}