{"is_source_file": true, "format": "JavaScript", "description": "This file defines a React functional component 'Navbar' responsible for rendering a responsive, role-based navigation bar for the web application. It manages navigation links, user authentication UI, and mobile menu toggling.", "external_files": ["../ui/Button", "../../context/AuthContext", "react", "react-router-dom"], "external_methods": ["useNavigate", "useAuth", "Link", "NavLink"], "published": ["Navbar"], "classes": [], "methods": [{"name": "navLinkClass({ isActive })", "description": "A helper function to assign CSS classes to navigation links based on their active state.", "scope": "", "scopeKind": ""}, {"name": "onLogout", "description": "An asynchronous function to handle user logout, navigate to home, and close the mobile menu."}, {"name": "Navbar()", "scope": "", "scopeKind": "", "description": "unavailable"}], "calls": ["useNavigate()", "useAuth()", "setOpen()", "logout()", "navigate()", "useMemo()", "margin()", "map()", "setOpen()"], "search-terms": ["Navbar React component", "role-based links", "responsive navigation", "mobile menu toggle", "auth UI", "navigation bar JavaScript"], "state": 2, "file_id": 78, "knowledge_revision": 556, "git_revision": "17f770753df0a9e7325f0905dddd4ab9c1d4ffee", "revision_history": [{"361": "0c3d79b311925402e0dd354a955e3011ebb3a8e0"}, {"518": "9460f7d0c136032955309efdf7db8099b0ca36a0"}, {"541": "e3932056a33468e189c82262e3518ef361ffdecb"}, {"553": "e3932056a33468e189c82262e3518ef361ffdecb"}, {"554": "d2f7cd26a55e78651fb2479bac9182162217b451"}, {"555": "2dfd3e6f3ad87167c3379d1b386bc7a276d460ac"}, {"556": "17f770753df0a9e7325f0905dddd4ab9c1d4ffee"}], "ctags": [{"_type": "tag", "name": "Navbar", "path": "/home/kavia/workspace/code-generation/roadrescue-quickassist-platform-41193-41202/frontend_user_website/src/components/layout/Navbar.js", "pattern": "/^export function Navbar() {$/", "language": "JavaScript", "kind": "function", "signature": "()"}, {"_type": "tag", "name": "navLinkClass", "path": "/home/kavia/workspace/code-generation/roadrescue-quickassist-platform-41193-41202/frontend_user_website/src/components/layout/Navbar.js", "pattern": "/^function navLinkClass({ isActive }) {$/", "language": "JavaScript", "kind": "function", "signature": "({ isActive })"}, {"_type": "tag", "name": "open", "path": "/home/kavia/workspace/code-generation/roadrescue-quickassist-platform-41193-41202/frontend_user_website/src/components/layout/Navbar.js", "pattern": "/^            aria-expanded={open ? \"true\" : \"false\"}$/", "language": "JavaScript", "kind": "field", "scope": "aria", "scopeKind": "class"}, {"_type": "tag", "name": "open", "path": "/home/kavia/workspace/code-generation/roadrescue-quickassist-platform-41193-41202/frontend_user_website/src/components/layout/Navbar.js", "pattern": "/^            aria-label={open ? \"Close menu\" : \"Open menu\"}$/", "language": "JavaScript", "kind": "field", "scope": "aria", "scopeKind": "class"}], "hash": "121120dfb05de63570ba4dcc9c6fc52f", "format-version": 4, "code-base-name": "frontend_user_website", "filename": "frontend_user_website/src/components/layout/Navbar.js", "fields": [{"name": "aria-expanded={open ? \"true\" : \"false\"}", "scope": "aria", "scopeKind": "class", "description": "unavailable"}, {"name": "aria-label={open ? \"Close menu\" : \"Open menu\"}", "scope": "aria", "scopeKind": "class", "description": "unavailable"}]}