{"is_source_file": true, "format": "JavaScript", "description": "This file defines a React component SubmitRequestPage for a frontend user interface in a vehicle breakdown request application. It manages form state, input validation, location geocoding, and submission logic for creating new requests, including map interactions.", "external_files": ["../components/ui/Card", "../components/ui/Input", "../components/ui/Button", "../components/MapView", "../services/dataService", "../services/geocodingService", "../services/perfProfiler"], "external_methods": ["useNavigate", "geocodeAddress", "createProfiler", "dataService.createRequest"], "published": ["SubmitRequestPage"], "classes": [], "methods": [{"name": "parseNumberOrNull(v)", "description": "Parses a string value into a number; returns null if the input is empty or not a valid number.", "scope": "", "scopeKind": ""}, {"name": "SubmitRequestPage({ user })", "description": "React functional component providing a form for submitting vehicle breakdown requests, including location geocoding and validation.", "scope": "", "scopeKind": ""}], "calls": ["useNavigate", "geocodeAddress", "createProfiler", "dataService.createRequest"], "search-terms": ["SubmitRequestPage", "react frontend request form", "vehicle breakdown", "map location geocoding", "createRequest submission", "React hooks"], "state": 2, "file_id": 89, "knowledge_revision": 392, "git_revision": "0ab7c8607a8f3e87f5d462faeb698639879485ab", "revision_history": [{"370": "d7094c8bb3d5eeb9c23cb2ddab9b21d37ee8dfc5"}, {"376": "d7094c8bb3d5eeb9c23cb2ddab9b21d37ee8dfc5"}, {"379": "f4f353c6c2a7e959dc97c16c3a142856210321dc"}, {"383": "3196f94bc413f8a9981945535825226967895420"}, {"392": "0ab7c8607a8f3e87f5d462faeb698639879485ab"}], "ctags": [{"_type": "tag", "name": "4", "path": "/home/kavia/workspace/code-generation/roadrescue-quickassist-platform-41193-41202/frontend_user_website/src/pages/SubmitRequestPage.js", "pattern": "/^              rows={4}$/", "language": "JavaScript", "kind": "field", "scope": "SubmitRequestPage.rows", "scopeKind": "class"}, {"_type": "tag", "name": "SubmitRequestPage", "path": "/home/kavia/workspace/code-generation/roadrescue-quickassist-platform-41193-41202/frontend_user_website/src/pages/SubmitRequestPage.js", "pattern": "/^export function SubmitRequestPage({ user }) {$/", "language": "JavaScript", "kind": "function", "signature": "({ user })"}, {"_type": "tag", "name": "contact", "path": "/home/kavia/workspace/code-generation/roadrescue-quickassist-platform-41193-41202/frontend_user_website/src/pages/SubmitRequestPage.js", "pattern": "/^              value={contact.name}$/", "language": "JavaScript", "kind": "field", "scope": "SubmitRequestPage.value", "scopeKind": "class"}, {"_type": "tag", "name": "contact", "path": "/home/kavia/workspace/code-generation/roadrescue-quickassist-platform-41193-41202/frontend_user_website/src/pages/SubmitRequestPage.js", "pattern": "/^              value={contact.phone}$/", "language": "JavaScript", "kind": "field", "scope": "SubmitRequestPage.value", "scopeKind": "class"}, {"_type": "tag", "name": "findBusy", "path": "/home/kavia/workspace/code-generation/roadrescue-quickassist-platform-41193-41202/frontend_user_website/src/pages/SubmitRequestPage.js", "pattern": "/^                disabled={findBusy || !locationText.trim()}$/", "language": "JavaScript", "kind": "field", "scope": "SubmitRequestPage.disabled", "scopeKind": "class"}, {"_type": "tag", "name": "findBusy", "path": "/home/kavia/workspace/code-generation/roadrescue-quickassist-platform-41193-41202/frontend_user_website/src/pages/SubmitRequestPage.js", "pattern": "/^              disabled={findBusy}$/", "language": "JavaScript", "kind": "field", "scope": "SubmitRequestPage.disabled", "scopeKind": "class"}, {"_type": "tag", "name": "issueDescription", "path": "/home/kavia/workspace/code-generation/roadrescue-quickassist-platform-41193-41202/frontend_user_website/src/pages/SubmitRequestPage.js", "pattern": "/^              value={issueDescription}$/", "language": "JavaScript", "kind": "field", "scope": "SubmitRequestPage.value", "scopeKind": "class"}, {"_type": "tag", "name": "latText", "path": "/home/kavia/workspace/code-generation/roadrescue-quickassist-platform-41193-41202/frontend_user_website/src/pages/SubmitRequestPage.js", "pattern": "/^              value={latText}$/", "language": "JavaScript", "kind": "field", "scope": "value", "scopeKind": "class"}, {"_type": "tag", "name": "lngText", "path": "/home/kavia/workspace/code-generation/roadrescue-quickassist-platform-41193-41202/frontend_user_website/src/pages/SubmitRequestPage.js", "pattern": "/^              value={lngText}$/", "language": "JavaScript", "kind": "field", "scope": "value", "scopeKind": "class"}, {"_type": "tag", "name": "locationText", "path": "/home/kavia/workspace/code-generation/roadrescue-quickassist-platform-41193-41202/frontend_user_website/src/pages/SubmitRequestPage.js", "pattern": "/^              value={locationText}$/", "language": "JavaScript", "kind": "field", "scope": "SubmitRequestPage.value", "scopeKind": "class"}, {"_type": "tag", "name": "onFindLocation", "path": "/home/kavia/workspace/code-generation/roadrescue-quickassist-platform-41193-41202/frontend_user_website/src/pages/SubmitRequestPage.js", "pattern": "/^                onClick={onFindLocation}$/", "language": "JavaScript", "kind": "field", "scope": "SubmitRequestPage.onClick", "scopeKind": "class"}, {"_type": "tag", "name": "parseNumberOrNull", "path": "/home/kavia/workspace/code-generation/roadrescue-quickassist-platform-41193-41202/frontend_user_website/src/pages/SubmitRequestPage.js", "pattern": "/^function parseNumberOrNull(v) {$/", "language": "JavaScript", "kind": "function", "signature": "(v)"}, {"_type": "tag", "name": "trim() ? \"input-error\" : \"\"}", "path": "/home/kavia/workspace/code-generation/roadrescue-quickassist-platform-41193-41202/frontend_user_website/src/pages/SubmitRequestPage.js", "pattern": "/^              className={`textarea ${error && !issueDescription.trim() ? \"input-error\" : \"\"}`}$/", "language": "JavaScript", "kind": "field", "scope": "SubmitRequestPage.className.textarea ${error && !issueDescription", "scopeKind": "class"}, {"_type": "tag", "name": "vehicle", "path": "/home/kavia/workspace/code-generation/roadrescue-quickassist-platform-41193-41202/frontend_user_website/src/pages/SubmitRequestPage.js", "pattern": "/^              value={vehicle.make}$/", "language": "JavaScript", "kind": "field", "scope": "SubmitRequestPage.value", "scopeKind": "class"}, {"_type": "tag", "name": "vehicle", "path": "/home/kavia/workspace/code-generation/roadrescue-quickassist-platform-41193-41202/frontend_user_website/src/pages/SubmitRequestPage.js", "pattern": "/^              value={vehicle.model}$/", "language": "JavaScript", "kind": "field", "scope": "SubmitRequestPage.value", "scopeKind": "class"}, {"_type": "tag", "name": "vehicle", "path": "/home/kavia/workspace/code-generation/roadrescue-quickassist-platform-41193-41202/frontend_user_website/src/pages/SubmitRequestPage.js", "pattern": "/^              value={vehicle.plate}$/", "language": "JavaScript", "kind": "field", "scope": "SubmitRequestPage.value", "scopeKind": "class"}, {"_type": "tag", "name": "vehicle", "path": "/home/kavia/workspace/code-generation/roadrescue-quickassist-platform-41193-41202/frontend_user_website/src/pages/SubmitRequestPage.js", "pattern": "/^              value={vehicle.year}$/", "language": "JavaScript", "kind": "field", "scope": "SubmitRequestPage.value", "scopeKind": "class"}], "hash": "607f6699b557ff74a67481cc02957f01", "format-version": 4, "code-base-name": "frontend_user_website", "filename": "frontend_user_website/src/pages/SubmitRequestPage.js", "fields": [{"name": "rows={4}", "scope": "SubmitRequestPage.rows", "scopeKind": "class", "description": "unavailable"}, {"name": "value={contact.name}", "scope": "SubmitRequestPage.value", "scopeKind": "class", "description": "unavailable"}, {"name": "value={contact.phone}", "scope": "SubmitRequestPage.value", "scopeKind": "class", "description": "unavailable"}, {"name": "disabled={findBusy || !locationText.trim()}", "scope": "SubmitRequestPage.disabled", "scopeKind": "class", "description": "unavailable"}, {"name": "disabled={findBusy}", "scope": "SubmitRequestPage.disabled", "scopeKind": "class", "description": "unavailable"}, {"name": "value={issueDescription}", "scope": "SubmitRequestPage.value", "scopeKind": "class", "description": "unavailable"}, {"name": "value={latText}", "scope": "value", "scopeKind": "class", "description": "unavailable"}, {"name": "value={lngText}", "scope": "value", "scopeKind": "class", "description": "unavailable"}, {"name": "value={locationText}", "scope": "SubmitRequestPage.value", "scopeKind": "class", "description": "unavailable"}, {"name": "onClick={onFindLocation}", "scope": "SubmitRequestPage.onClick", "scopeKind": "class", "description": "unavailable"}, {"name": "className={`textarea ${error && !issueDescription.trim() ? \"input-error\" : \"\"}`}", "scope": "SubmitRequestPage.className.textarea ${error && !issueDescription", "scopeKind": "class", "description": "unavailable"}, {"name": "value={vehicle.make}", "scope": "SubmitRequestPage.value", "scopeKind": "class", "description": "unavailable"}, {"name": "value={vehicle.model}", "scope": "SubmitRequestPage.value", "scopeKind": "class", "description": "unavailable"}, {"name": "value={vehicle.plate}", "scope": "SubmitRequestPage.value", "scopeKind": "class", "description": "unavailable"}, {"name": "value={vehicle.year}", "scope": "SubmitRequestPage.value", "scopeKind": "class", "description": "unavailable"}]}