{"is_source_file": true, "format": "JavaScript", "description": "This file defines a React component 'RequireAuth' that acts as a route guard, redirecting unauthenticated users to the login page.", "external_files": ["react", "react-router-dom"], "external_methods": ["React", "Navigate", "useLocation"], "published": ["RequireAuth"], "classes": [], "methods": [{"name": "RequireAuth({ user, children })", "description": "React component that checks user authentication and redirects to login if not authenticated.", "scope": "", "scopeKind": ""}], "calls": ["useLocation", "Navigate"], "search-terms": ["RequireAuth", "react-router-dom", "authentication route guard", "redirect to login", "React component"], "state": 2, "file_id": 85, "knowledge_revision": 497, "git_revision": "c4fd42ce8ff2f60d249df1558a3c0c0865f108b7", "revision_history": [{"364": "d7094c8bb3d5eeb9c23cb2ddab9b21d37ee8dfc5"}, {"497": "c4fd42ce8ff2f60d249df1558a3c0c0865f108b7"}], "ctags": [{"_type": "tag", "name": "RequireAuth", "path": "/home/kavia/workspace/code-generation/roadrescue-quickassist-platform-41193-41202/frontend_user_website/src/routes/RequireAuth.js", "pattern": "/^export function RequireAuth({ user, children }) {$/", "language": "JavaScript", "kind": "function", "signature": "({ user, children })"}], "hash": "4fbf475928fd5d490231bb76e249d982", "format-version": 4, "code-base-name": "frontend_user_website", "filename": "frontend_user_website/src/routes/RequireAuth.js"}