{"is_source_file": true, "format": "JavaScript (React)", "description": "This file is the entry point for a React-based web application. It imports necessary libraries and styles, and renders the main App component into the DOM.", "external_files": ["leaflet/dist/leaflet.css", "./index.css", "./App"], "external_methods": [], "published": [], "classes": [], "methods": [], "calls": ["ReactDOM.createRoot", "root.render"], "search-terms": ["React", "ReactDOM", "leaflet", "App", "frontend"], "state": 2, "file_id": 68, "knowledge_revision": 474, "git_revision": "2e2af0273f995fe0134fd2d4b766db8201a17ecb", "revision_history": [{"348": "2e2af0273f995fe0134fd2d4b766db8201a17ecb"}, {"474": "2e2af0273f995fe0134fd2d4b766db8201a17ecb"}], "ctags": [{"_type": "tag", "name": "root", "path": "/home/kavia/workspace/code-generation/roadrescue-quickassist-platform-41193-41202/frontend_user_website/src/index.js", "pattern": "/^const root = ReactDOM.createRoot(document.getElementById('root'));$/", "language": "JavaScript", "kind": "constant"}], "hash": "b0c23de150c92fa6f4904013881ed548", "format-version": 4, "code-base-name": "frontend_user_website", "filename": "frontend_user_website/src/index.js"}