{"is_source_file": true, "format": "JavaScript (React/JSX)", "description": "This file defines a React functional component named 'Footer' that renders a themed footer section with the current year and additional information.", "external_files": ["react"], "external_methods": ["React"], "published": ["Footer"], "classes": [], "methods": [{"name": "Footer()", "description": "React functional component that renders the footer UI.", "scope": "", "scopeKind": ""}], "calls": ["new Date()", "new Date().getFullYear()"], "search-terms": ["Footer", "React component", "footer section", "theme styling", "QuickAssist", "Ocean Professional theme", "Supabase auth"], "state": 2, "file_id": 79, "knowledge_revision": 436, "git_revision": "fe63037cb13ed9778021272beaaedbedfeec96f2", "revision_history": [{"355": "d7094c8bb3d5eeb9c23cb2ddab9b21d37ee8dfc5"}, {"436": "fe63037cb13ed9778021272beaaedbedfeec96f2"}], "ctags": [{"_type": "tag", "name": "Footer", "path": "/home/kavia/workspace/code-generation/roadrescue-quickassist-platform-41193-41202/frontend_user_website/src/components/layout/Footer.js", "pattern": "/^export function Footer() {$/", "language": "JavaScript", "kind": "function", "signature": "()"}], "hash": "8397857a0488ffe077bc568264231e80", "format-version": 4, "code-base-name": "frontend_user_website", "filename": "frontend_user_website/src/components/layout/Footer.js"}