{"is_source_file": true, "format": "JavaScript", "description": "Main React application file configuring routing, authentication, and rendering core components for the frontend user website of the QuickAssist platform.", "external_files": ["./components/layout/Navbar", "./components/layout/Footer", "./routes/RequireAuth", "./services/dataService", "./config/appConfig", "./utils/withTimeout", "./components/ErrorBoundary", "./services/supabaseClient", "./pages/LoginPage", "./pages/RegisterPage", "./pages/SubmitRequestPage", "./pages/MyRequestsPage", "./pages/RequestDetailPage", "./pages/AboutPage", "./pages/DashboardPage", "./components/demo/TwilioSmsDemoCard", "./App.css"], "external_methods": ["React.useEffect", "React.useMemo", "React.useState", "useNavigate", "useLocation", "subscribeToAuthChanges", "dataService.getUserFromSession", "withTimeout"], "published": ["App"], "classes": [{"name": "LoadingScreen", "description": "A React component that displays a loading message with instructions."}, {"name": "AppShell", "description": "Component managing authentication state, routing, and redirects based on user session."}, {"name": "SupabaseConfigErrorScreen", "description": "Component displaying configuration error when required environment variables are missing."}], "methods": [{"name": "getRouteStateMessage(location)", "description": "Extracts message from route location state for display.", "scope": "", "scopeKind": ""}, {"name": "App()", "description": "Main entry component that initializes the application, handling environment validation.", "scope": "", "scopeKind": ""}, {"name": "AppShell()", "scope": "", "scopeKind": "", "description": "unavailable"}, {"name": "LoadingScreen({ message = \"Loading\u2026\" })", "scope": "", "scopeKind": "", "description": "unavailable"}, {"name": "SupabaseConfigErrorScreen({ message, missing })", "scope": "", "scopeKind": "", "description": "unavailable"}], "calls": ["React.useEffect", "React.useMemo", "React.useState", "useNavigate", "useLocation", "dataService.subscribeToAuthChanges", "dataService.getUserFromSession", "withTimeout", "navigate"], "search-terms": ["ReactRouter", "auth flow", "session check", "protected routes", "supabase", "frontend routing", "login flow"], "state": 2, "file_id": 74, "knowledge_revision": 488, "git_revision": "4e714b908b74818d70b65f70db25b618ba2afac5", "revision_history": [{"353": "15b5e00133c728e31f7cfdd11b3f578418e3e946"}, {"422": "adddec63496c05acbad8f707fc07bd60b2d8ca52"}, {"432": "fe63037cb13ed9778021272beaaedbedfeec96f2"}, {"444": "7066161a9c2ce915109ac9413e83d53395dd4a5b"}, {"452": "7066161a9c2ce915109ac9413e83d53395dd4a5b"}, {"458": "55c101ee6f98e89b6ced40354d7fc387c121a627"}, {"460": "55c101ee6f98e89b6ced40354d7fc387c121a627"}, {"464": "c4fd42ce8ff2f60d249df1558a3c0c0865f108b7"}, {"488": "4e714b908b74818d70b65f70db25b618ba2afac5"}], "ctags": [{"_type": "tag", "name": "App", "path": "/home/kavia/workspace/code-generation/roadrescue-quickassist-platform-41193-41202/frontend_user_website/src/App.js", "pattern": "/^function App() {$/", "language": "JavaScript", "kind": "function", "signature": "()"}, {"_type": "tag", "name": "AppShell", "path": "/home/kavia/workspace/code-generation/roadrescue-quickassist-platform-41193-41202/frontend_user_website/src/App.js", "pattern": "/^function AppShell() {$/", "language": "JavaScript", "kind": "function", "signature": "()"}, {"_type": "tag", "name": "LoadingScreen", "path": "/home/kavia/workspace/code-generation/roadrescue-quickassist-platform-41193-41202/frontend_user_website/src/App.js", "pattern": "/^function LoadingScreen({ message = \"Loading\u2026\" }) {$/", "language": "JavaScript", "kind": "function", "signature": "({ message = \"Loading\u2026\" })"}, {"_type": "tag", "name": "SupabaseConfigErrorScreen", "path": "/home/kavia/workspace/code-generation/roadrescue-quickassist-platform-41193-41202/frontend_user_website/src/App.js", "pattern": "/^function SupabaseConfigErrorScreen({ message, missing }) {$/", "language": "JavaScript", "kind": "function", "signature": "({ message, missing })"}, {"_type": "tag", "name": "getRouteStateMessage", "path": "/home/kavia/workspace/code-generation/roadrescue-quickassist-platform-41193-41202/frontend_user_website/src/App.js", "pattern": "/^function getRouteStateMessage(location) {$/", "language": "JavaScript", "kind": "function", "signature": "(location)"}, {"_type": "tag", "name": "init", "path": "/home/kavia/workspace/code-generation/roadrescue-quickassist-platform-41193-41202/frontend_user_website/src/App.js", "pattern": "/^        {!init.configured ? <SupabaseConfigErrorScreen message={init.message} missing={init.miss/", "language": "JavaScript", "kind": "field", "scope": "configured", "scopeKind": "class"}, {"_type": "tag", "name": "user", "path": "/home/kavia/workspace/code-generation/roadrescue-quickassist-platform-41193-41202/frontend_user_website/src/App.js", "pattern": "/^              user ? ($/", "language": "JavaScript", "kind": "field", "scope": "AppShell.element", "scopeKind": "class"}, {"_type": "tag", "name": "user", "path": "/home/kavia/workspace/code-generation/roadrescue-quickassist-platform-41193-41202/frontend_user_website/src/App.js", "pattern": "/^            element={user ? <Navigate to=\"\\/submit\" replace \\/> : <RegisterPage onAuthed={setUse/", "language": "JavaScript", "kind": "field", "scope": "AppShell.element", "scopeKind": "class"}], "hash": "5d13219c39277825b13fd5335637dc29", "format-version": 4, "code-base-name": "frontend_user_website", "filename": "frontend_user_website/src/App.js", "fields": [{"name": "{!init.configured ? <SupabaseConfigErrorScreen message={init.message} missing={init.miss/", "scope": "configured", "scopeKind": "class", "description": "unavailable"}, {"name": "user ? (", "scope": "AppShell.element", "scopeKind": "class", "description": "unavailable"}, {"name": "element={user ? <Navigate to=\"\\/submit\" replace \\/> : <RegisterPage onAuthed={setUse/", "scope": "AppShell.element", "scopeKind": "class", "description": "unavailable"}]}