{"is_source_file": true, "format": "JavaScript", "description": "This file defines a React functional component called UserShell that provides a layout shell for user-related pages. It renders a container with optional title and subtitle, and displays child components within the main content section.", "external_files": ["../ui/Container"], "external_methods": [], "published": ["UserShell"], "classes": [], "methods": [{"name": "UserShell({ title, subtitle, children })", "description": "A React functional component that renders a user layout shell with optional title and subtitle, and displays child components within a full-width main section.", "scope": "", "scopeKind": ""}], "calls": ["React", "Container"], "search-terms": ["UserShell", "layout", "React functional component", "user interface", "UI layout", "page content container"], "state": 2, "file_id": 111, "knowledge_revision": 594, "git_revision": "e3932056a33468e189c82262e3518ef361ffdecb", "revision_history": [{"547": "e3932056a33468e189c82262e3518ef361ffdecb"}, {"594": "e3932056a33468e189c82262e3518ef361ffdecb"}], "ctags": [{"_type": "tag", "name": "UserShell", "path": "/home/kavia/workspace/code-generation/roadrescue-quickassist-platform-41193-41202/frontend_user_website/src/components/layout/UserShell.js", "pattern": "/^export function UserShell({ title, subtitle, children }) {$/", "language": "JavaScript", "kind": "function", "signature": "({ title, subtitle, children })"}], "hash": "48c405d12da7eb8a01ad3bc8552921c0", "format-version": 4, "code-base-name": "frontend_user_website", "filename": "frontend_user_website/src/components/layout/UserShell.js"}