{"is_source_file": false, "format": "", "description": "", "external_files": [], "external_methods": [], "published": [], "classes": [], "methods": [], "calls": [], "search-terms": [], "state": 2, "file_id": 69, "knowledge_revision": 450, "git_revision": "f4f353c6c2a7e959dc97c16c3a142856210321dc", "revision_history": [{"375": "d7094c8bb3d5eeb9c23cb2ddab9b21d37ee8dfc5"}, {"450": "f4f353c6c2a7e959dc97c16c3a142856210321dc"}], "hash": "e2692317a38fb12372e52c9ed3f4f949", "format-version": 4, "code-base-name": "frontend_user_website", "filename": "frontend_user_website/src/App.css"}