{"is_source_file": true, "format": "JavaScript (React JSX)", "description": "This file defines a React component named LocationMap that displays a map centered at given latitude and longitude coordinates, with a marker and optional address display. It also includes setup for custom marker icons using Leaflet.", "external_files": ["react-leaflet", "leaflet", "leaflet/dist/images/marker-icon-2x.png", "leaflet/dist/images/marker-icon.png", "leaflet/dist/images/marker-shadow.png"], "external_methods": ["L.Icon.Default.mergeOptions", "L.Icon.Default.prototype._getIconUrl"], "published": ["LocationMap"], "classes": [], "methods": [{"name": "clampLat(lat)", "description": "Clamps the latitude value between -90 and 90 degrees. Returns null if input is invalid.", "scope": "", "scopeKind": ""}, {"name": "clampLon(lon)", "description": "Normalizes the longitude value to be within -180 to 180 degrees, adjusting values outside this range accordingly.", "scope": "", "scopeKind": ""}, {"name": "LocationMap({ lat, lon, address = \"\", height = 300 })", "scope": "", "scopeKind": "", "description": "unavailable"}, {"name": "delete L.Icon.Default.prototype._getIconUrl; _getIconUrl", "scope": "delete.Icon.Default", "scopeKind": "class", "description": "unavailable"}], "calls": ["React", "useMemo", "MapContainer", "Marker", "Popup", "TileLayer", "L.Icon.Default.mergeOptions", "L.Icon.Default.prototype._getIconUrl", "Math.max", "Math.min", "Number.isNaN"], "search-terms": ["LocationMap.jsx", "leaflet marker icon setup", "react-leaflet MapContainer", "map center latitude longitude", "clampLat clampLon"], "state": 2, "file_id": 103, "knowledge_revision": 475, "git_revision": "4df64072ecff4147ced1d3bd08d6f9db6d098f5b", "revision_history": [{"473": "4df64072ecff4147ced1d3bd08d6f9db6d098f5b"}, {"475": "4df64072ecff4147ced1d3bd08d6f9db6d098f5b"}], "ctags": [{"_type": "tag", "name": "15", "path": "/home/kavia/workspace/code-generation/roadrescue-quickassist-platform-41193-41202/frontend_user_website/src/components/LocationMap.jsx", "pattern": "/^          zoom={15}$/", "language": "JavaScript", "kind": "field", "scope": "LocationMap.zoom", "scopeKind": "class"}, {"_type": "tag", "name": "CHENNAI_CENTER", "path": "/home/kavia/workspace/code-generation/roadrescue-quickassist-platform-41193-41202/frontend_user_website/src/components/LocationMap.jsx", "pattern": "/^const CHENNAI_CENTER = { lat: 13.0827, lon: 80.2707 };$/", "language": "JavaScript", "kind": "class"}, {"_type": "tag", "name": "Default", "path": "/home/kavia/workspace/code-generation/roadrescue-quickassist-platform-41193-41202/frontend_user_website/src/components/LocationMap.jsx", "pattern": "/^delete L.Icon.Default.prototype._getIconUrl;$/", "language": "JavaScript", "kind": "class", "scope": "delete.Icon", "scopeKind": "class"}, {"_type": "tag", "name": "LocationMap", "path": "/home/kavia/workspace/code-generation/roadrescue-quickassist-platform-41193-41202/frontend_user_website/src/components/LocationMap.jsx", "pattern": "/^export function LocationMap({ lat, lon, address = \"\", height = 300 }) {$/", "language": "JavaScript", "kind": "function", "signature": "({ lat, lon, address = \"\", height = 300 })"}, {"_type": "tag", "name": "[safe.lat, safe.lon]", "path": "/home/kavia/workspace/code-generation/roadrescue-quickassist-platform-41193-41202/frontend_user_website/src/components/LocationMap.jsx", "pattern": "/^          center={[safe.lat, safe.lon] || [CHENNAI_CENTER.lat, CHENNAI_CENTER.lon]}$/", "language": "JavaScript", "kind": "field", "scope": "LocationMap.center", "scopeKind": "class"}, {"_type": "tag", "name": "_getIconUrl", "path": "/home/kavia/workspace/code-generation/roadrescue-quickassist-platform-41193-41202/frontend_user_website/src/components/LocationMap.jsx", "pattern": "/^delete L.Icon.Default.prototype._getIconUrl;$/", "language": "JavaScript", "kind": "method", "scope": "delete.Icon.Default", "scopeKind": "class"}, {"_type": "tag", "name": "clampLat", "path": "/home/kavia/workspace/code-generation/roadrescue-quickassist-platform-41193-41202/frontend_user_website/src/components/LocationMap.jsx", "pattern": "/^function clampLat(lat) {$/", "language": "JavaScript", "kind": "function", "signature": "(lat)"}, {"_type": "tag", "name": "clampLon", "path": "/home/kavia/workspace/code-generation/roadrescue-quickassist-platform-41193-41202/frontend_user_website/src/components/LocationMap.jsx", "pattern": "/^function clampLon(lon) {$/", "language": "JavaScript", "kind": "function", "signature": "(lon)"}, {"_type": "tag", "name": "false", "path": "/home/kavia/workspace/code-generation/roadrescue-quickassist-platform-41193-41202/frontend_user_website/src/components/LocationMap.jsx", "pattern": "/^          scrollWheelZoom={false}$/", "language": "JavaScript", "kind": "field", "scope": "scrollWheelZoom", "scopeKind": "class"}, {"_type": "tag", "name": "lat", "path": "/home/kavia/workspace/code-generation/roadrescue-quickassist-platform-41193-41202/frontend_user_website/src/components/LocationMap.jsx", "pattern": "/^const CHENNAI_CENTER = { lat: 13.0827, lon: 80.2707 };$/", "language": "JavaScript", "kind": "property", "scope": "CHENNAI_CENTER", "scopeKind": "class"}, {"_type": "tag", "name": "lon", "path": "/home/kavia/workspace/code-generation/roadrescue-quickassist-platform-41193-41202/frontend_user_website/src/components/LocationMap.jsx", "pattern": "/^const CHENNAI_CENTER = { lat: 13.0827, lon: 80.2707 };$/", "language": "JavaScript", "kind": "property", "scope": "CHENNAI_CENTER", "scopeKind": "class"}], "hash": "44ef6b39fdafb76b45997cc1f6923a73", "format-version": 4, "code-base-name": "frontend_user_website", "filename": "frontend_user_website/src/components/LocationMap.jsx", "fields": [{"name": "zoom={15}", "scope": "LocationMap.zoom", "scopeKind": "class", "description": "unavailable"}, {"name": "center={[safe.lat, safe.lon] || [CHENNAI_CENTER.lat, CHENNAI_CENTER.lon]}", "scope": "LocationMap.center", "scopeKind": "class", "description": "unavailable"}, {"name": "scrollWheelZoom={false}", "scope": "scrollWheelZoom", "scopeKind": "class", "description": "unavailable"}, {"name": "const CHENNAI_CENTER = { lat: 13.0827, lon: 80.2707 };", "scope": "CHENNAI_CENTER", "scopeKind": "class", "description": "unavailable"}]}