{"is_source_file": true, "format": "JavaScript (React JSX)", "description": "This file defines the HomePage component for a React application. It serves as a public landing page with call-to-action buttons, information sections, and a demo snapshot card, using various UI components and React hooks.", "external_files": ["../components/ui/Button", "../components/ui/Card", "../context/AuthContext", "react", "react-router-dom"], "external_methods": ["useNavigate", "useAuth"], "published": ["HomePage"], "classes": [], "methods": [{"name": "HomePage()", "description": "React functional component rendering the home/landing page with navigation and authentication-aware content.", "scope": "", "scopeKind": ""}, {"name": "onGetHelp", "description": "Event handler navigating to either '/submit' or '/login' depending on the user's authentication status."}], "calls": ["useNavigate()", "useAuth()", "navigate()", "Button()", "Card()"], "search-terms": ["HomePage React component", "landing page UI React", "useAuth React hook", "navigation button React", "React project source file"], "state": 2, "file_id": 108, "knowledge_revision": 535, "git_revision": "9460f7d0c136032955309efdf7db8099b0ca36a0", "ctags": [{"_type": "tag", "name": "HomePage", "path": "/home/kavia/workspace/code-generation/roadrescue-quickassist-platform-41193-41202/frontend_user_website/src/pages/HomePage.js", "pattern": "/^export function HomePage() {$/", "language": "JavaScript", "kind": "function", "signature": "()"}], "hash": "bdfcda1c711034806233d47a6aed212c", "format-version": 4, "code-base-name": "frontend_user_website", "filename": "frontend_user_website/src/pages/HomePage.js", "revision_history": [{"535": "9460f7d0c136032955309efdf7db8099b0ca36a0"}]}