{"is_source_file": true, "format": "JavaScript/React", "description": "This file is the main entry point and root component for a React-based frontend web application. It manages routing, authentication flow, and renders core layout components including navbar and footer.", "external_files": ["./components/layout/Navbar", "./components/layout/Footer", "./routes/RequireAuth", "./services/dataService", "./config/appConfig", "./utils/withTimeout", "./components/ErrorBoundary", "./services/supabaseClient", "./pages/LoginPage", "./pages/RegisterPage", "./pages/SubmitRequestPage", "./pages/MyRequestsPage", "./pages/RequestDetailPage", "./pages/AboutPage", "./pages/DashboardPage", "./components/demo/TwilioSmsDemoCard", "./App.css"], "external_methods": ["React.useEffect", "React.useMemo", "React.useState", "useNavigate", "useLocation", "subscribeToAuthChanges", "getUserFromSession"], "published": ["App"], "classes": [], "methods": [{"name": "getRouteStateMessage(location)", "description": "Extracts message string from location state for displaying route-specific messages.", "scope": "", "scopeKind": ""}, {"name": "LoadingScreen({ message = \"Loading\u2026\" })", "description": "Component displaying a loading UI with a message during app startup or session check.", "scope": "", "scopeKind": ""}, {"name": "AppShell()", "description": "Main app container component handling auth flow, routing, and layout rendering.", "scope": "", "scopeKind": ""}, {"name": "SupabaseConfigErrorScreen({ message, missing })", "description": "UI shown when required environment variables for configuration are missing or incorrect.", "scope": "", "scopeKind": ""}, {"name": "App()", "scope": "", "scopeKind": "", "description": "unavailable"}], "calls": ["dataService.subscribeToAuthChanges", "dataService.getUserFromSession", "withTimeout", "navigate", "setUser", "setAuthState", "setBootError"], "search-terms": ["React router", "auth boot process", "session management", "routes", "authentication", "supabase"], "state": 3, "file_id": 74, "knowledge_revision": 460, "git_revision": "55c101ee6f98e89b6ced40354d7fc387c121a627", "revision_history": [{"353": "15b5e00133c728e31f7cfdd11b3f578418e3e946"}, {"422": "adddec63496c05acbad8f707fc07bd60b2d8ca52"}, {"432": "fe63037cb13ed9778021272beaaedbedfeec96f2"}, {"444": "7066161a9c2ce915109ac9413e83d53395dd4a5b"}, {"452": "7066161a9c2ce915109ac9413e83d53395dd4a5b"}, {"458": "55c101ee6f98e89b6ced40354d7fc387c121a627"}, {"460": "55c101ee6f98e89b6ced40354d7fc387c121a627"}], "ctags": [{"_type": "tag", "name": "App", "path": "/home/kavia/workspace/code-generation/roadrescue-quickassist-platform-41193-41202/frontend_user_website/src/App.js", "pattern": "/^function App() {$/", "language": "JavaScript", "kind": "function", "signature": "()"}, {"_type": "tag", "name": "AppShell", "path": "/home/kavia/workspace/code-generation/roadrescue-quickassist-platform-41193-41202/frontend_user_website/src/App.js", "pattern": "/^function AppShell() {$/", "language": "JavaScript", "kind": "function", "signature": "()"}, {"_type": "tag", "name": "LoadingScreen", "path": "/home/kavia/workspace/code-generation/roadrescue-quickassist-platform-41193-41202/frontend_user_website/src/App.js", "pattern": "/^function LoadingScreen({ message = \"Loading\u2026\" }) {$/", "language": "JavaScript", "kind": "function", "signature": "({ message = \"Loading\u2026\" })"}, {"_type": "tag", "name": "SupabaseConfigErrorScreen", "path": "/home/kavia/workspace/code-generation/roadrescue-quickassist-platform-41193-41202/frontend_user_website/src/App.js", "pattern": "/^function SupabaseConfigErrorScreen({ message, missing }) {$/", "language": "JavaScript", "kind": "function", "signature": "({ message, missing })"}, {"_type": "tag", "name": "getRouteStateMessage", "path": "/home/kavia/workspace/code-generation/roadrescue-quickassist-platform-41193-41202/frontend_user_website/src/App.js", "pattern": "/^function getRouteStateMessage(location) {$/", "language": "JavaScript", "kind": "function", "signature": "(location)"}, {"_type": "tag", "name": "init", "path": "/home/kavia/workspace/code-generation/roadrescue-quickassist-platform-41193-41202/frontend_user_website/src/App.js", "pattern": "/^        {!init.configured ? <SupabaseConfigErrorScreen message={init.message} missing={init.miss/", "language": "JavaScript", "kind": "field", "scope": "configured", "scopeKind": "class"}, {"_type": "tag", "name": "user", "path": "/home/kavia/workspace/code-generation/roadrescue-quickassist-platform-41193-41202/frontend_user_website/src/App.js", "pattern": "/^            element={user ? <Navigate to=\"\\/submit\" replace \\/> : <LoginPage onAuthed={setUser} /", "language": "JavaScript", "kind": "field", "scope": "AppShell.element", "scopeKind": "class"}, {"_type": "tag", "name": "user", "path": "/home/kavia/workspace/code-generation/roadrescue-quickassist-platform-41193-41202/frontend_user_website/src/App.js", "pattern": "/^            element={user ? <Navigate to=\"\\/submit\" replace \\/> : <RegisterPage onAuthed={setUse/", "language": "JavaScript", "kind": "field", "scope": "AppShell.element", "scopeKind": "class"}], "hash": "ee407042b7712b068395ffa185a7c653", "format-version": 4, "code-base-name": "frontend_user_website", "filename": "frontend_user_website/src/App.js", "fields": [{"name": "{!init.configured ? <SupabaseConfigErrorScreen message={init.message} missing={init.miss/", "scope": "configured", "scopeKind": "class", "description": "unavailable"}, {"name": "element={user ? <Navigate to=\"\\/submit\" replace \\/> : <LoginPage onAuthed={setUser} /", "scope": "AppShell.element", "scopeKind": "class", "description": "unavailable"}, {"name": "element={user ? <Navigate to=\"\\/submit\" replace \\/> : <RegisterPage onAuthed={setUse/", "scope": "AppShell.element", "scopeKind": "class", "description": "unavailable"}]}