{"is_source_file": true, "format": "JavaScript (React JSX)", "description": "React component for submitting a user request in a vehicle repair app; includes form state handling, validation, and interaction with custom hook useUserRequests.", "external_files": ["../components/ui/Card", "../components/ui/Input", "../components/ui/Button", "../hooks/useUserRequests"], "external_methods": ["useUserRequests()"], "published": [], "classes": [], "methods": [{"name": "SubmitRequestPage()", "description": "React component function handling form rendering, validation, and submission for user requests.", "scope": "", "scopeKind": ""}], "calls": ["useUserRequests()", "setVehicle", "setProblemDescription", "setLocation", "setContactPhone", "useMemo", "validate", "addRequest", "setStatus", "setVehicle", "setProblemDescription", "setLocation", "setContactPhone", "setErrors", "onSubmit", "setVehicle", "setProblemDescription", "setLocation", "setContactPhone", "setErrors", "setStatus", "setVehicle", "setProblemDescription", "setLocation", "setContactPhone", "setErrors", "setStatus"], "search-terms": ["SubmitRequestPage", "React form", "useUserRequests hook", "vehicle request form", "local storage request", "React useMemo", "validation", "request submission"], "state": 2, "file_id": 89, "knowledge_revision": 527, "git_revision": "9460f7d0c136032955309efdf7db8099b0ca36a0", "revision_history": [{"370": "d7094c8bb3d5eeb9c23cb2ddab9b21d37ee8dfc5"}, {"376": "d7094c8bb3d5eeb9c23cb2ddab9b21d37ee8dfc5"}, {"416": "f4f353c6c2a7e959dc97c16c3a142856210321dc"}, {"421": "adddec63496c05acbad8f707fc07bd60b2d8ca52"}, {"465": "adddec63496c05acbad8f707fc07bd60b2d8ca52"}, {"468": "849d76d5285484cd9aa5186f31e89c89753edfc4"}, {"479": "4df64072ecff4147ced1d3bd08d6f9db6d098f5b"}, {"487": "ccd5eab631449c0f19d901fb57d943cf2829df73"}, {"509": "ccd5eab631449c0f19d901fb57d943cf2829df73"}, {"511": "ce807ae69b7652497756a309ba3b8200602259df"}, {"527": "9460f7d0c136032955309efdf7db8099b0ca36a0"}], "ctags": [{"_type": "tag", "name": "3", "path": "/home/kavia/workspace/code-generation/roadrescue-quickassist-platform-41193-41202/frontend_user_website/src/pages/SubmitRequestPage.js", "pattern": "/^              rows={3}$/", "language": "JavaScript", "kind": "field", "scope": "SubmitRequestPage.rows", "scopeKind": "class"}, {"_type": "tag", "name": "4", "path": "/home/kavia/workspace/code-generation/roadrescue-quickassist-platform-41193-41202/frontend_user_website/src/pages/SubmitRequestPage.js", "pattern": "/^              rows={4}$/", "language": "JavaScript", "kind": "field", "scope": "SubmitRequestPage.rows", "scopeKind": "class"}, {"_type": "tag", "name": "SubmitRequestPage", "path": "/home/kavia/workspace/code-generation/roadrescue-quickassist-platform-41193-41202/frontend_user_website/src/pages/SubmitRequestPage.js", "pattern": "/^export function SubmitRequestPage() {$/", "language": "JavaScript", "kind": "function", "signature": "()"}, {"_type": "tag", "name": "contactPhone", "path": "/home/kavia/workspace/code-generation/roadrescue-quickassist-platform-41193-41202/frontend_user_website/src/pages/SubmitRequestPage.js", "pattern": "/^            value={contactPhone}$/", "language": "JavaScript", "kind": "field", "scope": "SubmitRequestPage.value", "scopeKind": "class"}, {"_type": "tag", "name": "errors", "path": "/home/kavia/workspace/code-generation/roadrescue-quickassist-platform-41193-41202/frontend_user_website/src/pages/SubmitRequestPage.js", "pattern": "/^              error={errors.make}$/", "language": "JavaScript", "kind": "field", "scope": "SubmitRequestPage.required", "scopeKind": "class"}, {"_type": "tag", "name": "errors", "path": "/home/kavia/workspace/code-generation/roadrescue-quickassist-platform-41193-41202/frontend_user_website/src/pages/SubmitRequestPage.js", "pattern": "/^              error={errors.model}$/", "language": "JavaScript", "kind": "field", "scope": "SubmitRequestPage.required", "scopeKind": "class"}, {"_type": "tag", "name": "errors", "path": "/home/kavia/workspace/code-generation/roadrescue-quickassist-platform-41193-41202/frontend_user_website/src/pages/SubmitRequestPage.js", "pattern": "/^            error={errors.contactPhone}$/", "language": "JavaScript", "kind": "field", "scope": "SubmitRequestPage.required", "scopeKind": "class"}, {"_type": "tag", "name": "location ? \"input-error\" : \"\"}", "path": "/home/kavia/workspace/code-generation/roadrescue-quickassist-platform-41193-41202/frontend_user_website/src/pages/SubmitRequestPage.js", "pattern": "/^              className={`textarea ${errors.location ? \"input-error\" : \"\"}`}$/", "language": "JavaScript", "kind": "field", "scope": "SubmitRequestPage.className.textarea ${errors", "scopeKind": "class"}, {"_type": "tag", "name": "location", "path": "/home/kavia/workspace/code-generation/roadrescue-quickassist-platform-41193-41202/frontend_user_website/src/pages/SubmitRequestPage.js", "pattern": "/^              value={location}$/", "language": "JavaScript", "kind": "field", "scope": "SubmitRequestPage.value", "scopeKind": "class"}, {"_type": "tag", "name": "problemDescription ? \"input-error\" : \"\"}", "path": "/home/kavia/workspace/code-generation/roadrescue-quickassist-platform-41193-41202/frontend_user_website/src/pages/SubmitRequestPage.js", "pattern": "/^              className={`textarea ${errors.problemDescription ? \"input-error\" : \"\"}`}$/", "language": "JavaScript", "kind": "field", "scope": "SubmitRequestPage.className.textarea ${errors", "scopeKind": "class"}, {"_type": "tag", "name": "problemDescription", "path": "/home/kavia/workspace/code-generation/roadrescue-quickassist-platform-41193-41202/frontend_user_website/src/pages/SubmitRequestPage.js", "pattern": "/^              value={problemDescription}$/", "language": "JavaScript", "kind": "field", "scope": "SubmitRequestPage.value", "scopeKind": "class"}, {"_type": "tag", "name": "vehicle", "path": "/home/kavia/workspace/code-generation/roadrescue-quickassist-platform-41193-41202/frontend_user_website/src/pages/SubmitRequestPage.js", "pattern": "/^              value={vehicle.make}$/", "language": "JavaScript", "kind": "field", "scope": "SubmitRequestPage.value", "scopeKind": "class"}, {"_type": "tag", "name": "vehicle", "path": "/home/kavia/workspace/code-generation/roadrescue-quickassist-platform-41193-41202/frontend_user_website/src/pages/SubmitRequestPage.js", "pattern": "/^              value={vehicle.model}$/", "language": "JavaScript", "kind": "field", "scope": "SubmitRequestPage.value", "scopeKind": "class"}], "hash": "b3a54b7f9eebb5f7563d8845b4e55c96", "format-version": 4, "code-base-name": "frontend_user_website", "filename": "frontend_user_website/src/pages/SubmitRequestPage.js", "fields": [{"name": "rows={3}", "scope": "SubmitRequestPage.rows", "scopeKind": "class", "description": "unavailable"}, {"name": "rows={4}", "scope": "SubmitRequestPage.rows", "scopeKind": "class", "description": "unavailable"}, {"name": "value={contactPhone}", "scope": "SubmitRequestPage.value", "scopeKind": "class", "description": "unavailable"}, {"name": "error={errors.make}", "scope": "SubmitRequestPage.required", "scopeKind": "class", "description": "unavailable"}, {"name": "error={errors.model}", "scope": "SubmitRequestPage.required", "scopeKind": "class", "description": "unavailable"}, {"name": "error={errors.contactPhone}", "scope": "SubmitRequestPage.required", "scopeKind": "class", "description": "unavailable"}, {"name": "className={`textarea ${errors.location ? \"input-error\" : \"\"}`}", "scope": "SubmitRequestPage.className.textarea ${errors", "scopeKind": "class", "description": "unavailable"}, {"name": "value={location}", "scope": "SubmitRequestPage.value", "scopeKind": "class", "description": "unavailable"}, {"name": "className={`textarea ${errors.problemDescription ? \"input-error\" : \"\"}`}", "scope": "SubmitRequestPage.className.textarea ${errors", "scopeKind": "class", "description": "unavailable"}, {"name": "value={problemDescription}", "scope": "SubmitRequestPage.value", "scopeKind": "class", "description": "unavailable"}, {"name": "value={vehicle.make}", "scope": "SubmitRequestPage.value", "scopeKind": "class", "description": "unavailable"}, {"name": "value={vehicle.model}", "scope": "SubmitRequestPage.value", "scopeKind": "class", "description": "unavailable"}]}