{"is_source_file": true, "format": "JavaScript (React JSX)", "description": "Main application component for a React web app managing routing, user authentication, and page layout. Handles user session state, routing logic, and UI rendering.", "external_files": ["./components/layout/Navbar", "./components/layout/Footer", "./routes/RequireAuth", "./services/dataService", "./pages/LoginPage", "./pages/RegisterPage", "./pages/SubmitRequestPage", "./pages/MyRequestsPage", "./pages/RequestDetailPage", "./pages/AboutPage", "./App.css"], "external_methods": ["dataService.getCurrentUser", "dataService.subscribeToAuthChanges"], "published": ["App"], "classes": [], "methods": [{"name": "App()", "description": "React functional component managing user authentication state, routing, and page layout.", "scope": "", "scopeKind": ""}], "calls": ["dataService.getCurrentUser", "dataService.subscribeToAuthChanges", "setUser", "setBooted"], "search-terms": ["React App", "Routing with react-router-dom", "Authentication state management", "User session persistence", "Conditional rendering of pages"], "state": 2, "file_id": 74, "knowledge_revision": 386, "git_revision": "15b5e00133c728e31f7cfdd11b3f578418e3e946", "revision_history": [{"353": "15b5e00133c728e31f7cfdd11b3f578418e3e946"}, {"386": "15b5e00133c728e31f7cfdd11b3f578418e3e946"}], "ctags": [{"_type": "tag", "name": "App", "path": "/home/kavia/workspace/code-generation/roadrescue-quickassist-platform-41193-41202/frontend_user_website/src/App.js", "pattern": "/^function App() {$/", "language": "JavaScript", "kind": "function", "signature": "()"}, {"_type": "tag", "name": "user", "path": "/home/kavia/workspace/code-generation/roadrescue-quickassist-platform-41193-41202/frontend_user_website/src/App.js", "pattern": "/^            <Route path=\"\\/\" element={<Navigate to={user ? \"\\/submit\" : \"\\/login\"} replace \\/>} /", "language": "JavaScript", "kind": "field", "scope": "App.AnonymousClassb0acc46e0101", "scopeKind": "class"}], "hash": "c07707aee443c92edeaa45c53ee4b4a5", "format-version": 4, "code-base-name": "frontend_user_website", "filename": "frontend_user_website/src/App.js", "fields": [{"name": "<Route path=\"\\/\" element={<Navigate to={user ? \"\\/submit\" : \"\\/login\"} replace \\/>} /", "scope": "App.AnonymousClassb0acc46e0101", "scopeKind": "class", "description": "unavailable"}]}