{"is_source_file": true, "format": "JavaScript", "description": "This file defines a configuration object for a React application, retrieving environment variables at build time and providing default values for certain settings.", "external_files": [], "external_methods": ["String()", "Number()"], "published": ["appConfig"], "classes": [], "methods": [{"name": "getRequiredEnv(name)", "description": "Function to retrieve and trim required environment variables from process.env.", "scope": "", "scopeKind": ""}], "calls": ["getRequiredEnv"], "search-terms": ["appConfig", "REACT_APP_SUPABASE_URL", "REACT_APP_SUPABASE_ANON_KEY", "REACT_APP_BOOT_TIMEOUT_MS", "environment variables", "React configuration"], "state": 2, "file_id": 97, "knowledge_revision": 442, "git_revision": "fe63037cb13ed9778021272beaaedbedfeec96f2", "revision_history": [{"423": "adddec63496c05acbad8f707fc07bd60b2d8ca52"}, {"428": "adddec63496c05acbad8f707fc07bd60b2d8ca52"}, {"442": "fe63037cb13ed9778021272beaaedbedfeec96f2"}], "ctags": [{"_type": "tag", "name": "appConfig", "path": "/home/kavia/workspace/code-generation/roadrescue-quickassist-platform-41193-41202/frontend_user_website/src/config/appConfig.js", "pattern": "/^export const appConfig = {$/", "language": "JavaScript", "kind": "class"}, {"_type": "tag", "name": "bootTimeoutMs", "path": "/home/kavia/workspace/code-generation/roadrescue-quickassist-platform-41193-41202/frontend_user_website/src/config/appConfig.js", "pattern": "/^  bootTimeoutMs: (() => {$/", "language": "JavaScript", "kind": "property", "scope": "appConfig", "scopeKind": "class"}, {"_type": "tag", "name": "getRequiredEnv", "path": "/home/kavia/workspace/code-generation/roadrescue-quickassist-platform-41193-41202/frontend_user_website/src/config/appConfig.js", "pattern": "/^function getRequiredEnv(name) {$/", "language": "JavaScript", "kind": "function", "signature": "(name)"}, {"_type": "tag", "name": "supabaseAnonKey", "path": "/home/kavia/workspace/code-generation/roadrescue-quickassist-platform-41193-41202/frontend_user_website/src/config/appConfig.js", "pattern": "/^  supabaseAnonKey: getRequiredEnv(\"REACT_APP_SUPABASE_ANON_KEY\"),$/", "language": "JavaScript", "kind": "property", "scope": "appConfig", "scopeKind": "class"}, {"_type": "tag", "name": "supabaseUrl", "path": "/home/kavia/workspace/code-generation/roadrescue-quickassist-platform-41193-41202/frontend_user_website/src/config/appConfig.js", "pattern": "/^  supabaseUrl: getRequiredEnv(\"REACT_APP_SUPABASE_URL\"),$/", "language": "JavaScript", "kind": "property", "scope": "appConfig", "scopeKind": "class"}], "hash": "742b6499f0deef13a6fe5204bd71584e", "format-version": 4, "code-base-name": "frontend_user_website", "filename": "frontend_user_website/src/config/appConfig.js", "fields": [{"name": "bootTimeoutMs: (() => {", "scope": "appConfig", "scopeKind": "class", "description": "unavailable"}, {"name": "supabaseAnonKey: getRequiredEnv(\"REACT_APP_SUPABASE_ANON_KEY\"),", "scope": "appConfig", "scopeKind": "class", "description": "unavailable"}, {"name": "supabaseUrl: getRequiredEnv(\"REACT_APP_SUPABASE_URL\"),", "scope": "appConfig", "scopeKind": "class", "description": "unavailable"}]}