{"is_source_file": false, "format": "", "description": "", "external_files": [], "external_methods": [], "published": [], "classes": [], "methods": [], "calls": [], "search-terms": [], "state": 2, "file_id": 76, "knowledge_revision": 356, "git_revision": "2e2af0273f995fe0134fd2d4b766db8201a17ecb", "hash": "6c2104b8d219ed99234ae2d6329f4357", "format-version": 4, "code-base-name": "frontend_user_website", "filename": "frontend_user_website/src/index.css", "revision_history": [{"356": "2e2af0273f995fe0134fd2d4b766db8201a17ecb"}]}