{"is_source_file": false, "format": "", "description": "", "external_files": [], "external_methods": [], "published": [], "classes": [], "methods": [], "calls": [], "search-terms": [], "state": 2, "file_id": 75, "knowledge_revision": 354, "git_revision": "2e2af0273f995fe0134fd2d4b766db8201a17ecb", "ctags": [], "hash": "1a77571e1a8cf36018a41bcedf60db75", "format-version": 4, "code-base-name": "frontend_user_website", "filename": "frontend_user_website/src/setupTests.js", "revision_history": [{"354": "2e2af0273f995fe0134fd2d4b766db8201a17ecb"}]}