{"is_source_file": true, "format": "JavaScript", "description": "This file provides a data service module that interfaces with a Supabase backend, handling user authentication, profile management, and CRUD operations for request data, including normalization of related data objects.", "external_files": ["./statusUtils", "./supabaseClient", "../config/appConfig", "../utils/withTimeout"], "external_methods": ["getSupabase", "normalizeStatus", "withTimeout"], "published": ["dataService"], "classes": [], "methods": [{"name": "supaUserToAppUser(supaUser)", "description": "Transforms a Supabase user object into a simplified app user object, attempting to read role and approval status from the profiles table.", "scope": "", "scopeKind": ""}, {"name": "normalizeVehicle(vehicle, row)", "description": "Normalizes vehicle data from raw database rows or input objects, ensuring consistent structure with make and model as strings.", "scope": "", "scopeKind": ""}, {"name": "normalizeContact(contact, row)", "description": "Normalizes contact data from raw database rows or input objects, ensuring consistent structure with name and phone as strings.", "scope": "", "scopeKind": ""}, {"name": "normalizeSupabaseAuthError(err)", "description": "Converts various Supabase auth error messages into user-friendly strings.", "scope": "", "scopeKind": ""}, {"name": "register(email, password)", "description": "Registers a new user with email and password using Supabase authentication.", "scope": "dataService", "scopeKind": "class"}, {"name": "login(email, password)", "description": "Authenticates a user with email and password via Supabase.", "scope": "dataService", "scopeKind": "class"}, {"name": "loginWithGoogle({ redirectTo } = {})", "description": "Starts OAuth login flow with Google via Supabase.", "scope": "dataService", "scopeKind": "class"}, {"name": "logout()", "description": "Signs out the currently authenticated user.", "scope": "dataService", "scopeKind": "class"}, {"name": "getUserFromSession()", "description": "Retrieves the current user based on session info, returning a minimal user object if authenticated.", "scope": "dataService", "scopeKind": "class"}, {"name": "getCurrentUser()", "description": "Returns currently authenticated user object or null.", "scope": "dataService", "scopeKind": "class"}, {"name": "subscribeToAuthChanges(onUserChanged)", "description": "Subscribes to auth state changes, providing a callback for user updates and returning an unsubscribe function.", "scope": "dataService", "scopeKind": "class"}, {"name": "getProfile(userId)", "description": "Fetches profile data for a given user ID from the profiles table.", "scope": "dataService", "scopeKind": "class"}, {"name": "listRequests({ forUserId } = {})", "description": "Lists requests from the database, with optional filtering by user ID, normalizing data fields.", "scope": "dataService", "scopeKind": "class"}, {"name": "getRequestById(requestId)", "description": "Fetches a specific request by ID, normalizing its fields.", "scope": "dataService", "scopeKind": "class"}, {"name": "createRequest({ user, vehicle, issueDescription, contact, location } = {})", "description": "Creates a new request record with associated user, vehicle, contact, and location data.", "scope": "dataService", "scopeKind": "class"}, {"name": "isSupabaseConfigured()", "description": "Checks if necessary environment variables or configuration are present (stub that always returns true).", "scope": "dataService", "scopeKind": "class"}], "calls": ["getSupabase", "normalizeStatus", "withTimeout", "supaUserToAppUser"], "search-terms": ["dataService", "supabase.auth", "profile", "requests", "vehicle normalization", "contact normalization", "OAuth", "session", "user management"], "state": 2, "file_id": 73, "knowledge_revision": 502, "git_revision": "40fbc15814f3eb78e86fa58f45962c80516c6a2f", "revision_history": [{"352": "15b5e00133c728e31f7cfdd11b3f578418e3e946"}, {"498": "4df64072ecff4147ced1d3bd08d6f9db6d098f5b"}, {"502": "40fbc15814f3eb78e86fa58f45962c80516c6a2f"}], "ctags": [{"_type": "tag", "name": "address", "path": "/home/kavia/workspace/code-generation/roadrescue-quickassist-platform-41193-41202/frontend_user_website/src/services/dataService.js", "pattern": "/^      address: safeAddress,$/", "language": "JavaScript", "kind": "property", "scope": "dataService.createRequest.insertPayload", "scopeKind": "class"}, {"_type": "tag", "name": "assigned_mechanic_email", "path": "/home/kavia/workspace/code-generation/roadrescue-quickassist-platform-41193-41202/frontend_user_website/src/services/dataService.js", "pattern": "/^      assigned_mechanic_email: null,$/", "language": "JavaScript", "kind": "property", "scope": "dataService.createRequest.insertPayload", "scopeKind": "class"}, {"_type": "tag", "name": "assigned_mechanic_id", "path": "/home/kavia/workspace/code-generation/roadrescue-quickassist-platform-41193-41202/frontend_user_website/src/services/dataService.js", "pattern": "/^      assigned_mechanic_id: null,$/", "language": "JavaScript", "kind": "property", "scope": "dataService.createRequest.insertPayload", "scopeKind": "class"}, {"_type": "tag", "name": "contact", "path": "/home/kavia/workspace/code-generation/roadrescue-quickassist-platform-41193-41202/frontend_user_website/src/services/dataService.js", "pattern": "/^      contact: safeContact,$/", "language": "JavaScript", "kind": "property", "scope": "dataService.createRequest.insertPayload", "scopeKind": "class"}, {"_type": "tag", "name": "createRequest", "path": "/home/kavia/workspace/code-generation/roadrescue-quickassist-platform-41193-41202/frontend_user_website/src/services/dataService.js", "pattern": "/^  async createRequest({ user, vehicle, issueDescription, contact, location } = {}) {$/", "language": "JavaScript", "kind": "method", "signature": "({ user, vehicle, issueDescription, contact, location } = {})", "scope": "dataService", "scopeKind": "class"}, {"_type": "tag", "name": "created_at", "path": "/home/kavia/workspace/code-generation/roadrescue-quickassist-platform-41193-41202/frontend_user_website/src/services/dataService.js", "pattern": "/^      created_at: nowIso,$/", "language": "JavaScript", "kind": "property", "scope": "dataService.createRequest.insertPayload", "scopeKind": "class"}, {"_type": "tag", "name": "dataService", "path": "/home/kavia/workspace/code-generation/roadrescue-quickassist-platform-41193-41202/frontend_user_website/src/services/dataService.js", "pattern": "/^export const dataService = {$/", "language": "JavaScript", "kind": "class"}, {"_type": "tag", "name": "getCurrentUser", "path": "/home/kavia/workspace/code-generation/roadrescue-quickassist-platform-41193-41202/frontend_user_website/src/services/dataService.js", "pattern": "/^  async getCurrentUser() {$/", "language": "JavaScript", "kind": "method", "signature": "()", "scope": "dataService", "scopeKind": "class"}, {"_type": "tag", "name": "getProfile", "path": "/home/kavia/workspace/code-generation/roadrescue-quickassist-platform-41193-41202/frontend_user_website/src/services/dataService.js", "pattern": "/^  async getProfile(userId) {$/", "language": "JavaScript", "kind": "method", "signature": "(userId)", "scope": "dataService", "scopeKind": "class"}, {"_type": "tag", "name": "getRequestById", "path": "/home/kavia/workspace/code-generation/roadrescue-quickassist-platform-41193-41202/frontend_user_website/src/services/dataService.js", "pattern": "/^  async getRequestById(requestId) {$/", "language": "JavaScript", "kind": "method", "signature": "(requestId)", "scope": "dataService", "scopeKind": "class"}, {"_type": "tag", "name": "getUserFromSession", "path": "/home/kavia/workspace/code-generation/roadrescue-quickassist-platform-41193-41202/frontend_user_website/src/services/dataService.js", "pattern": "/^  async getUserFromSession() {$/", "language": "JavaScript", "kind": "method", "signature": "()", "scope": "dataService", "scopeKind": "class"}, {"_type": "tag", "name": "insertPayload", "path": "/home/kavia/workspace/code-generation/roadrescue-quickassist-platform-41193-41202/frontend_user_website/src/services/dataService.js", "pattern": "/^    const insertPayload = {$/", "language": "JavaScript", "kind": "class", "scope": "dataService.createRequest", "scopeKind": "class"}, {"_type": "tag", "name": "isSupabaseConfigured", "path": "/home/kavia/workspace/code-generation/roadrescue-quickassist-platform-41193-41202/frontend_user_website/src/services/dataService.js", "pattern": "/^  isSupabaseConfigured() {$/", "language": "JavaScript", "kind": "method", "signature": "()", "scope": "dataService", "scopeKind": "class"}, {"_type": "tag", "name": "issue_description", "path": "/home/kavia/workspace/code-generation/roadrescue-quickassist-platform-41193-41202/frontend_user_website/src/services/dataService.js", "pattern": "/^      issue_description: issueDescription,$/", "language": "JavaScript", "kind": "property", "scope": "dataService.createRequest.insertPayload", "scopeKind": "class"}, {"_type": "tag", "name": "lat", "path": "/home/kavia/workspace/code-generation/roadrescue-quickassist-platform-41193-41202/frontend_user_website/src/services/dataService.js", "pattern": "/^      lat: safeLat,$/", "language": "JavaScript", "kind": "property", "scope": "dataService.createRequest.insertPayload", "scopeKind": "class"}, {"_type": "tag", "name": "listRequests", "path": "/home/kavia/workspace/code-generation/roadrescue-quickassist-platform-41193-41202/frontend_user_website/src/services/dataService.js", "pattern": "/^  async listRequests({ forUserId } = {}) {$/", "language": "JavaScript", "kind": "method", "signature": "({ forUserId } = {})", "scope": "dataService", "scopeKind": "class"}, {"_type": "tag", "name": "login", "path": "/home/kavia/workspace/code-generation/roadrescue-quickassist-platform-41193-41202/frontend_user_website/src/services/dataService.js", "pattern": "/^  async login(email, password) {$/", "language": "JavaScript", "kind": "method", "signature": "(email, password)", "scope": "dataService", "scopeKind": "class"}, {"_type": "tag", "name": "loginWithGoogle", "path": "/home/kavia/workspace/code-generation/roadrescue-quickassist-platform-41193-41202/frontend_user_website/src/services/dataService.js", "pattern": "/^  async loginWithGoogle({ redirectTo } = {}) {$/", "language": "JavaScript", "kind": "method", "signature": "({ redirectTo } = {})", "scope": "dataService", "scopeKind": "class"}, {"_type": "tag", "name": "logout", "path": "/home/kavia/workspace/code-generation/roadrescue-quickassist-platform-41193-41202/frontend_user_website/src/services/dataService.js", "pattern": "/^  async logout() {$/", "language": "JavaScript", "kind": "method", "signature": "()", "scope": "dataService", "scopeKind": "class"}, {"_type": "tag", "name": "lon", "path": "/home/kavia/workspace/code-generation/roadrescue-quickassist-platform-41193-41202/frontend_user_website/src/services/dataService.js", "pattern": "/^      lon: safeLon,$/", "language": "JavaScript", "kind": "property", "scope": "dataService.createRequest.insertPayload", "scopeKind": "class"}, {"_type": "tag", "name": "make", "path": "/home/kavia/workspace/code-generation/roadrescue-quickassist-platform-41193-41202/frontend_user_website/src/services/dataService.js", "pattern": "/^      make: vehicle && typeof vehicle.make === \"string\" ? vehicle.make : \"\",$/", "language": "JavaScript", "kind": "property", "scope": "dataService.createRequest.safeVehicle", "scopeKind": "class"}, {"_type": "tag", "name": "model", "path": "/home/kavia/workspace/code-generation/roadrescue-quickassist-platform-41193-41202/frontend_user_website/src/services/dataService.js", "pattern": "/^      model: vehicle && typeof vehicle.model === \"string\" ? vehicle.model : \"\",$/", "language": "JavaScript", "kind": "property", "scope": "dataService.createRequest.safeVehicle", "scopeKind": "class"}, {"_type": "tag", "name": "name", "path": "/home/kavia/workspace/code-generation/roadrescue-quickassist-platform-41193-41202/frontend_user_website/src/services/dataService.js", "pattern": "/^      name: contact?.name || \"\",$/", "language": "JavaScript", "kind": "property", "scope": "dataService.createRequest.safeContact", "scopeKind": "class"}, {"_type": "tag", "name": "normalizeContact", "path": "/home/kavia/workspace/code-generation/roadrescue-quickassist-platform-41193-41202/frontend_user_website/src/services/dataService.js", "pattern": "/^function normalizeContact(contact, row) {$/", "language": "JavaScript", "kind": "function", "signature": "(contact, row)"}, {"_type": "tag", "name": "normalizeSupabaseAuthError", "path": "/home/kavia/workspace/code-generation/roadrescue-quickassist-platform-41193-41202/frontend_user_website/src/services/dataService.js", "pattern": "/^function normalizeSupabaseAuthError(err) {$/", "language": "JavaScript", "kind": "function", "signature": "(err)"}, {"_type": "tag", "name": "normalizeVehicle", "path": "/home/kavia/workspace/code-generation/roadrescue-quickassist-platform-41193-41202/frontend_user_website/src/services/dataService.js", "pattern": "/^function normalizeVehicle(vehicle, row) {$/", "language": "JavaScript", "kind": "function", "signature": "(vehicle, row)"}, {"_type": "tag", "name": "notes", "path": "/home/kavia/workspace/code-generation/roadrescue-quickassist-platform-41193-41202/frontend_user_website/src/services/dataService.js", "pattern": "/^      notes: [],$/", "language": "JavaScript", "kind": "property", "scope": "dataService.createRequest.insertPayload", "scopeKind": "class"}, {"_type": "tag", "name": "phone", "path": "/home/kavia/workspace/code-generation/roadrescue-quickassist-platform-41193-41202/frontend_user_website/src/services/dataService.js", "pattern": "/^      phone: contact?.phone || \"\",$/", "language": "JavaScript", "kind": "property", "scope": "dataService.createRequest.safeContact", "scopeKind": "class"}, {"_type": "tag", "name": "register", "path": "/home/kavia/workspace/code-generation/roadrescue-quickassist-platform-41193-41202/frontend_user_website/src/services/dataService.js", "pattern": "/^  async register(email, password) {$/", "language": "JavaScript", "kind": "method", "signature": "(email, password)", "scope": "dataService", "scopeKind": "class"}, {"_type": "tag", "name": "safeContact", "path": "/home/kavia/workspace/code-generation/roadrescue-quickassist-platform-41193-41202/frontend_user_website/src/services/dataService.js", "pattern": "/^    const safeContact = {$/", "language": "JavaScript", "kind": "class", "scope": "dataService.createRequest", "scopeKind": "class"}, {"_type": "tag", "name": "safeVehicle", "path": "/home/kavia/workspace/code-generation/roadrescue-quickassist-platform-41193-41202/frontend_user_website/src/services/dataService.js", "pattern": "/^    const safeVehicle = {$/", "language": "JavaScript", "kind": "class", "scope": "dataService.createRequest", "scopeKind": "class"}, {"_type": "tag", "name": "status", "path": "/home/kavia/workspace/code-generation/roadrescue-quickassist-platform-41193-41202/frontend_user_website/src/services/dataService.js", "pattern": "/^      status: \"open\",$/", "language": "JavaScript", "kind": "property", "scope": "dataService.createRequest.insertPayload", "scopeKind": "class"}, {"_type": "tag", "name": "subscribeToAuthChanges", "path": "/home/kavia/workspace/code-generation/roadrescue-quickassist-platform-41193-41202/frontend_user_website/src/services/dataService.js", "pattern": "/^  subscribeToAuthChanges(onUserChanged) {$/", "language": "JavaScript", "kind": "method", "signature": "(onUserChanged)", "scope": "dataService", "scopeKind": "class"}, {"_type": "tag", "name": "supaUserToAppUser", "path": "/home/kavia/workspace/code-generation/roadrescue-quickassist-platform-41193-41202/frontend_user_website/src/services/dataService.js", "pattern": "/^async function supaUserToAppUser(supaUser) {$/", "language": "JavaScript", "kind": "function", "signature": "(supaUser)"}, {"_type": "tag", "name": "user_email", "path": "/home/kavia/workspace/code-generation/roadrescue-quickassist-platform-41193-41202/frontend_user_website/src/services/dataService.js", "pattern": "/^      user_email: user.email,$/", "language": "JavaScript", "kind": "property", "scope": "dataService.createRequest.insertPayload", "scopeKind": "class"}, {"_type": "tag", "name": "user_id", "path": "/home/kavia/workspace/code-generation/roadrescue-quickassist-platform-41193-41202/frontend_user_website/src/services/dataService.js", "pattern": "/^      user_id: user.id,$/", "language": "JavaScript", "kind": "property", "scope": "dataService.createRequest.insertPayload", "scopeKind": "class"}, {"_type": "tag", "name": "vehicle", "path": "/home/kavia/workspace/code-generation/roadrescue-quickassist-platform-41193-41202/frontend_user_website/src/services/dataService.js", "pattern": "/^      vehicle: safeVehicle,$/", "language": "JavaScript", "kind": "property", "scope": "dataService.createRequest.insertPayload", "scopeKind": "class"}], "hash": "9ff8f0e04e083816a7c1ec9454590be7", "format-version": 4, "code-base-name": "frontend_user_website", "filename": "frontend_user_website/src/services/dataService.js", "fields": [{"name": "address: safeAddress,", "scope": "dataService.createRequest.insertPayload", "scopeKind": "class", "description": "unavailable"}, {"name": "assigned_mechanic_email: null,", "scope": "dataService.createRequest.insertPayload", "scopeKind": "class", "description": "unavailable"}, {"name": "assigned_mechanic_id: null,", "scope": "dataService.createRequest.insertPayload", "scopeKind": "class", "description": "unavailable"}, {"name": "contact: safeContact,", "scope": "dataService.createRequest.insertPayload", "scopeKind": "class", "description": "unavailable"}, {"name": "created_at: nowIso,", "scope": "dataService.createRequest.insertPayload", "scopeKind": "class", "description": "unavailable"}, {"name": "issue_description: issueDescription,", "scope": "dataService.createRequest.insertPayload", "scopeKind": "class", "description": "unavailable"}, {"name": "lat: safeLat,", "scope": "dataService.createRequest.insertPayload", "scopeKind": "class", "description": "unavailable"}, {"name": "lon: safeLon,", "scope": "dataService.createRequest.insertPayload", "scopeKind": "class", "description": "unavailable"}, {"name": "make: vehicle && typeof vehicle.make === \"string\" ? vehicle.make : \"\",", "scope": "dataService.createRequest.safeVehicle", "scopeKind": "class", "description": "unavailable"}, {"name": "model: vehicle && typeof vehicle.model === \"string\" ? vehicle.model : \"\",", "scope": "dataService.createRequest.safeVehicle", "scopeKind": "class", "description": "unavailable"}, {"name": "name: contact?.name || \"\",", "scope": "dataService.createRequest.safeContact", "scopeKind": "class", "description": "unavailable"}, {"name": "notes: [],", "scope": "dataService.createRequest.insertPayload", "scopeKind": "class", "description": "unavailable"}, {"name": "phone: contact?.phone || \"\",", "scope": "dataService.createRequest.safeContact", "scopeKind": "class", "description": "unavailable"}, {"name": "status: \"open\",", "scope": "dataService.createRequest.insertPayload", "scopeKind": "class", "description": "unavailable"}, {"name": "user_email: user.email,", "scope": "dataService.createRequest.insertPayload", "scopeKind": "class", "description": "unavailable"}, {"name": "user_id: user.id,", "scope": "dataService.createRequest.insertPayload", "scopeKind": "class", "description": "unavailable"}, {"name": "vehicle: safeVehicle,", "scope": "dataService.createRequest.insertPayload", "scopeKind": "class", "description": "unavailable"}]}