{"is_source_file": true, "format": "JavaScript (React/JSX)", "description": "Main application component for the RoadRescue QuickAssist user website, defining the routing structure, layout components, and context providers.", "external_files": ["./components/ErrorBoundary", "./components/layout/Navbar", "./components/layout/Footer", "./context/AuthContext", "./routes/RequireAuth", "./pages/HomePage", "./pages/HowItWorksPage", "./pages/WhyChooseUsPage", "./pages/AboutPage", "./pages/LoginPage", "./pages/RegisterPage", "./pages/SubmitRequestPage", "./pages/MyRequestsPage", "./pages/RequestDetailPage"], "external_methods": ["React", "BrowserRouter", "Navigate", "Route", "Routes", "ErrorBoundary", "AuthProvider", "RequireAuth", "HomePage", "HowItWorksPage", "WhyChooseUsPage", "AboutPage", "LoginPage", "RegisterPage", "SubmitRequestPage", "MyRequestsPage", "RequestDetailPage"], "published": ["App"], "classes": [], "methods": [{"name": "App()", "description": "Main React functional component setting up routing, layout, and context providers for the app.", "scope": "", "scopeKind": ""}], "calls": ["React", "BrowserRouter", "ErrorBoundary", "AuthProvider", "Navbar", "Footer", "Routes", "Route", "Navigate", "HomePage", "HowItWorksPage", "WhyChooseUsPage", "AboutPage", "LoginPage", "RegisterPage", "RequireAuth", "SubmitRequestPage", "MyRequestsPage", "RequestDetailPage"], "search-terms": ["React SPA routing", "React context", "protected routes", "Main app component", "React Router setup", "Navigation", "Layout components"], "state": 2, "file_id": 74, "knowledge_revision": 600, "git_revision": "9460f7d0c136032955309efdf7db8099b0ca36a0", "revision_history": [{"353": "15b5e00133c728e31f7cfdd11b3f578418e3e946"}, {"422": "adddec63496c05acbad8f707fc07bd60b2d8ca52"}, {"432": "fe63037cb13ed9778021272beaaedbedfeec96f2"}, {"444": "7066161a9c2ce915109ac9413e83d53395dd4a5b"}, {"452": "7066161a9c2ce915109ac9413e83d53395dd4a5b"}, {"458": "55c101ee6f98e89b6ced40354d7fc387c121a627"}, {"460": "55c101ee6f98e89b6ced40354d7fc387c121a627"}, {"464": "c4fd42ce8ff2f60d249df1558a3c0c0865f108b7"}, {"488": "4e714b908b74818d70b65f70db25b618ba2afac5"}, {"514": "4e714b908b74818d70b65f70db25b618ba2afac5"}, {"600": "9460f7d0c136032955309efdf7db8099b0ca36a0"}], "ctags": [{"_type": "tag", "name": "App", "path": "/home/kavia/workspace/code-generation/roadrescue-quickassist-platform-41193-41202/frontend_user_website/src/App.js", "pattern": "/^function App() {$/", "language": "JavaScript", "kind": "function", "signature": "()"}], "hash": "3b407e92fe17509ca8d277f805b9b12b", "format-version": 4, "code-base-name": "frontend_user_website", "filename": "frontend_user_website/src/App.js"}