{"is_source_file": true, "format": "JavaScript (React JSX)", "description": "This file defines a React functional component called Navbar, which implements a responsive, role-based navigation bar for a web application. It includes links for public users and authenticated users, a logo, and handles user authentication actions like login, logout, and registration.", "external_files": ["../ui/Button", "../../context/AuthContext", "react", "react-router-dom"], "external_methods": ["useNavigate", "useAuth", "Link", "NavLink"], "published": ["Navbar"], "classes": [], "methods": [{"name": "navLinkClass({ isActive })", "description": "A helper function to assign CSS classes to navigation links based on whether they are active.", "scope": "", "scopeKind": ""}, {"name": "onLogout", "description": "An async function that logs out the user, closes the menu, and navigates to the homepage."}, {"name": "Navbar()", "scope": "", "scopeKind": "", "description": "unavailable"}], "calls": ["useNavigate()", "useAuth()", "logout()", "setOpen()", "navigate()", "useMemo()", "map()", "NavLink()", "setOpen()"], "search-terms": ["React Navbar", "role-based navigation", "responsive menu", "auth links", "react-router-dom navigation"], "state": 2, "file_id": 78, "knowledge_revision": 555, "git_revision": "2dfd3e6f3ad87167c3379d1b386bc7a276d460ac", "revision_history": [{"361": "0c3d79b311925402e0dd354a955e3011ebb3a8e0"}, {"518": "9460f7d0c136032955309efdf7db8099b0ca36a0"}, {"541": "e3932056a33468e189c82262e3518ef361ffdecb"}, {"553": "e3932056a33468e189c82262e3518ef361ffdecb"}, {"554": "d2f7cd26a55e78651fb2479bac9182162217b451"}, {"555": "2dfd3e6f3ad87167c3379d1b386bc7a276d460ac"}], "ctags": [{"_type": "tag", "name": "Navbar", "path": "/home/kavia/workspace/code-generation/roadrescue-quickassist-platform-41193-41202/frontend_user_website/src/components/layout/Navbar.js", "pattern": "/^export function Navbar() {$/", "language": "JavaScript", "kind": "function", "signature": "()"}, {"_type": "tag", "name": "navLinkClass", "path": "/home/kavia/workspace/code-generation/roadrescue-quickassist-platform-41193-41202/frontend_user_website/src/components/layout/Navbar.js", "pattern": "/^function navLinkClass({ isActive }) {$/", "language": "JavaScript", "kind": "function", "signature": "({ isActive })"}, {"_type": "tag", "name": "open", "path": "/home/kavia/workspace/code-generation/roadrescue-quickassist-platform-41193-41202/frontend_user_website/src/components/layout/Navbar.js", "pattern": "/^            aria-expanded={open ? \"true\" : \"false\"}$/", "language": "JavaScript", "kind": "field", "scope": "aria", "scopeKind": "class"}, {"_type": "tag", "name": "open", "path": "/home/kavia/workspace/code-generation/roadrescue-quickassist-platform-41193-41202/frontend_user_website/src/components/layout/Navbar.js", "pattern": "/^            aria-label={open ? \"Close menu\" : \"Open menu\"}$/", "language": "JavaScript", "kind": "field", "scope": "aria", "scopeKind": "class"}], "hash": "5eb987bcbd45edfe7d03c798645effd0", "format-version": 4, "code-base-name": "frontend_user_website", "filename": "frontend_user_website/src/components/layout/Navbar.js", "fields": [{"name": "aria-expanded={open ? \"true\" : \"false\"}", "scope": "aria", "scopeKind": "class", "description": "unavailable"}, {"name": "aria-label={open ? \"Close menu\" : \"Open menu\"}", "scope": "aria", "scopeKind": "class", "description": "unavailable"}]}