{"is_source_file": true, "format": "JavaScript (React JSX)", "description": "This file implements a login page component for a React application, enabling users to sign in with email/password or via Google OAuth. It includes UI elements, event handling, and integration with a data service.", "external_files": ["../components/ui/Card", "../components/ui/Input", "../components/ui/Button", "../services/dataService", "react", "react-router-dom"], "external_methods": ["useNavigate()", "dataService.isSupabaseConfigured()", "dataService.login()", "dataService.loginWithGoogle()"], "published": ["LoginPage"], "classes": [], "methods": [{"name": "submit", "description": "Handles form submission for user login, performs validation, calls data service login, and navigates upon success."}, {"name": "signInWithGoogle", "description": "Initiates Google OAuth sign-in process via data service."}, {"name": "LoginPage({ onAuthed })", "scope": "", "scopeKind": "", "description": "unavailable"}], "calls": ["useNavigate()", "dataService.isSupabaseConfigured()", "dataService.login()", "dataService.loginWithGoogle()"], "search-terms": ["LoginPage React component", "Google OAuth sign-in", "Custom login form", "React useState hooks", "React useMemo hook"], "state": 2, "file_id": 86, "knowledge_revision": 368, "git_revision": "15b5e00133c728e31f7cfdd11b3f578418e3e946", "ctags": [{"_type": "tag", "name": "LoginPage", "path": "/home/kavia/workspace/code-generation/roadrescue-quickassist-platform-41193-41202/frontend_user_website/src/pages/LoginPage.js", "pattern": "/^export function LoginPage({ onAuthed }) {$/", "language": "JavaScript", "kind": "function", "signature": "({ onAuthed })"}, {"_type": "tag", "name": "oauthBusy", "path": "/home/kavia/workspace/code-generation/roadrescue-quickassist-platform-41193-41202/frontend_user_website/src/pages/LoginPage.js", "pattern": "/^            disabled={oauthBusy}$/", "language": "JavaScript", "kind": "field", "scope": "LoginPage.required", "scopeKind": "class"}, {"_type": "tag", "name": "password", "path": "/home/kavia/workspace/code-generation/roadrescue-quickassist-platform-41193-41202/frontend_user_website/src/pages/LoginPage.js", "pattern": "/^            value={password}$/", "language": "JavaScript", "kind": "field", "scope": "LoginPage.value", "scopeKind": "class"}], "hash": "4ca1148681da5ef6e899deb662d921e8", "format-version": 4, "code-base-name": "frontend_user_website", "filename": "frontend_user_website/src/pages/LoginPage.js", "fields": [{"name": "disabled={oauthBusy}", "scope": "LoginPage.required", "scopeKind": "class", "description": "unavailable"}, {"name": "value={password}", "scope": "LoginPage.value", "scopeKind": "class", "description": "unavailable"}], "revision_history": [{"368": "15b5e00133c728e31f7cfdd11b3f578418e3e946"}]}