{"is_source_file": true, "format": "JavaScript", "description": "This file defines a React component 'TwilioSmsDemoCard' that serves as a demo interface for sending SMS messages via Twilio's REST API. It includes configuration, validation, and UI elements for simulating SMS sending in a demo environment with warnings about security and implementation cautions.", "external_files": ["../../config/appConfig", "../ui/Card", "../ui/Input", "../ui/Button"], "external_methods": ["React.useMemo", "React.useState", "fetch", "btoa"], "published": ["TwilioSmsDemoCard"], "classes": [], "methods": [{"name": "getTwilioConfig()", "description": "Retrieves Twilio configuration credentials from environment variables.", "scope": "", "scopeKind": ""}, {"name": "isLikelyE164(phone)", "description": "Performs minimal validation to check if a phone number string is in E.164 format.", "scope": "", "scopeKind": ""}, {"name": "parseTwilioError(response)", "description": "Parses error responses from Twilio API, attempting JSON parsing first, falling back to text.", "scope": "", "scopeKind": ""}, {"name": "TwilioSmsDemoCard({ title = \"SMS Demo\", defaultTo = \"\" })", "scope": "", "scopeKind": "", "description": "unavailable"}], "calls": ["fetch", "btoa", "getTwilioConfig", "isLikelyE164", "parseTwilioError", "setStatus", "setLoading", "setBody", "setTo"], "search-terms": ["TwilioSmsDemoCard", "SMS", "React component", "Twilio API", "demo", "environment variables", "direct API call", "authentication", "phone validation"], "state": 2, "file_id": 77, "knowledge_revision": 424, "git_revision": "adddec63496c05acbad8f707fc07bd60b2d8ca52", "revision_history": [{"360": "0c3d79b311925402e0dd354a955e3011ebb3a8e0"}, {"424": "adddec63496c05acbad8f707fc07bd60b2d8ca52"}], "ctags": [{"_type": "tag", "name": "TwilioSmsDemoCard", "path": "/home/kavia/workspace/code-generation/roadrescue-quickassist-platform-41193-41202/frontend_user_website/src/components/demo/TwilioSmsDemoCard.js", "pattern": "/^export function TwilioSmsDemoCard({ title = \"SMS Demo\", defaultTo = \"\" }) {$/", "language": "JavaScript", "kind": "function", "signature": "({ title = \"SMS Demo\", defaultTo = \"\" })"}, {"_type": "tag", "name": "getTwilioConfig", "path": "/home/kavia/workspace/code-generation/roadrescue-quickassist-platform-41193-41202/frontend_user_website/src/components/demo/TwilioSmsDemoCard.js", "pattern": "/^function getTwilioConfig() {$/", "language": "JavaScript", "kind": "function", "signature": "()"}, {"_type": "tag", "name": "isLikelyE164", "path": "/home/kavia/workspace/code-generation/roadrescue-quickassist-platform-41193-41202/frontend_user_website/src/components/demo/TwilioSmsDemoCard.js", "pattern": "/^function isLikelyE164(phone) {$/", "language": "JavaScript", "kind": "function", "signature": "(phone)"}, {"_type": "tag", "name": "loading", "path": "/home/kavia/workspace/code-generation/roadrescue-quickassist-platform-41193-41202/frontend_user_website/src/components/demo/TwilioSmsDemoCard.js", "pattern": "/^          disabled={loading}$/", "language": "JavaScript", "kind": "field", "scope": "disabled", "scopeKind": "class"}, {"_type": "tag", "name": "parseTwilioError", "path": "/home/kavia/workspace/code-generation/roadrescue-quickassist-platform-41193-41202/frontend_user_website/src/components/demo/TwilioSmsDemoCard.js", "pattern": "/^async function parseTwilioError(response) {$/", "language": "JavaScript", "kind": "function", "signature": "(response)"}, {"_type": "tag", "name": "title", "path": "/home/kavia/workspace/code-generation/roadrescue-quickassist-platform-41193-41202/frontend_user_website/src/components/demo/TwilioSmsDemoCard.js", "pattern": "/^    <Card title={title} subtitle=\"Demo-only: Simulates \u2018Mechanic accepts job\u2019 by sending an /", "language": "JavaScript", "kind": "field", "scope": "TwilioSmsDemoCard.AnonymousClassc65cc0a00101", "scopeKind": "class"}], "hash": "f8ad7355ce96dd9d1a267bbf4e17b60b", "format-version": 4, "code-base-name": "frontend_user_website", "filename": "frontend_user_website/src/components/demo/TwilioSmsDemoCard.js", "fields": [{"name": "disabled={loading}", "scope": "disabled", "scopeKind": "class", "description": "unavailable"}, {"name": "<Card title={title} subtitle=\"Demo-only: Simulates \u2018Mechanic accepts job\u2019 by sending an /", "scope": "TwilioSmsDemoCard.AnonymousClassc65cc0a00101", "scopeKind": "class", "description": "unavailable"}]}