{"is_source_file": true, "format": "JavaScript (React JSX)", "description": "This file defines the 'HomePage' component for a React-based web application. It contains the structure and behavior for the homepage UI, including sections like hero, reasons to choose the service, how it works steps, and a call-to-action band. It uses imported components such as Button and Card, and accesses authentication state via useAuth.", "external_files": ["../components/ui/Button", "../components/ui/Card", "../context/AuthContext", "react", "react-router-dom"], "external_methods": ["useNavigate", "useAuth"], "published": ["HomePage"], "classes": [], "methods": [{"name": "HomePage()", "description": "React functional component rendering the homepage UI with various sections and navigation logic.", "scope": "", "scopeKind": ""}], "calls": ["useNavigate()", "useAuth()", "navigate()"], "search-terms": ["HomePage", "react-router-dom navigation", "useAuth context", "UI components", "homepage layout", "landing page"], "state": 2, "file_id": 108, "knowledge_revision": 561, "git_revision": "e3932056a33468e189c82262e3518ef361ffdecb", "revision_history": [{"535": "9460f7d0c136032955309efdf7db8099b0ca36a0"}, {"544": "e3932056a33468e189c82262e3518ef361ffdecb"}, {"561": "e3932056a33468e189c82262e3518ef361ffdecb"}], "ctags": [{"_type": "tag", "name": "HomePage", "path": "/home/kavia/workspace/code-generation/roadrescue-quickassist-platform-41193-41202/frontend_user_website/src/pages/HomePage.js", "pattern": "/^export function HomePage() {$/", "language": "JavaScript", "kind": "function", "signature": "()"}], "hash": "9f22f571988290cd72b62dbbefe2cac0", "format-version": 4, "code-base-name": "frontend_user_website", "filename": "frontend_user_website/src/pages/HomePage.js"}