{"is_source_file": false, "format": "", "description": "", "external_files": [], "external_methods": [], "published": [], "classes": [], "methods": [], "calls": [], "search-terms": [], "state": 2, "file_id": 75, "knowledge_revision": 388, "git_revision": "e8833468ea993b1576d8d995ce2766b716b5d7b7", "revision_history": [{"354": "2e2af0273f995fe0134fd2d4b766db8201a17ecb"}, {"388": "e8833468ea993b1576d8d995ce2766b716b5d7b7"}], "ctags": [], "hash": "4ad3361c1cdd69076d540244938dc08b", "format-version": 4, "code-base-name": "frontend_user_website", "filename": "frontend_user_website/src/setupTests.js"}