{"is_source_file": true, "format": "JavaScript", "description": "This file sets up and exports a Supabase client configuration for use in a frontend application, including validation of necessary environment variables.", "external_files": ["@supabase/supabase-js", "../config/appConfig"], "external_methods": ["createClient", "appConfig.supabaseUrl", "appConfig.supabaseAnonKey"], "published": ["isSupabaseConfigured", "supabase"], "classes": [], "methods": [{"name": "isSupabaseConfigured()", "description": "Checks if the necessary Supabase configuration variables are set and non-empty.", "scope": "", "scopeKind": ""}, {"name": "assertSupabaseConfigured()", "scope": "", "scopeKind": "", "description": "unavailable"}], "calls": ["assertSupabaseConfigured", "createClient"], "search-terms": ["supabaseClient", "createClient", "supabase", "React environment variables", "appConfig"], "state": 2, "file_id": 72, "knowledge_revision": 429, "git_revision": "15b5e00133c728e31f7cfdd11b3f578418e3e946", "revision_history": [{"349": "15b5e00133c728e31f7cfdd11b3f578418e3e946"}, {"429": "15b5e00133c728e31f7cfdd11b3f578418e3e946"}], "ctags": [{"_type": "tag", "name": "assertSupabaseConfigured", "path": "/home/kavia/workspace/code-generation/roadrescue-quickassist-platform-41193-41202/frontend_user_website/src/services/supabaseClient.js", "pattern": "/^function assertSupabaseConfigured() {$/", "language": "JavaScript", "kind": "function", "signature": "()"}, {"_type": "tag", "name": "isSupabaseConfigured", "path": "/home/kavia/workspace/code-generation/roadrescue-quickassist-platform-41193-41202/frontend_user_website/src/services/supabaseClient.js", "pattern": "/^export function isSupabaseConfigured() {$/", "language": "JavaScript", "kind": "function", "signature": "()"}, {"_type": "tag", "name": "supabase", "path": "/home/kavia/workspace/code-generation/roadrescue-quickassist-platform-41193-41202/frontend_user_website/src/services/supabaseClient.js", "pattern": "/^export const supabase = createClient(appConfig.supabaseUrl, appConfig.supabaseAnonKey);$/", "language": "JavaScript", "kind": "constant"}], "hash": "15cefcde57bb9a72e3465d6d847743cf", "format-version": 4, "code-base-name": "frontend_user_website", "filename": "frontend_user_website/src/services/supabaseClient.js"}