{"is_source_file": false, "format": "", "description": "", "external_files": [], "external_methods": [], "published": [], "classes": [], "methods": [], "calls": [], "search-terms": [], "state": 2, "file_id": 62, "knowledge_revision": 341, "git_revision": "5412a241444e195cdf12cc994387caed46e33bcc", "hash": "a13614407a58e627913a65dc05399023", "format-version": 4, "code-base-name": "frontend_user_website", "filename": "README.md", "revision_history": [{"341": "5412a241444e195cdf12cc994387caed46e33bcc"}]}