{"is_source_file": false, "format": "", "description": "", "external_files": [], "external_methods": [], "published": [], "classes": [], "methods": [], "calls": [], "search-terms": ["README.md", "React apps", "frontend", "run-all.sh", "npm"], "state": 2, "file_id": 62, "knowledge_revision": 414, "git_revision": "5412a241444e195cdf12cc994387caed46e33bcc", "revision_history": [{"341": "5412a241444e195cdf12cc994387caed46e33bcc"}, {"410": "5412a241444e195cdf12cc994387caed46e33bcc"}, {"414": "5412a241444e195cdf12cc994387caed46e33bcc"}], "hash": "fa7a98dae69864b7ec0b53af018c8c6c", "format-version": 4, "code-base-name": "frontend_user_website", "filename": "README.md"}