{"is_source_file": true, "format": "bash script", "description": "This file is a shell script (`run-all.sh`) designed to run all frontends of the RoadRescue QuickAssist platform for local development. It sets environment variables, checks for dependencies, starts multiple frontend applications with custom port configurations, and manages their lifecycle including cleanup on exit.", "external_files": ["frontend_user_website", "../roadrescue-quickassist-platform-41193-41204/frontend_mechanic_portal", "../roadrescue-quickassist-platform-41193-41203/frontend_admin_panel"], "external_methods": ["command -v", "kill", "sleep", "echo", "cd", "npm"], "published": [], "classes": [], "methods": [{"name": "cleanup", "description": "Handles termination signals by killing all child processes spawned by the script, allowing for graceful shutdown."}], "calls": ["command -v npm", "kill -0", "kill", "sleep", "echo", "cd", "npm start", "sed -u"], "search-terms": ["run-all.sh", "start all frontends", "bash script for development", "frontend apps", "trap cleanup"], "state": 2, "file_id": 99, "knowledge_revision": 412, "git_revision": "", "hash": "7e288d702b869e0ee679b590b363bb94", "format-version": 4, "code-base-name": "frontend_user_website", "filename": "run-all.sh", "revision_history": [{"412": ""}]}